{
	"code": "soulgolemmonster",
	"class": "EntityHumanoid",
	canClimb: true,
	"hitboxSize": { x: 1, y: 2 },
	"eyeHeight": 1.8,
	drops: [
			{
				type: "item",
				code: "omniummod:keyparts",
				quantity: { avg: 1.0, var: 0 }
			}
	],
	"client": {
		renderer: "Shape",
		"shape": { "base": "omniummod:entity/land/soulgolem" },
		texture: { "base": "omniummod:entity/dungeon/soulgolem" },
		"behaviors": [
			{ code: "controlledphysics", stepHeight: 1.1251 },
			{ "code": "interpolateposition" },
			{ code: "repulseagents" }, 
			{ code: "floatupwhenstuck", onlyWhenDead: true },
		],
		animations: [
			{
				code: "hurt",
				animation: "hurt", 
				animationSpeed: 2,
				weight: 10,
				blendMode: "AddAverage" 
			},
			{
				code: "die",
				animation: "die", 
				animationSpeed: 1.5,
				weight: 10,
				blendMode: "Average",
				triggeredBy: { onControls: ["dead"] }
			}
			]
	},
	"server": {
		"behaviors": [
			{ code: "controlledphysics", stepHeight: 1.1251 },
			{ code: "repulseagents" },
			{ code: "floatupwhenstuck", onlyWhenDead: true },
			{ "code": "health", "currenthealth": 120, "maxhealth": 120 },
			{ 
				"code": "taskai",
				"aitasks": [
				          {
				            "code": "wander",
				            "priority": 1.0,
				            "movespeed": 0.005,
					    "animation": "run",
    					    animationSpeed: 0.5,
				          },
				          {
						code: "meleeattack",
						entityCodes: ["player"],
						priority: 9,
						damage: 7,
						damageTier: 4,
						damageType: "SlashingAttack",
					        "animation": "attack",
						damagePlayerAtMs: 400,
						attackDurationMs: 1000,
						damagePlayerAtMs: 9,
						animationSpeed: 1,
					  },
					{
						code: "seekentity",
						entityCodes: ["player"],
						priority: 8,
						mincooldown: 400, 
						maxcooldown: 800, 
						movespeed: 0.015,
						seekingRange: 15,
						animationSpeed: 2,
						animation: "run",
					},
					{ 
						code: "lookaround", 
						priority: 0.5,
						maxduration: 500,
						minduration: 500,
						mincooldown: 0,
					        "animation": "idle",
						maxcooldown: 0
					}
				]
			}
		]
	}
}