{
	code: "crop",
	class: "BlockCrop",
	behaviors: [{name: "Unstable"}],
	variantgroups: [
		{ code: "type", states: ["mohn"] },
		{ code: "stage", states: ["1", "2", "3", "4", "5", "6", "7", "8", "9"] },
	],
	creativeinventory: { "general": ["*"], "plants": ["*"], "DieMod": ["*"] },
	renderpass: "OpaqueNoCull",
	shape: { base: "game:block/plant/crop/default*" },
	blockmaterial: "Plant",
	textures: {
		crop: { base: "block/plant/crop/{type}/normal{stage}" },
	},
	attributes: {
		butterflyFeedByType: {
			"*-1": false,
			"*-9": false,
			"*": true
		},
		beeFeedByType: {
			"*": true
		},
		sitHeight: 0.55,
		tickGrowthProbability: 0.05,
		handbook: {
			include: true
		}
	},
	sideopaque: {
		all: false
	},
	sidesolid: {
		all: false
	},
	replaceable: 3000,
	lightAbsorption: 0,
	resistance: 0.5,
	sounds: {
		place: "game:block/plant",
		break: "game:block/plant",
		hit: "game:block/plant"
	},
	rainPermeable: false,
	dropsByType: {
		"*-9": [
			{ type: "item", code: "mohnsamen-mohn", quantity: { avg: 1.05 }  },
			{ type: "item", code: "mohnolsamen-gants", quantity: { var: 1, avg: 3 }  },
		],
		"*": [
			{ type: "item", code: "mohnsamen-mohn", quantity: { avg: 0.5 }  },
		]
	},
	cropProps: {
		"__comment": "http://www.haifa-group.com/knowledge_center/crop_guides/rice/fertilization_practices/",
		requiredNutrient: "P",
		nutrientConsumption: 40,
		growthStages: 9,
		totalGrowthDays: 4.2,
	},
	collisionbox: null,
	selectionbox: { x1: 0.0625, y1: 0, z1: 0.0625, x2: 0.9375, y2: 0.25, z2: 0.9375 },
	materialDensity: 200,
	vertexFlags: {
		grassWindwave: true,
		weakWave: true
	},
	combustibleProps: {
		burnTemperature: 600,
		burnDuration: 10,
	}
}
