{
	"editor": {
		"allAngles": false,
		"entityTextureMode": false
	},
	"textureWidth": 16,
	"textureHeight": 16,
	"textureSizes": {
	},
	"textures": {
		"soul": "entity/boss/soul"
	},
	"elements": [
		{
			"name": "Cube1",
			"from": [ 2.0, 2.0, 2.0 ], 
			"to": [ 14.0, 14.0, 14.0 ], 
			"rotationOrigin": [ 2.0, 2.0, 2.0 ],
			"faces": {
				"north": { "texture": "#soul", "uv": [ 0.0, 0.0, 12.0, 12.0 ] },
				"east": { "texture": "#soul", "uv": [ 0.0, 0.0, 12.0, 12.0 ] },
				"south": { "texture": "#soul", "uv": [ 0.0, 0.0, 12.0, 12.0 ] },
				"west": { "texture": "#soul", "uv": [ 0.0, 0.0, 12.0, 12.0 ] },
				"up": { "texture": "#soul", "uv": [ 0.0, 0.0, 12.0, 12.0 ] },
				"down": { "texture": "#soul", "uv": [ 0.0, 0.0, 12.0, 12.0 ] }
			},
			"children": [
				{
					"name": "Cube2",
					"from": [ 2.0, 2.0, -1.0 ], 
					"to": [ 10.0, 10.0, 0.0 ], 
					"rotationOrigin": [ 2.0, 2.0, -1.0 ],
					"faces": {
						"north": { "texture": "#soul", "uv": [ 0.0, 0.0, 8.0, 8.0 ] },
						"east": { "texture": "#soul", "uv": [ 0.0, 0.0, 1.0, 8.0 ] },
						"south": { "texture": "#soul", "uv": [ 0.0, 0.0, 8.0, 8.0 ] },
						"west": { "texture": "#soul", "uv": [ 0.0, 0.0, 1.0, 8.0 ] },
						"up": { "texture": "#soul", "uv": [ 0.0, 0.0, 8.0, 1.0 ] },
						"down": { "texture": "#soul", "uv": [ 0.0, 0.0, 8.0, 1.0 ] }
					}
				},
				{
					"name": "Cube3",
					"from": [ -1.0, 2.0, 2.0 ], 
					"to": [ 0.0, 10.0, 10.0 ], 
					"rotationOrigin": [ -1.0, 2.0, 2.0 ],
					"faces": {
						"north": { "texture": "#soul", "uv": [ 0.0, 0.0, 1.0, 8.0 ] },
						"east": { "texture": "#soul", "uv": [ 0.0, 0.0, 8.0, 8.0 ] },
						"south": { "texture": "#soul", "uv": [ 0.0, 0.0, 1.0, 8.0 ] },
						"west": { "texture": "#soul", "uv": [ 0.0, 0.0, 8.0, 8.0 ] },
						"up": { "texture": "#soul", "uv": [ 0.0, 0.0, 1.0, 8.0 ] },
						"down": { "texture": "#soul", "uv": [ 0.0, 0.0, 1.0, 8.0 ] }
					}
				},
				{
					"name": "Cube4",
					"from": [ 2.0, 2.0, 12.0 ], 
					"to": [ 10.0, 10.0, 13.0 ], 
					"rotationOrigin": [ 2.0, 2.0, 12.0 ],
					"faces": {
						"north": { "texture": "#soul", "uv": [ 0.0, 0.0, 8.0, 8.0 ] },
						"east": { "texture": "#soul", "uv": [ 0.0, 0.0, 1.0, 8.0 ] },
						"south": { "texture": "#soul", "uv": [ 0.0, 0.0, 8.0, 8.0 ] },
						"west": { "texture": "#soul", "uv": [ 0.0, 0.0, 1.0, 8.0 ] },
						"up": { "texture": "#soul", "uv": [ 0.0, 0.0, 8.0, 1.0 ] },
						"down": { "texture": "#soul", "uv": [ 0.0, 0.0, 8.0, 1.0 ] }
					}
				},
				{
					"name": "Cube5",
					"from": [ 12.0, 2.0, 2.0 ], 
					"to": [ 13.0, 10.0, 10.0 ], 
					"rotationOrigin": [ 12.0, 2.0, 2.0 ],
					"faces": {
						"north": { "texture": "#soul", "uv": [ 0.0, 0.0, 1.0, 8.0 ] },
						"east": { "texture": "#soul", "uv": [ 0.0, 0.0, 8.0, 8.0 ] },
						"south": { "texture": "#soul", "uv": [ 0.0, 0.0, 1.0, 8.0 ] },
						"west": { "texture": "#soul", "uv": [ 0.0, 0.0, 8.0, 8.0 ] },
						"up": { "texture": "#soul", "uv": [ 0.0, 0.0, 1.0, 8.0 ] },
						"down": { "texture": "#soul", "uv": [ 0.0, 0.0, 1.0, 8.0 ] }
					}
				},
				{
					"name": "Cube6",
					"from": [ 2.0, 12.0, 2.0 ], 
					"to": [ 10.0, 13.0, 10.0 ], 
					"rotationOrigin": [ 2.0, 12.0, 2.0 ],
					"faces": {
						"north": { "texture": "#soul", "uv": [ 0.0, 0.0, 8.0, 1.0 ] },
						"east": { "texture": "#soul", "uv": [ 0.0, 0.0, 8.0, 1.0 ] },
						"south": { "texture": "#soul", "uv": [ 0.0, 0.0, 8.0, 1.0 ] },
						"west": { "texture": "#soul", "uv": [ 0.0, 0.0, 8.0, 1.0 ] },
						"up": { "texture": "#soul", "uv": [ 0.0, 0.0, 8.0, 8.0 ] },
						"down": { "texture": "#soul", "uv": [ 0.0, 0.0, 8.0, 8.0 ] }
					}
				},
				{
					"name": "Cube7",
					"from": [ 2.0, -1.0, 2.0 ], 
					"to": [ 10.0, 0.0, 10.0 ], 
					"rotationOrigin": [ 2.0, -1.0, 2.0 ],
					"faces": {
						"north": { "texture": "#soul", "uv": [ 0.0, 0.0, 8.0, 1.0 ] },
						"east": { "texture": "#soul", "uv": [ 0.0, 0.0, 8.0, 1.0 ] },
						"south": { "texture": "#soul", "uv": [ 0.0, 0.0, 8.0, 1.0 ] },
						"west": { "texture": "#soul", "uv": [ 0.0, 0.0, 8.0, 1.0 ] },
						"up": { "texture": "#soul", "uv": [ 0.0, 0.0, 8.0, 8.0 ] },
						"down": { "texture": "#soul", "uv": [ 0.0, 0.0, 8.0, 8.0 ] }
					}
				}
			]
		}
	]}