{
	"editor": {
		"allAngles": false,
		"entityTextureMode": false
	},
	"textureWidth": 16,
	"textureHeight": 16,
	"textureSizes": {
	},
	"textures": {
		"iceblock2": "omniummod:entity/boss/iceblock"
	},
	"elements": [
		{
			"name": "Cube1",
			"from": [ 0.0, 8.0, 0.0 ], 
			"to": [ 16.0, 24.0, 16.0 ], 
			"rotationOrigin": [ 0.0, 8.0, 0.0 ],
			"faces": {
				"north": { "texture": "#iceblock2", "uv": [ 0.0, 0.0, 16.0, 16.0 ] },
				"east": { "texture": "#iceblock2", "uv": [ 0.0, 0.0, 16.0, 16.0 ] },
				"south": { "texture": "#iceblock2", "uv": [ 0.0, 0.0, 16.0, 16.0 ] },
				"west": { "texture": "#iceblock2", "uv": [ 0.0, 0.0, 16.0, 16.0 ] },
				"up": { "texture": "#iceblock2", "uv": [ 0.0, 0.0, 16.0, 16.0 ] },
				"down": { "texture": "#iceblock2", "uv": [ 0.0, 0.0, 16.0, 16.0 ] }
			},
			"children": [
				{
					"name": "Cube2",
					"from": [ -1.0, 1.0, 5.0 ], 
					"to": [ 0.0, 12.0, 15.0 ], 
					"rotationOrigin": [ -1.0, 1.0, 5.0 ],
					"faces": {
						"north": { "texture": "#iceblock2", "uv": [ 0.0, 0.0, 1.0, 11.0 ] },
						"east": { "texture": "#iceblock2", "uv": [ 0.0, 0.0, 10.0, 11.0 ] },
						"south": { "texture": "#iceblock2", "uv": [ 0.0, 0.0, 1.0, 11.0 ] },
						"west": { "texture": "#iceblock2", "uv": [ 0.0, 0.0, 10.0, 11.0 ] },
						"up": { "texture": "#iceblock2", "uv": [ 0.0, 0.0, 1.0, 10.0 ] },
						"down": { "texture": "#iceblock2", "uv": [ 0.0, 0.0, 1.0, 10.0 ] }
					},
					"children": [
						{
							"name": "Cube3",
							"from": [ -1.0, 1.0, -1.0 ], 
							"to": [ 1.0, 5.0, 3.0 ], 
							"rotationOrigin": [ -1.0, 1.0, -1.0 ],
							"faces": {
								"north": { "texture": "#iceblock2", "uv": [ 0.0, 0.0, 2.0, 4.0 ] },
								"east": { "texture": "#iceblock2", "uv": [ 0.0, 0.0, 4.0, 4.0 ] },
								"south": { "texture": "#iceblock2", "uv": [ 0.0, 0.0, 2.0, 4.0 ] },
								"west": { "texture": "#iceblock2", "uv": [ 0.0, 0.0, 4.0, 4.0 ] },
								"up": { "texture": "#iceblock2", "uv": [ 0.0, 0.0, 2.0, 4.0 ] },
								"down": { "texture": "#iceblock2", "uv": [ 0.0, 0.0, 2.0, 4.0 ] }
							}
						}
					]
				},
				{
					"name": "Cube4",
					"from": [ -1.0, 10.0, 1.0 ], 
					"to": [ 0.0, 15.0, 4.0 ], 
					"rotationOrigin": [ -1.0, 10.0, 1.0 ],
					"faces": {
						"north": { "texture": "#iceblock2", "uv": [ 0.0, 0.0, 1.0, 5.0 ] },
						"east": { "texture": "#iceblock2", "uv": [ 0.0, 0.0, 3.0, 5.0 ] },
						"south": { "texture": "#iceblock2", "uv": [ 0.0, 0.0, 1.0, 5.0 ] },
						"west": { "texture": "#iceblock2", "uv": [ 0.0, 0.0, 3.0, 5.0 ] },
						"up": { "texture": "#iceblock2", "uv": [ 0.0, 0.0, 1.0, 3.0 ] },
						"down": { "texture": "#iceblock2", "uv": [ 0.0, 0.0, 1.0, 3.0 ] }
					}
				},
				{
					"name": "Cube5",
					"from": [ 0.0, 16.0, 7.0 ], 
					"to": [ 9.0, 23.0, 16.0 ], 
					"rotationOrigin": [ 0.0, 16.0, 13.0 ],
					"rotationX": -22.5,
					"faces": {
						"north": { "texture": "#iceblock2", "uv": [ 0.0, 0.0, 9.0, 7.0 ] },
						"east": { "texture": "#iceblock2", "uv": [ 0.0, 0.0, 9.0, 7.0 ] },
						"south": { "texture": "#iceblock2", "uv": [ 0.0, 0.0, 9.0, 7.0 ] },
						"west": { "texture": "#iceblock2", "uv": [ 0.0, 0.0, 9.0, 7.0 ] },
						"up": { "texture": "#iceblock2", "uv": [ 0.0, 0.0, 9.0, 9.0 ] },
						"down": { "texture": "#iceblock2", "uv": [ 0.0, 0.0, 9.0, 9.0 ] }
					},
					"children": [
						{
							"name": "Cube6",
							"from": [ 5.0, 7.0, -1.0 ], 
							"to": [ 10.0, 13.0, 3.0 ], 
							"rotationOrigin": [ 5.0, 7.0, -1.0 ],
							"faces": {
								"north": { "texture": "#iceblock2", "uv": [ 0.0, 0.0, 5.0, 6.0 ] },
								"east": { "texture": "#iceblock2", "uv": [ 0.0, 0.0, 4.0, 6.0 ] },
								"south": { "texture": "#iceblock2", "uv": [ 0.0, 0.0, 5.0, 6.0 ] },
								"west": { "texture": "#iceblock2", "uv": [ 0.0, 0.0, 4.0, 6.0 ] },
								"up": { "texture": "#iceblock2", "uv": [ 0.0, 0.0, 5.0, 4.0 ] },
								"down": { "texture": "#iceblock2", "uv": [ 0.0, 0.0, 5.0, 4.0 ] }
							}
						}
					]
				},
				{
					"name": "Cube7",
					"from": [ 8.0, 16.0, 2.0 ], 
					"to": [ 14.0, 23.0, 10.0 ], 
					"rotationOrigin": [ 8.0, 16.0, 2.0 ],
					"faces": {
						"north": { "texture": "#iceblock2", "uv": [ 0.0, 0.0, 6.0, 7.0 ] },
						"east": { "texture": "#iceblock2", "uv": [ 0.0, 0.0, 8.0, 7.0 ] },
						"south": { "texture": "#iceblock2", "uv": [ 0.0, 0.0, 6.0, 7.0 ] },
						"west": { "texture": "#iceblock2", "uv": [ 0.0, 0.0, 8.0, 7.0 ] },
						"up": { "texture": "#iceblock2", "uv": [ 0.0, 0.0, 6.0, 8.0 ] },
						"down": { "texture": "#iceblock2", "uv": [ 0.0, 0.0, 6.0, 8.0 ] }
					}
				},
				{
					"name": "Cube8",
					"from": [ 4.0, -7.0, 4.0 ], 
					"to": [ 10.0, 0.0, 12.0 ], 
					"rotationOrigin": [ 4.0, -7.0, 4.0 ],
					"faces": {
						"north": { "texture": "#iceblock2", "uv": [ 0.0, 0.0, 6.0, 7.0 ] },
						"east": { "texture": "#iceblock2", "uv": [ 0.0, 0.0, 8.0, 7.0 ] },
						"south": { "texture": "#iceblock2", "uv": [ 0.0, 0.0, 6.0, 7.0 ] },
						"west": { "texture": "#iceblock2", "uv": [ 0.0, 0.0, 8.0, 7.0 ] },
						"up": { "texture": "#iceblock2", "uv": [ 0.0, 0.0, 6.0, 8.0 ] },
						"down": { "texture": "#iceblock2", "uv": [ 0.0, 0.0, 6.0, 8.0 ] }
					},
					"children": [
						{
							"name": "Cube9",
							"from": [ 0.0, 1.0, 0.0 ], 
							"to": [ 4.0, 8.0, 3.0 ], 
							"rotationOrigin": [ 0.0, 1.0, 0.0 ],
							"rotationX": -30.0,
							"faces": {
								"north": { "texture": "#iceblock2", "uv": [ 0.0, 0.0, 4.0, 7.0 ] },
								"east": { "texture": "#iceblock2", "uv": [ 0.0, 0.0, 3.0, 7.0 ] },
								"south": { "texture": "#iceblock2", "uv": [ 0.0, 0.0, 4.0, 7.0 ] },
								"west": { "texture": "#iceblock2", "uv": [ 0.0, 0.0, 3.0, 7.0 ] },
								"up": { "texture": "#iceblock2", "uv": [ 0.0, 0.0, 4.0, 3.0 ] },
								"down": { "texture": "#iceblock2", "uv": [ 0.0, 0.0, 4.0, 3.0 ] }
							}
						},
						{
							"name": "Cube10",
							"from": [ 3.0, -3.0, 3.0 ], 
							"to": [ 5.0, 0.0, 5.0 ], 
							"rotationOrigin": [ 3.0, -3.0, 3.0 ],
							"faces": {
								"north": { "texture": "#iceblock2", "uv": [ 0.0, 0.0, 2.0, 3.0 ] },
								"east": { "texture": "#iceblock2", "uv": [ 0.0, 0.0, 2.0, 3.0 ] },
								"south": { "texture": "#iceblock2", "uv": [ 0.0, 0.0, 2.0, 3.0 ] },
								"west": { "texture": "#iceblock2", "uv": [ 0.0, 0.0, 2.0, 3.0 ] },
								"up": { "texture": "#iceblock2", "uv": [ 0.0, 0.0, 2.0, 2.0 ] },
								"down": { "texture": "#iceblock2", "uv": [ 0.0, 0.0, 2.0, 2.0 ] }
							}
						},
						{
							"name": "Cube11",
							"from": [ 6.0, 3.0, 3.0 ], 
							"to": [ 7.0, 6.0, 6.0 ], 
							"rotationOrigin": [ 6.0, 3.0, 3.0 ],
							"faces": {
								"north": { "texture": "#iceblock2", "uv": [ 0.0, 0.0, 1.0, 3.0 ] },
								"east": { "texture": "#iceblock2", "uv": [ 0.0, 0.0, 3.0, 3.0 ] },
								"south": { "texture": "#iceblock2", "uv": [ 0.0, 0.0, 1.0, 3.0 ] },
								"west": { "texture": "#iceblock2", "uv": [ 0.0, 0.0, 3.0, 3.0 ] },
								"up": { "texture": "#iceblock2", "uv": [ 0.0, 0.0, 1.0, 3.0 ] },
								"down": { "texture": "#iceblock2", "uv": [ 0.0, 0.0, 1.0, 3.0 ] }
							}
						}
					]
				},
				{
					"name": "Cube12",
					"from": [ 5.0, 2.0, 16.0 ], 
					"to": [ 15.0, 15.0, 18.0 ], 
					"rotationOrigin": [ 5.0, 2.0, 16.0 ],
					"faces": {
						"north": { "texture": "#iceblock2", "uv": [ 0.0, 0.0, 10.0, 13.0 ] },
						"east": { "texture": "#iceblock2", "uv": [ 0.0, 0.0, 2.0, 13.0 ] },
						"south": { "texture": "#iceblock2", "uv": [ 0.0, 0.0, 10.0, 13.0 ] },
						"west": { "texture": "#iceblock2", "uv": [ 0.0, 0.0, 2.0, 13.0 ] },
						"up": { "texture": "#iceblock2", "uv": [ 0.0, 0.0, 10.0, 2.0 ] },
						"down": { "texture": "#iceblock2", "uv": [ 0.0, 0.0, 10.0, 2.0 ] }
					},
					"children": [
						{
							"name": "Cube13",
							"from": [ -2.0, 5.0, 2.0 ], 
							"to": [ 2.0, 7.0, 3.0 ], 
							"rotationOrigin": [ -2.0, 5.0, 2.0 ],
							"faces": {
								"north": { "texture": "#iceblock2", "uv": [ 0.0, 0.0, 4.0, 2.0 ] },
								"east": { "texture": "#iceblock2", "uv": [ 0.0, 0.0, 1.0, 2.0 ] },
								"south": { "texture": "#iceblock2", "uv": [ 0.0, 0.0, 4.0, 2.0 ] },
								"west": { "texture": "#iceblock2", "uv": [ 0.0, 0.0, 1.0, 2.0 ] },
								"up": { "texture": "#iceblock2", "uv": [ 0.0, 0.0, 4.0, 1.0 ] },
								"down": { "texture": "#iceblock2", "uv": [ 0.0, 0.0, 4.0, 1.0 ] }
							}
						},
						{
							"name": "Cube14",
							"from": [ 7.0, 9.0, 2.0 ], 
							"to": [ 11.0, 12.0, 4.0 ], 
							"rotationOrigin": [ 7.0, 9.0, 2.0 ],
							"faces": {
								"north": { "texture": "#iceblock2", "uv": [ 0.0, 0.0, 4.0, 3.0 ] },
								"east": { "texture": "#iceblock2", "uv": [ 0.0, 0.0, 2.0, 3.0 ] },
								"south": { "texture": "#iceblock2", "uv": [ 0.0, 0.0, 4.0, 3.0 ] },
								"west": { "texture": "#iceblock2", "uv": [ 0.0, 0.0, 2.0, 3.0 ] },
								"up": { "texture": "#iceblock2", "uv": [ 0.0, 0.0, 4.0, 2.0 ] },
								"down": { "texture": "#iceblock2", "uv": [ 0.0, 0.0, 4.0, 2.0 ] }
							}
						}
					]
				},
				{
					"name": "Cube15",
					"from": [ 16.0, 7.0, 7.0 ], 
					"to": [ 17.0, 11.0, 11.0 ], 
					"rotationOrigin": [ 16.0, 7.0, 7.0 ],
					"faces": {
						"north": { "texture": "#iceblock2", "uv": [ 0.0, 0.0, 1.0, 4.0 ] },
						"east": { "texture": "#iceblock2", "uv": [ 0.0, 0.0, 4.0, 4.0 ] },
						"south": { "texture": "#iceblock2", "uv": [ 0.0, 0.0, 1.0, 4.0 ] },
						"west": { "texture": "#iceblock2", "uv": [ 0.0, 0.0, 4.0, 4.0 ] },
						"up": { "texture": "#iceblock2", "uv": [ 0.0, 0.0, 1.0, 4.0 ] },
						"down": { "texture": "#iceblock2", "uv": [ 0.0, 0.0, 1.0, 4.0 ] }
					}
				},
				{
					"name": "Cube16",
					"from": [ 16.0, 10.0, 2.0 ], 
					"to": [ 17.0, 14.0, 6.0 ], 
					"rotationOrigin": [ 16.0, 10.0, 2.0 ],
					"faces": {
						"north": { "texture": "#iceblock2", "uv": [ 0.0, 0.0, 1.0, 4.0 ] },
						"east": { "texture": "#iceblock2", "uv": [ 0.0, 0.0, 4.0, 4.0 ] },
						"south": { "texture": "#iceblock2", "uv": [ 0.0, 0.0, 1.0, 4.0 ] },
						"west": { "texture": "#iceblock2", "uv": [ 0.0, 0.0, 4.0, 4.0 ] },
						"up": { "texture": "#iceblock2", "uv": [ 0.0, 0.0, 1.0, 4.0 ] },
						"down": { "texture": "#iceblock2", "uv": [ 0.0, 0.0, 1.0, 4.0 ] }
					}
				},
				{
					"name": "Cube17",
					"from": [ 16.0, -1.0, 11.0 ], 
					"to": [ 17.0, 3.0, 15.0 ], 
					"rotationOrigin": [ 16.0, -1.0, 11.0 ],
					"faces": {
						"north": { "texture": "#iceblock2", "uv": [ 0.0, 0.0, 1.0, 4.0 ] },
						"east": { "texture": "#iceblock2", "uv": [ 0.0, 0.0, 4.0, 4.0 ] },
						"south": { "texture": "#iceblock2", "uv": [ 0.0, 0.0, 1.0, 4.0 ] },
						"west": { "texture": "#iceblock2", "uv": [ 0.0, 0.0, 4.0, 4.0 ] },
						"up": { "texture": "#iceblock2", "uv": [ 0.0, 0.0, 1.0, 4.0 ] },
						"down": { "texture": "#iceblock2", "uv": [ 0.0, 0.0, 1.0, 4.0 ] }
					}
				},
				{
					"name": "Cube18",
					"from": [ 16.0, 10.0, 9.0 ], 
					"to": [ 17.0, 14.0, 13.0 ], 
					"rotationOrigin": [ 16.0, 10.0, 9.0 ],
					"faces": {
						"north": { "texture": "#iceblock2", "uv": [ 0.0, 0.0, 1.0, 4.0 ] },
						"east": { "texture": "#iceblock2", "uv": [ 0.0, 0.0, 4.0, 4.0 ] },
						"south": { "texture": "#iceblock2", "uv": [ 0.0, 0.0, 1.0, 4.0 ] },
						"west": { "texture": "#iceblock2", "uv": [ 0.0, 0.0, 4.0, 4.0 ] },
						"up": { "texture": "#iceblock2", "uv": [ 0.0, 0.0, 1.0, 4.0 ] },
						"down": { "texture": "#iceblock2", "uv": [ 0.0, 0.0, 1.0, 4.0 ] }
					}
				},
				{
					"name": "Cube19",
					"from": [ 6.0, 3.0, -3.0 ], 
					"to": [ 13.0, 10.0, 0.0 ], 
					"rotationOrigin": [ 6.0, 3.0, -3.0 ],
					"faces": {
						"north": { "texture": "#iceblock2", "uv": [ 0.0, 0.0, 7.0, 7.0 ] },
						"east": { "texture": "#iceblock2", "uv": [ 0.0, 0.0, 3.0, 7.0 ] },
						"south": { "texture": "#iceblock2", "uv": [ 0.0, 0.0, 7.0, 7.0 ] },
						"west": { "texture": "#iceblock2", "uv": [ 0.0, 0.0, 3.0, 7.0 ] },
						"up": { "texture": "#iceblock2", "uv": [ 0.0, 0.0, 7.0, 3.0 ] },
						"down": { "texture": "#iceblock2", "uv": [ 0.0, 0.0, 7.0, 3.0 ] }
					},
					"children": [
						{
							"name": "Cube20",
							"from": [ -4.0, 0.0, 0.0 ], 
							"to": [ 1.0, 3.0, 3.0 ], 
							"rotationOrigin": [ 1.0, 0.0, 0.0 ],
							"rotationY": 22.5,
							"faces": {
								"north": { "texture": "#iceblock2", "uv": [ 0.0, 0.0, 5.0, 3.0 ] },
								"east": { "texture": "#iceblock2", "uv": [ 0.0, 0.0, 3.0, 3.0 ] },
								"south": { "texture": "#iceblock2", "uv": [ 0.0, 0.0, 5.0, 3.0 ] },
								"west": { "texture": "#iceblock2", "uv": [ 0.0, 0.0, 3.0, 3.0 ] },
								"up": { "texture": "#iceblock2", "uv": [ 0.0, 0.0, 5.0, 3.0 ] },
								"down": { "texture": "#iceblock2", "uv": [ 0.0, 0.0, 5.0, 3.0 ] }
							}
						}
					]
				}
			]
		}
	]}