{
	"editor": {
		"allAngles": false,
		"entityTextureMode": false
	},
	"textureWidth": 16,
	"textureHeight": 16,
	"textureSizes": {
	},
	"textures": {
		"scourgethrower": "item/scourgethrower"
	},
	"elements": [
		{
			"name": "Cube1",
			"from": [ 0.0, 0.0, 8.0 ], 
			"to": [ 4.0, 1.0, 9.0 ], 
			"rotationOrigin": [ 0.0, 0.0, 8.0 ],
			"faces": {
				"north": { "texture": "#scourgethrower", "uv": [ 9.5, 7.0, 13.5, 8.0 ] },
				"east": { "texture": "#scourgethrower", "uv": [ 11.5, 7.0, 12.5, 8.0 ] },
				"south": { "texture": "#scourgethrower", "uv": [ 9.0, 6.0, 13.0, 7.0 ] },
				"west": { "texture": "#scourgethrower", "uv": [ 0.0, 0.0, 1.0, 1.0 ] },
				"up": { "texture": "#scourgethrower", "uv": [ 9.0, 7.5, 13.0, 8.5 ] },
				"down": { "texture": "#scourgethrower", "uv": [ 9.0, 7.0, 13.0, 8.0 ] }
			},
			"children": [
				{
					"name": "Cube2",
					"from": [ 3.0, -1.0, 0.25 ], 
					"to": [ 8.0, 2.0, 0.75 ], 
					"rotationOrigin": [ 3.0, -1.0, 0.2 ],
					"faces": {
						"north": { "texture": "#scourgethrower", "uv": [ 0.0, 0.0, 3.0, 1.0 ], "glow": 255, "autoUv": false },
						"east": { "texture": "#scourgethrower", "uv": [ 0.0, 0.0, 0.5, 3.0 ], "glow": 255 },
						"south": { "texture": "#scourgethrower", "uv": [ 0.0, 0.0, 5.0, 3.0 ], "glow": 255 },
						"west": { "texture": "#scourgethrower", "uv": [ 0.0, 0.0, 0.5, 3.0 ], "glow": 255 },
						"up": { "texture": "#scourgethrower", "uv": [ 0.0, 0.0, 5.0, 0.5 ], "glow": 255 },
						"down": { "texture": "#scourgethrower", "uv": [ 0.0, 0.0, 5.0, 0.5 ], "glow": 255 }
					},
					"children": [
						{
							"name": "Cube3",
							"from": [ 5.0, 0.75, 0.125 ], 
							"to": [ 13.0, 2.25, 0.375 ], 
							"rotationOrigin": [ 5.0, 1.0, 0.0 ],
							"faces": {
								"north": { "texture": "#scourgethrower", "uv": [ 0.0, 0.0, 8.0, 1.5 ], "glow": 255 },
								"east": { "texture": "#scourgethrower", "uv": [ 0.0, 0.0, 0.5, 1.5 ], "glow": 255 },
								"south": { "texture": "#scourgethrower", "uv": [ 0.0, 0.0, 8.0, 1.5 ], "glow": 255 },
								"west": { "texture": "#scourgethrower", "uv": [ 0.0, 0.0, 0.5, 1.5 ], "glow": 255 },
								"up": { "texture": "#scourgethrower", "uv": [ 0.0, 0.0, 8.0, 0.5 ], "glow": 255 },
								"down": { "texture": "#scourgethrower", "uv": [ 0.0, 0.0, 8.0, 0.5 ], "glow": 255 }
							}
						}
					]
				}
			]
		}
	]}