{
	"editor": {
		"allAngles": false,
		"entityTextureMode": false
	},
	"textureWidth": 16,
	"textureHeight": 16,
	"textureSizes": {
	},
	"textures": {
		"herz": "entity/temporalstorm/souldrinker/herz",
		"souldrinker": "entity/temporalstorm/souldrinker/souldrinker"
	},
	"elements": [
		{
			"name": "Cube10",
			"from": [ 7.0, 4.0, 7.0 ], 
			"to": [ 11.0, 8.0, 11.0 ], 
			"rotationOrigin": [ 7.0, 4.0, 7.0 ],
			"faces": {
				"north": { "texture": "#herz", "uv": [ 0.0, 0.0, 4.0, 4.0 ] },
				"east": { "texture": "#herz", "uv": [ 0.0, 0.0, 4.0, 4.0 ] },
				"south": { "texture": "#herz", "uv": [ 0.0, 0.0, 4.0, 4.0 ] },
				"west": { "texture": "#herz", "uv": [ 0.0, 0.0, 4.0, 4.0 ] },
				"up": { "texture": "#herz", "uv": [ 0.0, 0.0, 4.0, 4.0 ] },
				"down": { "texture": "#herz", "uv": [ 0.0, 0.0, 4.0, 4.0 ] }
			},
			"children": [
				{
					"name": "Cube11",
					"from": [ -1.0, 3.0, 0.0 ], 
					"to": [ 1.0, 5.0, 3.0 ], 
					"rotationOrigin": [ -1.0, 3.0, 0.0 ],
					"faces": {
						"north": { "texture": "#herz", "uv": [ 0.0, 0.0, 2.0, 2.0 ] },
						"east": { "texture": "#herz", "uv": [ 0.0, 0.0, 3.0, 2.0 ] },
						"south": { "texture": "#herz", "uv": [ 0.0, 0.0, 2.0, 2.0 ] },
						"west": { "texture": "#herz", "uv": [ 0.0, 0.0, 3.0, 2.0 ] },
						"up": { "texture": "#herz", "uv": [ 0.0, 0.0, 2.0, 3.0 ] },
						"down": { "texture": "#herz", "uv": [ 0.0, 0.0, 2.0, 3.0 ] }
					}
				},
				{
					"name": "Cube12",
					"from": [ 3.0, 3.0, 1.0 ], 
					"to": [ 5.0, 6.0, 4.0 ], 
					"rotationOrigin": [ 3.0, 3.0, 1.0 ],
					"faces": {
						"north": { "texture": "#herz", "uv": [ 0.0, 0.0, 2.0, 3.0 ] },
						"east": { "texture": "#herz", "uv": [ 0.0, 0.0, 3.0, 3.0 ] },
						"south": { "texture": "#herz", "uv": [ 0.0, 0.0, 2.0, 3.0 ] },
						"west": { "texture": "#herz", "uv": [ 0.0, 0.0, 3.0, 3.0 ] },
						"up": { "texture": "#herz", "uv": [ 0.0, 0.0, 2.0, 3.0 ] },
						"down": { "texture": "#herz", "uv": [ 0.0, 0.0, 2.0, 3.0 ] }
					}
				},
				{
					"name": "Cube1",
					"from": [ -6.0, -4.0, -6.0 ], 
					"to": [ 8.0, 12.0, 8.0 ], 
					"rotationOrigin": [ -6.0, -4.0, -6.0 ],
					"faces": {
						"north": { "texture": "#souldrinker", "uv": [ 0.0, 0.0, 14.0, 16.0 ] },
						"east": { "texture": "#souldrinker", "uv": [ 0.0, 0.0, 14.0, 16.0 ] },
						"south": { "texture": "#souldrinker", "uv": [ 0.0, 0.0, 14.0, 16.0 ] },
						"west": { "texture": "#souldrinker", "uv": [ 0.0, 0.0, 14.0, 16.0 ] },
						"up": { "texture": "#souldrinker", "uv": [ 0.0, 0.0, 4.0, 3.0 ], "autoUv": false },
						"down": { "texture": "#souldrinker", "uv": [ 0.0, 0.0, 4.0, 4.0 ], "autoUv": false }
					},
					"children": [
						{
							"name": "Cube2",
							"from": [ 1.0, 16.0, 1.0 ], 
							"to": [ 13.0, 19.0, 13.0 ], 
							"rotationOrigin": [ 1.0, 16.0, 1.0 ],
							"faces": {
								"north": { "texture": "#souldrinker", "uv": [ 0.0, 0.0, 12.0, 3.0 ] },
								"east": { "texture": "#souldrinker", "uv": [ 0.0, 0.0, 12.0, 3.0 ] },
								"south": { "texture": "#souldrinker", "uv": [ 0.0, 0.0, 12.0, 3.0 ] },
								"west": { "texture": "#souldrinker", "uv": [ 0.0, 0.0, 12.0, 3.0 ] },
								"up": { "texture": "#souldrinker", "uv": [ 0.0, 0.0, 4.0, 4.0 ], "autoUv": false },
								"down": { "texture": "#souldrinker", "uv": [ 0.0, 0.0, 4.0, 4.0 ], "autoUv": false }
							},
							"children": [
								{
									"name": "Cube3",
									"from": [ 4.0, 2.0, 4.0 ], 
									"to": [ 8.0, 9.0, 8.0 ], 
									"rotationOrigin": [ 4.0, 2.0, 4.0 ],
									"faces": {
										"north": { "texture": "#souldrinker", "uv": [ 0.0, 0.0, 4.0, 7.0 ] },
										"east": { "texture": "#souldrinker", "uv": [ 0.0, 0.0, 4.0, 7.0 ] },
										"south": { "texture": "#souldrinker", "uv": [ 0.0, 0.0, 4.0, 7.0 ] },
										"west": { "texture": "#souldrinker", "uv": [ 0.0, 0.0, 4.0, 7.0 ] },
										"up": { "texture": "#souldrinker", "uv": [ 0.0, 0.0, 4.0, 4.0 ] },
										"down": { "texture": "#souldrinker", "uv": [ 0.0, 0.0, 4.0, 4.0 ] }
									}
								}
							]
						},
						{
							"name": "Cube4",
							"from": [ 1.0, -2.0, 1.0 ], 
							"to": [ 13.0, 0.0, 13.0 ], 
							"rotationOrigin": [ 1.0, -2.0, 1.0 ],
							"faces": {
								"north": { "texture": "#souldrinker", "uv": [ 0.0, 0.0, 12.0, 2.0 ], "autoUv": false },
								"east": { "texture": "#souldrinker", "uv": [ 0.0, 0.0, 12.0, 2.0 ] },
								"south": { "texture": "#souldrinker", "uv": [ 0.0, 0.0, 12.0, 2.0 ] },
								"west": { "texture": "#souldrinker", "uv": [ 0.0, 0.0, 12.0, 2.0 ] },
								"up": { "texture": "#souldrinker", "uv": [ 9.5, 12.0, 15.5, 16.0 ], "autoUv": false },
								"down": { "texture": "#souldrinker", "uv": [ 11.5, 10.5, 15.5, 15.5 ], "autoUv": false }
							},
							"children": [
								{
									"name": "Cube5",
									"from": [ 4.0, -2.0, 4.0 ], 
									"to": [ 8.0, 0.0, 8.0 ], 
									"rotationOrigin": [ 4.0, -2.0, 4.0 ],
									"faces": {
										"north": { "texture": "#souldrinker", "uv": [ 0.0, 0.0, 4.0, 2.0 ] },
										"east": { "texture": "#souldrinker", "uv": [ 0.0, 0.0, 4.0, 2.0 ] },
										"south": { "texture": "#souldrinker", "uv": [ 0.0, 0.0, 4.0, 2.0 ] },
										"west": { "texture": "#souldrinker", "uv": [ 0.0, 0.0, 4.0, 2.0 ] },
										"up": { "texture": "#souldrinker", "uv": [ 0.0, 0.0, 4.0, 4.0 ] },
										"down": { "texture": "#souldrinker", "uv": [ 0.0, 0.0, 4.0, 4.0 ] }
									}
								}
							]
						},
						{
							"name": "Cube6",
							"from": [ -15.0, 8.0, 7.0 ], 
							"to": [ -6.0, 9.0, 9.0 ], 
							"rotationOrigin": [ 9.0, 8.0, 7.0 ],
							"faces": {
								"north": { "texture": "#souldrinker", "uv": [ 0.0, 0.0, 9.0, 1.0 ] },
								"east": { "texture": "#souldrinker", "uv": [ 0.0, 0.0, 2.0, 1.0 ] },
								"south": { "texture": "#souldrinker", "uv": [ 0.0, 0.0, 9.0, 1.0 ] },
								"west": { "texture": "#souldrinker", "uv": [ 0.0, 0.0, 2.0, 1.0 ] },
								"up": { "texture": "#souldrinker", "uv": [ 0.0, 0.0, 9.0, 2.0 ] },
								"down": { "texture": "#souldrinker", "uv": [ 0.0, 0.0, 9.0, 2.0 ] }
							}
						},
						{
							"name": "Cube7",
							"from": [ 7.0, 8.0, -15.0 ], 
							"to": [ 9.0, 9.0, -6.0 ], 
							"rotationOrigin": [ 9.0, 8.0, 9.0 ],
							"faces": {
								"north": { "texture": "#souldrinker", "uv": [ 0.0, 0.0, 9.0, 1.0 ] },
								"east": { "texture": "#souldrinker", "uv": [ 0.0, 0.0, 2.0, 1.0 ] },
								"south": { "texture": "#souldrinker", "uv": [ 0.0, 0.0, 9.0, 1.0 ] },
								"west": { "texture": "#souldrinker", "uv": [ 0.0, 0.0, 2.0, 1.0 ] },
								"up": { "texture": "#souldrinker", "uv": [ 0.0, 0.0, 9.0, 2.0 ] },
								"down": { "texture": "#souldrinker", "uv": [ 0.0, 0.0, 9.0, 2.0 ] }
							}
						},
						{
							"name": "Cube8",
							"from": [ 22.0, 8.0, 7.0 ], 
							"to": [ 31.0, 9.0, 9.0 ], 
							"rotationOrigin": [ 7.0, 8.0, 9.0 ],
							"faces": {
								"north": { "texture": "#souldrinker", "uv": [ 0.0, 0.0, 1.5, 1.0 ] },
								"east": { "texture": "#souldrinker", "uv": [ 0.0, 0.0, 8.5, 1.0 ] },
								"south": { "texture": "#souldrinker", "uv": [ 0.0, 0.0, 1.5, 1.0 ] },
								"west": { "texture": "#souldrinker", "uv": [ 0.0, 0.0, 8.5, 1.0 ] },
								"up": { "texture": "#souldrinker", "uv": [ 0.0, 0.0, 1.5, 8.5 ] },
								"down": { "texture": "#souldrinker", "uv": [ 0.0, 0.0, 1.5, 8.5 ] }
							}
						},
						{
							"name": "Cube9",
							"from": [ 7.0, 8.0, 22.0 ], 
							"to": [ 9.0, 9.0, 31.0 ], 
							"rotationOrigin": [ 7.0, 8.0, 7.0 ],
							"faces": {
								"north": { "texture": "#souldrinker", "uv": [ 0.0, 0.0, 8.5, 1.0 ] },
								"east": { "texture": "#souldrinker", "uv": [ 0.0, 0.0, 1.5, 1.0 ] },
								"south": { "texture": "#souldrinker", "uv": [ 0.0, 0.0, 8.5, 1.0 ] },
								"west": { "texture": "#souldrinker", "uv": [ 0.0, 0.0, 1.5, 1.0 ] },
								"up": { "texture": "#souldrinker", "uv": [ 0.0, 0.0, 8.5, 1.5 ] },
								"down": { "texture": "#souldrinker", "uv": [ 0.0, 0.0, 8.5, 1.5 ] }
							}
						}
					],
					"attachmentpoints": [
						{
							"code": "Point1",
							"posX": "0.0","posY": "0.0","posZ": "0.0",
							"rotationX": "0.0","rotationY": "0.0","rotationZ": "0.0"
						},
						{
							"code": "Point2",
							"posX": "16.0","posY": "16.0","posZ": "16.0",
							"rotationX": "0.0","rotationY": "0.0","rotationZ": "0.0"
						}
					]
				}
			]
		}
	],
	"animations": [
		{
			"name": "Rotate",
			"code": "rotate",
			"quantityframes": 30,
			"onActivityStopped": "PlayTillEnd",
			"onAnimationEnd": "Repeat",
			"keyframes": [
				{
					"frame": 0,
					"elements": {
						"Cube1": {  },
						"Cube9": { "rotationX": 0.0, "rotationY": 180.0, "rotationZ": 0.0 },
						"Cube8": { "rotationX": 0.0, "rotationY": 180.0, "rotationZ": 0.0 },
						"Cube7": { "rotationX": 0.0, "rotationY": 180.0, "rotationZ": 0.0 },
						"Cube6": { "rotationX": 0.0, "rotationY": 180.0, "rotationZ": 0.0 }
					}
				},
				{
					"frame": 29,
					"elements": {
						"Cube1": {  },
						"Cube7": { "rotationX": 0.0, "rotationY": 0.0, "rotationZ": 0.0 },
						"Cube8": { "rotationX": 0.0, "rotationY": 0.0, "rotationZ": 0.0 },
						"Cube9": { "rotationX": 0.0, "rotationY": 0.0, "rotationZ": 0.0 },
						"Cube6": { "rotationX": 0.0, "rotationY": 0.0, "rotationZ": 0.0 }
					}
				}
			]
		}
	]
}