{
	code: "mushroomrootedstone",
	storageFlags: 5,
	variantgroups: [
		{ code: "rock", loadFromProperties: "game:block/rockwithdeposit" },
	],
	creativeinventory: { "general": ["*"], "terrain": ["*"], "construction": ["*"], "DieMod": ["*"] },
        "drawtype": "cube",
	blockmaterial: "Soil",
	frostable: true,
	replaceable: 0,
	fertility: 100,
	resistance: 1.5,
	textures: {
		all: { base: "game:block/stone/rock/{rock}*" },
	},
	tpHandTransform: {
		translation: { x: -1.2, y: -1.1, z: -0.8 },
		rotation: { x: -2, y: 25, z: -78 },
		scale: 0.37
	}
}