{
	"editor": {
		"allAngles": false,
		"entityTextureMode": false
	},
	"textureWidth": 16,
	"textureHeight": 16,
	"textureSizes": {
	},
	"textures": {
		"stipe": "omniummod:block/plant/mushroom/hohlenpilz/stipe"
	},
	"elements": [
		{
			"name": "Cube1",
			"from": [ 7.0, 0.0, 8.0 ], 
			"to": [ 8.0, 2.0, 9.0 ], 
			"rotationOrigin": [ 7.0, 0.0, 8.0 ],
			"faces": {
				"north": { "texture": "#stipe", "uv": [ 0.0, 0.0, 1.0, 2.0 ] },
				"east": { "texture": "#stipe", "uv": [ 0.0, 0.0, 1.0, 2.0 ] },
				"south": { "texture": "#stipe", "uv": [ 0.0, 0.0, 1.0, 2.0 ] },
				"west": { "texture": "#stipe", "uv": [ 0.0, 0.0, 1.0, 2.0 ] },
				"up": { "texture": "#stipe", "uv": [ 0.0, 0.0, 1.0, 1.0 ] },
				"down": { "texture": "#stipe", "uv": [ 0.0, 0.0, 1.0, 1.0 ] }
			}
		},
		{
			"name": "Cube7",
			"from": [ 2.1, 0.0, 2.4 ], 
			"to": [ 2.4, 0.7, 2.7 ], 
			"rotationOrigin": [ 2.1, 0.0, 2.4 ],
			"faces": {
				"north": { "texture": "#stipe", "uv": [ 0.0, 0.0, 0.5, 0.5 ] },
				"east": { "texture": "#stipe", "uv": [ 0.0, 0.0, 0.5, 0.5 ] },
				"south": { "texture": "#stipe", "uv": [ 0.0, 0.0, 0.5, 0.5 ] },
				"west": { "texture": "#stipe", "uv": [ 0.0, 0.0, 0.5, 0.5 ] },
				"up": { "texture": "#stipe", "uv": [ 0.0, 0.0, 0.5, 0.5 ] },
				"down": { "texture": "#stipe", "uv": [ 0.0, 0.0, 0.5, 0.5 ] }
			}
		},
		{
			"name": "Cube13",
			"from": [ 12.2, 0.0, 8.8 ], 
			"to": [ 12.8, 0.6, 9.4 ], 
			"rotationOrigin": [ 12.2, 0.0, 8.8 ],
			"faces": {
				"north": { "texture": "#stipe", "uv": [ 0.0, 0.0, 0.5, 0.5 ] },
				"east": { "texture": "#stipe", "uv": [ 0.0, 0.0, 0.5, 0.5 ] },
				"south": { "texture": "#stipe", "uv": [ 0.0, 0.0, 0.5, 0.5 ] },
				"west": { "texture": "#stipe", "uv": [ 0.0, 0.0, 0.5, 0.5 ] },
				"up": { "texture": "#stipe", "uv": [ 0.0, 0.0, 0.5, 0.5 ] },
				"down": { "texture": "#stipe", "uv": [ 0.0, 0.0, 0.5, 0.5 ] }
			}
		}
	]}