{
	"editor": {
		"allAngles": false,
		"entityTextureMode": false
	},
	"textureWidth": 16,
	"textureHeight": 16,
	"textureSizes": {
	},
	"textures": {
		"hut": "omniummod:block/plant/mushroom/hohlenpilz/hut",
		"stipe": "omniummod:block/plant/mushroom/hohlenpilz/stipe"
	},
	"elements": [
		{
			"name": "Cube1",
			"from": [ 7.0, 0.0, 8.0 ], 
			"to": [ 8.0, 6.0, 9.0 ], 
			"rotationOrigin": [ 7.0, 0.0, 8.0 ],
			"faces": {
				"north": { "texture": "#stipe", "uv": [ 0.0, 0.0, 1.0, 6.0 ] },
				"east": { "texture": "#stipe", "uv": [ 0.0, 0.0, 1.0, 6.0 ] },
				"south": { "texture": "#stipe", "uv": [ 0.0, 0.0, 1.0, 6.0 ] },
				"west": { "texture": "#stipe", "uv": [ 0.0, 0.0, 1.0, 6.0 ] },
				"up": { "texture": "#stipe", "uv": [ 0.0, 0.0, 1.0, 1.0 ] },
				"down": { "texture": "#stipe", "uv": [ 0.0, 0.0, 1.0, 1.0 ] }
			},
			"children": [
				{
					"name": "Cube2",
					"from": [ -2.0, 4.0, 2.0 ], 
					"to": [ 3.0, 6.0, 3.0 ], 
					"rotationOrigin": [ -2.0, 4.0, 2.0 ],
					"faces": {
						"north": { "texture": "#hut", "uv": [ 0.0, 0.0, 5.0, 2.0 ], "glow": 100 },
						"east": { "texture": "#hut", "uv": [ 0.0, 0.0, 1.0, 2.0 ] },
						"south": { "texture": "#hut", "uv": [ 0.0, 0.0, 5.0, 2.0 ] },
						"west": { "texture": "#hut", "uv": [ 0.0, 0.0, 1.0, 2.0 ] },
						"up": { "texture": "#hut", "uv": [ 0.0, 0.0, 5.0, 1.0 ] },
						"down": { "texture": "#hut", "uv": [ 0.0, 0.0, 5.0, 1.0 ] }
					}
				},
				{
					"name": "Cube3",
					"from": [ -2.0, 4.0, -2.0 ], 
					"to": [ 3.0, 6.0, -1.0 ], 
					"rotationOrigin": [ -2.0, 4.0, -2.0 ],
					"faces": {
						"north": { "texture": "#hut", "uv": [ 0.0, 0.0, 5.0, 2.0 ], "glow": 100 },
						"east": { "texture": "#hut", "uv": [ 0.0, 0.0, 1.0, 2.0 ] },
						"south": { "texture": "#hut", "uv": [ 0.0, 0.0, 5.0, 2.0 ] },
						"west": { "texture": "#hut", "uv": [ 0.0, 0.0, 1.0, 2.0 ] },
						"up": { "texture": "#hut", "uv": [ 0.0, 0.0, 5.0, 1.0 ] },
						"down": { "texture": "#hut", "uv": [ 0.0, 0.0, 5.0, 1.0 ] }
					}
				},
				{
					"name": "Cube4",
					"from": [ 2.0, 4.0, -1.0 ], 
					"to": [ 3.0, 6.0, 2.0 ], 
					"rotationOrigin": [ 2.0, 4.0, -1.0 ],
					"faces": {
						"north": { "texture": "#hut", "uv": [ 0.0, 0.0, 1.0, 2.0 ], "glow": 100 },
						"east": { "texture": "#hut", "uv": [ 0.0, 0.0, 3.0, 2.0 ] },
						"south": { "texture": "#hut", "uv": [ 0.0, 0.0, 1.0, 2.0 ] },
						"west": { "texture": "#hut", "uv": [ 0.0, 0.0, 3.0, 2.0 ] },
						"up": { "texture": "#hut", "uv": [ 0.0, 0.0, 1.0, 3.0 ] },
						"down": { "texture": "#hut", "uv": [ 0.0, 0.0, 1.0, 3.0 ] }
					}
				},
				{
					"name": "Cube5",
					"from": [ -2.0, 4.0, -1.0 ], 
					"to": [ -1.0, 6.0, 2.0 ], 
					"rotationOrigin": [ -2.0, 4.0, -1.0 ],
					"faces": {
						"north": { "texture": "#hut", "uv": [ 0.0, 0.0, 1.0, 2.0 ], "glow": 100 },
						"east": { "texture": "#hut", "uv": [ 0.0, 0.0, 3.0, 2.0 ] },
						"south": { "texture": "#hut", "uv": [ 0.0, 0.0, 1.0, 2.0 ] },
						"west": { "texture": "#hut", "uv": [ 0.0, 0.0, 3.0, 2.0 ] },
						"up": { "texture": "#hut", "uv": [ 0.0, 0.0, 1.0, 3.0 ] },
						"down": { "texture": "#hut", "uv": [ 0.0, 0.0, 1.0, 3.0 ] }
					}
				},
				{
					"name": "Cube6",
					"from": [ -1.0, 6.0, -1.0 ], 
					"to": [ 2.0, 7.0, 2.0 ], 
					"rotationOrigin": [ -1.0, 6.0, -1.0 ],
					"faces": {
						"north": { "texture": "#hut", "uv": [ 0.0, 0.0, 3.0, 1.0 ], "glow": 100 },
						"east": { "texture": "#hut", "uv": [ 0.0, 0.0, 3.0, 1.0 ] },
						"south": { "texture": "#hut", "uv": [ 0.0, 0.0, 3.0, 1.0 ] },
						"west": { "texture": "#hut", "uv": [ 0.0, 0.0, 3.0, 1.0 ] },
						"up": { "texture": "#hut", "uv": [ 0.0, 0.0, 3.0, 3.0 ] },
						"down": { "texture": "#hut", "uv": [ 0.0, 0.0, 3.0, 3.0 ] }
					}
				}
			]
		},
		{
			"name": "Cube7",
			"from": [ 2.1, 0.0, 2.4 ], 
			"to": [ 2.4, 1.8, 2.7 ], 
			"rotationOrigin": [ 2.1, 0.0, 2.4 ],
			"faces": {
				"north": { "texture": "#stipe", "uv": [ 0.0, 0.0, 0.3, 1.8 ] },
				"east": { "texture": "#stipe", "uv": [ 0.0, 0.0, 0.3, 1.8 ] },
				"south": { "texture": "#stipe", "uv": [ 0.0, 0.0, 0.3, 1.8 ] },
				"west": { "texture": "#stipe", "uv": [ 0.0, 0.0, 0.3, 1.8 ] },
				"up": { "texture": "#stipe", "uv": [ 0.0, 0.0, 0.3, 0.3 ] },
				"down": { "texture": "#stipe", "uv": [ 0.0, 0.0, 0.3, 0.3 ] }
			},
			"children": [
				{
					"name": "Cube8",
					"from": [ -0.6, 1.2, 0.6 ], 
					"to": [ 0.9, 1.8, 0.9 ], 
					"rotationOrigin": [ -0.6, 1.2, 0.6 ],
					"faces": {
						"north": { "texture": "#hut", "uv": [ 0.0, 0.0, 1.5, 0.6 ], "glow": 100 },
						"east": { "texture": "#hut", "uv": [ 0.0, 0.0, 0.3, 0.6 ] },
						"south": { "texture": "#hut", "uv": [ 0.0, 0.0, 1.5, 0.6 ] },
						"west": { "texture": "#hut", "uv": [ 0.0, 0.0, 0.3, 0.6 ] },
						"up": { "texture": "#hut", "uv": [ 0.0, 0.0, 1.5, 0.3 ] },
						"down": { "texture": "#hut", "uv": [ 0.0, 0.0, 1.5, 0.3 ] }
					}
				},
				{
					"name": "Cube9",
					"from": [ -0.6, 1.2, -0.6 ], 
					"to": [ 0.9, 1.8, -0.3 ], 
					"rotationOrigin": [ -0.6, 1.2, -0.6 ],
					"faces": {
						"north": { "texture": "#hut", "uv": [ 0.0, 0.0, 1.5, 0.6 ], "glow": 100 },
						"east": { "texture": "#hut", "uv": [ 0.0, 0.0, 0.3, 0.6 ] },
						"south": { "texture": "#hut", "uv": [ 0.0, 0.0, 1.5, 0.6 ] },
						"west": { "texture": "#hut", "uv": [ 0.0, 0.0, 0.3, 0.6 ] },
						"up": { "texture": "#hut", "uv": [ 0.0, 0.0, 1.5, 0.3 ] },
						"down": { "texture": "#hut", "uv": [ 0.0, 0.0, 1.5, 0.3 ] }
					}
				},
				{
					"name": "Cube10",
					"from": [ 0.6, 1.2, -0.3 ], 
					"to": [ 0.9, 1.8, 0.6 ], 
					"rotationOrigin": [ 0.6, 1.2, -0.3 ],
					"faces": {
						"north": { "texture": "#hut", "uv": [ 0.0, 0.0, 0.3, 0.6 ], "glow": 100 },
						"east": { "texture": "#hut", "uv": [ 0.0, 0.0, 0.9, 0.6 ] },
						"south": { "texture": "#hut", "uv": [ 0.0, 0.0, 0.3, 0.6 ] },
						"west": { "texture": "#hut", "uv": [ 0.0, 0.0, 0.9, 0.6 ] },
						"up": { "texture": "#hut", "uv": [ 0.0, 0.0, 0.3, 0.9 ] },
						"down": { "texture": "#hut", "uv": [ 0.0, 0.0, 0.3, 0.9 ] }
					}
				},
				{
					"name": "Cube11",
					"from": [ -0.6, 1.2, -0.3 ], 
					"to": [ -0.3, 1.8, 0.6 ], 
					"rotationOrigin": [ -0.6, 1.2, -0.3 ],
					"faces": {
						"north": { "texture": "#hut", "uv": [ 0.0, 0.0, 0.3, 0.6 ], "glow": 100 },
						"east": { "texture": "#hut", "uv": [ 0.0, 0.0, 0.9, 0.6 ] },
						"south": { "texture": "#hut", "uv": [ 0.0, 0.0, 0.3, 0.6 ] },
						"west": { "texture": "#hut", "uv": [ 0.0, 0.0, 0.9, 0.6 ] },
						"up": { "texture": "#hut", "uv": [ 0.0, 0.0, 0.3, 0.9 ] },
						"down": { "texture": "#hut", "uv": [ 0.0, 0.0, 0.3, 0.9 ] }
					}
				},
				{
					"name": "Cube12",
					"from": [ -0.3, 1.8, -0.3 ], 
					"to": [ 0.6, 2.1, 0.6 ], 
					"rotationOrigin": [ -0.3, 1.8, -0.3 ],
					"faces": {
						"north": { "texture": "#hut", "uv": [ 0.0, 0.0, 0.9, 0.3 ], "glow": 100 },
						"east": { "texture": "#hut", "uv": [ 0.0, 0.0, 0.9, 0.3 ] },
						"south": { "texture": "#hut", "uv": [ 0.0, 0.0, 0.9, 0.3 ] },
						"west": { "texture": "#hut", "uv": [ 0.0, 0.0, 0.9, 0.3 ] },
						"up": { "texture": "#hut", "uv": [ 0.0, 0.0, 0.9, 0.9 ] },
						"down": { "texture": "#hut", "uv": [ 0.0, 0.0, 0.9, 0.9 ] }
					}
				}
			]
		},
		{
			"name": "Cube13",
			"from": [ 12.2, 0.0, 8.8 ], 
			"to": [ 12.8, 3.6, 9.4 ], 
			"rotationOrigin": [ 12.2, 0.0, 8.8 ],
			"faces": {
				"north": { "texture": "#stipe", "uv": [ 0.0, 0.0, 0.5, 3.5 ] },
				"east": { "texture": "#stipe", "uv": [ 0.0, 0.0, 0.5, 3.5 ] },
				"south": { "texture": "#stipe", "uv": [ 0.0, 0.0, 0.5, 3.5 ] },
				"west": { "texture": "#stipe", "uv": [ 0.0, 0.0, 0.5, 3.5 ] },
				"up": { "texture": "#stipe", "uv": [ 0.0, 0.0, 0.5, 0.5 ] },
				"down": { "texture": "#stipe", "uv": [ 0.0, 0.0, 0.5, 0.5 ] }
			},
			"children": [
				{
					"name": "Cube14",
					"from": [ -1.2, 2.4, 1.2 ], 
					"to": [ 1.8, 3.6, 1.8 ], 
					"rotationOrigin": [ -1.2, 2.4, 1.2 ],
					"faces": {
						"north": { "texture": "#hut", "uv": [ 0.0, 0.0, 3.0, 1.0 ], "glow": 100 },
						"east": { "texture": "#hut", "uv": [ 0.0, 0.0, 1.0, 1.0 ] },
						"south": { "texture": "#hut", "uv": [ 0.0, 0.0, 3.0, 1.0 ] },
						"west": { "texture": "#hut", "uv": [ 0.0, 0.0, 1.0, 1.0 ] },
						"up": { "texture": "#hut", "uv": [ 0.0, 0.0, 3.0, 1.0 ] },
						"down": { "texture": "#hut", "uv": [ 0.0, 0.0, 3.0, 1.0 ] }
					}
				},
				{
					"name": "Cube15",
					"from": [ -1.2, 2.4, -1.2 ], 
					"to": [ 1.8, 3.6, -0.6 ], 
					"rotationOrigin": [ -1.2, 2.4, -1.2 ],
					"faces": {
						"north": { "texture": "#hut", "uv": [ 0.0, 0.0, 3.0, 1.0 ], "glow": 100 },
						"east": { "texture": "#hut", "uv": [ 0.0, 0.0, 1.0, 1.0 ] },
						"south": { "texture": "#hut", "uv": [ 0.0, 0.0, 3.0, 1.0 ] },
						"west": { "texture": "#hut", "uv": [ 0.0, 0.0, 1.0, 1.0 ] },
						"up": { "texture": "#hut", "uv": [ 0.0, 0.0, 3.0, 1.0 ] },
						"down": { "texture": "#hut", "uv": [ 0.0, 0.0, 3.0, 1.0 ] }
					}
				},
				{
					"name": "Cube16",
					"from": [ 1.2, 2.4, -0.6 ], 
					"to": [ 1.8, 3.6, 1.2 ], 
					"rotationOrigin": [ 1.2, 2.4, -0.6 ],
					"faces": {
						"north": { "texture": "#hut", "uv": [ 0.0, 0.0, 1.0, 1.0 ], "glow": 100 },
						"east": { "texture": "#hut", "uv": [ 0.0, 0.0, 1.0, 1.0 ] },
						"south": { "texture": "#hut", "uv": [ 0.0, 0.0, 1.0, 1.0 ] },
						"west": { "texture": "#hut", "uv": [ 0.0, 0.0, 1.0, 1.0 ] },
						"up": { "texture": "#hut", "uv": [ 0.0, 0.0, 1.0, 1.0 ] },
						"down": { "texture": "#hut", "uv": [ 0.0, 0.0, 1.0, 1.0 ] }
					}
				},
				{
					"name": "Cube17",
					"from": [ -1.2, 2.4, -0.6 ], 
					"to": [ -0.6, 3.6, 1.2 ], 
					"rotationOrigin": [ -1.2, 2.4, -0.6 ],
					"faces": {
						"north": { "texture": "#hut", "uv": [ 0.0, 0.0, 1.0, 1.0 ], "glow": 100 },
						"east": { "texture": "#hut", "uv": [ 0.0, 0.0, 1.0, 1.0 ] },
						"south": { "texture": "#hut", "uv": [ 0.0, 0.0, 1.0, 1.0 ] },
						"west": { "texture": "#hut", "uv": [ 0.0, 0.0, 1.0, 1.0 ] },
						"up": { "texture": "#hut", "uv": [ 0.0, 0.0, 1.0, 1.0 ] },
						"down": { "texture": "#hut", "uv": [ 0.0, 0.0, 1.0, 1.0 ] }
					}
				},
				{
					"name": "Cube18",
					"from": [ -0.6, 3.6, -0.6 ], 
					"to": [ 1.2, 4.2, 1.2 ], 
					"rotationOrigin": [ -0.6, 3.6, -0.6 ],
					"faces": {
						"north": { "texture": "#hut", "uv": [ 0.0, 0.0, 1.0, 1.0 ], "glow": 100 },
						"east": { "texture": "#hut", "uv": [ 0.0, 0.0, 1.0, 1.0 ] },
						"south": { "texture": "#hut", "uv": [ 0.0, 0.0, 1.0, 1.0 ] },
						"west": { "texture": "#hut", "uv": [ 0.0, 0.0, 1.0, 1.0 ] },
						"up": { "texture": "#hut", "uv": [ 0.0, 0.0, 1.0, 1.0 ] },
						"down": { "texture": "#hut", "uv": [ 0.0, 0.0, 1.0, 1.0 ] }
					}
				}
			]
		}
	]}