{
	"editor": {
		"allAngles": false,
		"entityTextureMode": false
	},
	"textureWidth": 16,
	"textureHeight": 16,
	"textureSizes": {
	},
	"textures": {
		"korper": "entity/boss/korper",
		"kopf": "entity/boss/kopf"
	},
	"elements": [
		{
			"name": "Cube1",
			"from": [ -24.0, 0.0, -24.0 ], 
			"to": [ 40.0, 64.0, 40.0 ], 
			"rotationOrigin": [ -24.0, 0.0, -24.0 ],
			"faces": {
				"north": { "texture": "#korper", "uv": [ 0.0, 0.0, 16.0, 16.0 ], "autoUv": false },
				"east": { "texture": "#korper", "uv": [ 0.0, 0.0, 16.0, 16.0 ], "autoUv": false },
				"south": { "texture": "#korper", "uv": [ 0.0, 0.0, 16.0, 16.0 ], "autoUv": false },
				"west": { "texture": "#korper", "uv": [ 0.0, 0.0, 16.0, 16.0 ], "autoUv": false },
				"up": { "texture": "#korper", "uv": [ 0.0, 0.0, 16.0, 16.0 ], "autoUv": false },
				"down": { "texture": "#korper", "uv": [ 0.0, 0.0, 16.0, 16.0 ], "autoUv": false }
			},
			"children": [
				{
					"name": "Cube2",
					"from": [ 8.0, 69.0, 8.0 ], 
					"to": [ 56.0, 103.0, 56.0 ], 
					"rotationOrigin": [ 8.0, 69.0, 8.0 ],
					"faces": {
						"north": { "texture": "#kopf", "uv": [ 0.25, 0.0, 8.25, 8.0 ], "autoUv": false },
						"east": { "texture": "#kopf", "uv": [ 0.0, 0.0, 8.0, 8.0 ], "autoUv": false },
						"south": { "texture": "#kopf", "uv": [ 0.0, 0.0, 8.0, 8.0 ], "autoUv": false },
						"west": { "texture": "#kopf", "uv": [ 8.0, 7.75, 16.0, 15.75 ], "autoUv": false },
						"up": { "texture": "#kopf", "uv": [ 0.0, 0.0, 8.0, 8.0 ], "autoUv": false },
						"down": { "texture": "#kopf", "uv": [ 0.0, 0.0, 8.0, 8.0 ], "autoUv": false }
					},
					"children": [
						{
							"name": "Cube3",
							"from": [ 24.0, -5.0, 0.0 ], 
							"to": [ 25.0, 0.0, 1.0 ], 
							"rotationOrigin": [ 24.0, -5.0, 0.0 ],
							"faces": {
								"north": { "texture": "#kopf", "uv": [ 0.0, 0.0, 1.0, 5.0 ] },
								"east": { "texture": "#kopf", "uv": [ 0.0, 0.0, 1.0, 5.0 ] },
								"south": { "texture": "#kopf", "uv": [ 0.0, 0.0, 1.0, 5.0 ] },
								"west": { "texture": "#kopf", "uv": [ 0.0, 0.0, 1.0, 5.0 ] },
								"up": { "texture": "#kopf", "uv": [ 0.0, 0.0, 1.0, 1.0 ] },
								"down": { "texture": "#kopf", "uv": [ 0.0, 0.0, 1.0, 1.0 ] }
							}
						},
						{
							"name": "Cube4",
							"from": [ 24.0, -5.0, 47.0 ], 
							"to": [ 25.0, 0.0, 48.0 ], 
							"rotationOrigin": [ 24.0, -5.0, 47.0 ],
							"faces": {
								"north": { "texture": "#kopf", "uv": [ 0.0, 0.0, 1.0, 5.0 ] },
								"east": { "texture": "#kopf", "uv": [ 0.0, 0.0, 1.0, 5.0 ] },
								"south": { "texture": "#kopf", "uv": [ 0.0, 0.0, 1.0, 5.0 ] },
								"west": { "texture": "#kopf", "uv": [ 0.0, 0.0, 1.0, 5.0 ] },
								"up": { "texture": "#kopf", "uv": [ 0.0, 0.0, 1.0, 1.0 ] },
								"down": { "texture": "#kopf", "uv": [ 0.0, 0.0, 1.0, 1.0 ] }
							}
						}
					]
				},
				{
					"name": "rotation1",
					"from": [ 28.0, 32.0, 80.0 ], 
					"to": [ 36.0, 34.0, 112.0 ], 
					"rotationOrigin": [ 32.0, 32.0, 32.0 ],
					"faces": {
						"north": { "texture": "#korper", "uv": [ 0.0, 0.0, 8.0, 2.0 ] },
						"east": { "texture": "#korper", "uv": [ 0.0, 0.0, 16.0, 2.0 ], "autoUv": false },
						"south": { "texture": "#korper", "uv": [ 0.0, 0.0, 8.0, 2.0 ] },
						"west": { "texture": "#korper", "uv": [ 0.0, 0.0, 16.0, 2.0 ], "autoUv": false },
						"up": { "texture": "#korper", "uv": [ 0.0, 0.0, 8.0, 16.0 ], "autoUv": false },
						"down": { "texture": "#korper", "uv": [ 0.0, 0.0, 8.0, 16.0 ], "autoUv": false }
					}
				},
				{
					"name": "rotation2",
					"from": [ 28.0, 32.0, 80.0 ], 
					"to": [ 36.0, 34.0, 112.0 ], 
					"rotationOrigin": [ 32.0, 32.0, 32.0 ],
					"rotationY": 89.980213,
					"faces": {
						"north": { "texture": "#korper", "uv": [ 0.0, 0.0, 8.0, 2.0 ] },
						"east": { "texture": "#korper", "uv": [ 0.0, 0.0, 16.0, 2.0 ], "autoUv": false },
						"south": { "texture": "#korper", "uv": [ 0.0, 0.0, 8.0, 2.0 ] },
						"west": { "texture": "#korper", "uv": [ 0.0, 0.0, 16.0, 2.0 ], "autoUv": false },
						"up": { "texture": "#korper", "uv": [ 0.0, 0.0, 8.0, 16.0 ], "autoUv": false },
						"down": { "texture": "#korper", "uv": [ 0.0, 0.0, 8.0, 16.0 ], "autoUv": false }
					}
				},
				{
					"name": "rotation3",
					"from": [ 28.0, 32.0, 80.0 ], 
					"to": [ 36.0, 34.0, 112.0 ], 
					"rotationOrigin": [ 32.0, 32.0, 32.0 ],
					"rotationX": -179.999979,
					"rotationY": 1.0E-6,
					"rotationZ": 179.999979,
					"faces": {
						"north": { "texture": "#korper", "uv": [ 0.0, 0.0, 8.0, 2.0 ] },
						"east": { "texture": "#korper", "uv": [ 0.0, 0.0, 16.0, 2.0 ], "autoUv": false },
						"south": { "texture": "#korper", "uv": [ 0.0, 0.0, 8.0, 2.0 ] },
						"west": { "texture": "#korper", "uv": [ 0.0, 0.0, 16.0, 2.0 ], "autoUv": false },
						"up": { "texture": "#korper", "uv": [ 0.0, 0.0, 8.0, 16.0 ], "autoUv": false },
						"down": { "texture": "#korper", "uv": [ 0.0, 0.0, 8.0, 16.0 ], "autoUv": false }
					}
				},
				{
					"name": "rotation4",
					"from": [ 28.0, 32.0, 80.0 ], 
					"to": [ 36.0, 34.0, 112.0 ], 
					"rotationOrigin": [ 32.0, 32.0, 32.0 ],
					"rotationY": -89.980213,
					"faces": {
						"north": { "texture": "#korper", "uv": [ 0.0, 0.0, 8.0, 2.0 ] },
						"east": { "texture": "#korper", "uv": [ 0.0, 0.0, 16.0, 2.0 ], "autoUv": false },
						"south": { "texture": "#korper", "uv": [ 0.0, 0.0, 8.0, 2.0 ] },
						"west": { "texture": "#korper", "uv": [ 0.0, 0.0, 16.0, 2.0 ], "autoUv": false },
						"up": { "texture": "#korper", "uv": [ 0.0, 0.0, 8.0, 16.0 ], "autoUv": false },
						"down": { "texture": "#korper", "uv": [ 0.0, 0.0, 8.0, 16.0 ], "autoUv": false }
					}
				},
				{
					"name": "rotation5",
					"from": [ 28.0, 32.0, 80.0 ], 
					"to": [ 36.0, 34.0, 112.0 ], 
					"rotationOrigin": [ 32.0, 32.0, 32.0 ],
					"rotationY": -44.999992,
					"faces": {
						"north": { "texture": "#korper", "uv": [ 0.0, 0.0, 8.0, 2.0 ] },
						"east": { "texture": "#korper", "uv": [ 0.0, 0.0, 16.0, 2.0 ], "autoUv": false },
						"south": { "texture": "#korper", "uv": [ 0.0, 0.0, 8.0, 2.0 ] },
						"west": { "texture": "#korper", "uv": [ 0.0, 0.0, 16.0, 2.0 ], "autoUv": false },
						"up": { "texture": "#korper", "uv": [ 0.0, 0.0, 8.0, 16.0 ], "autoUv": false },
						"down": { "texture": "#korper", "uv": [ 0.0, 0.0, 8.0, 16.0 ], "autoUv": false }
					}
				},
				{
					"name": "rotation6",
					"from": [ 28.0, 32.0, 80.0 ], 
					"to": [ 36.0, 34.0, 112.0 ], 
					"rotationOrigin": [ 32.0, 32.0, 32.0 ],
					"rotationY": 44.999992,
					"faces": {
						"north": { "texture": "#korper", "uv": [ 0.0, 0.0, 8.0, 2.0 ] },
						"east": { "texture": "#korper", "uv": [ 0.0, 0.0, 16.0, 2.0 ], "autoUv": false },
						"south": { "texture": "#korper", "uv": [ 0.0, 0.0, 8.0, 2.0 ] },
						"west": { "texture": "#korper", "uv": [ 0.0, 0.0, 16.0, 2.0 ], "autoUv": false },
						"up": { "texture": "#korper", "uv": [ 0.0, 0.0, 8.0, 16.0 ], "autoUv": false },
						"down": { "texture": "#korper", "uv": [ 0.0, 0.0, 8.0, 16.0 ], "autoUv": false }
					}
				},
				{
					"name": "rotation7",
					"from": [ 28.0, 32.0, 80.0 ], 
					"to": [ 36.0, 34.0, 112.0 ], 
					"rotationOrigin": [ 32.0, 32.0, 32.0 ],
					"rotationX": -179.999985,
					"rotationY": 44.999992,
					"rotationZ": 179.999985,
					"faces": {
						"north": { "texture": "#korper", "uv": [ 0.0, 0.0, 8.0, 2.0 ] },
						"east": { "texture": "#korper", "uv": [ 0.0, 0.0, 16.0, 2.0 ], "autoUv": false },
						"south": { "texture": "#korper", "uv": [ 0.0, 0.0, 8.0, 2.0 ] },
						"west": { "texture": "#korper", "uv": [ 0.0, 0.0, 16.0, 2.0 ], "autoUv": false },
						"up": { "texture": "#korper", "uv": [ 0.0, 0.0, 8.0, 16.0 ], "autoUv": false },
						"down": { "texture": "#korper", "uv": [ 0.0, 0.0, 8.0, 16.0 ], "autoUv": false }
					}
				},
				{
					"name": "rotation8",
					"from": [ 28.0, 32.0, 80.0 ], 
					"to": [ 36.0, 34.0, 112.0 ], 
					"rotationOrigin": [ 32.0, 32.0, 32.0 ],
					"rotationX": -179.999963,
					"rotationY": -44.999992,
					"rotationZ": 179.999963,
					"faces": {
						"north": { "texture": "#korper", "uv": [ 0.0, 0.0, 8.0, 2.0 ] },
						"east": { "texture": "#korper", "uv": [ 0.0, 0.0, 16.0, 2.0 ], "autoUv": false },
						"south": { "texture": "#korper", "uv": [ 0.0, 0.0, 8.0, 2.0 ] },
						"west": { "texture": "#korper", "uv": [ 0.0, 0.0, 16.0, 2.0 ], "autoUv": false },
						"up": { "texture": "#korper", "uv": [ 0.0, 0.0, 8.0, 16.0 ], "autoUv": false },
						"down": { "texture": "#korper", "uv": [ 0.0, 0.0, 8.0, 16.0 ], "autoUv": false }
					}
				},
				{
					"name": "stachel1",
					"from": [ -3.0, -3.0, -3.0 ], 
					"to": [ 4.0, 4.0, 4.0 ], 
					"rotationOrigin": [ -3.0, -3.0, -3.0 ],
					"faces": {
						"north": { "texture": "#korper", "uv": [ 0.0, 0.0, 7.0, 7.0 ] },
						"east": { "texture": "#korper", "uv": [ 0.0, 0.0, 7.0, 7.0 ] },
						"south": { "texture": "#korper", "uv": [ 0.0, 0.0, 7.0, 7.0 ] },
						"west": { "texture": "#korper", "uv": [ 0.0, 0.0, 7.0, 7.0 ] },
						"up": { "texture": "#korper", "uv": [ 0.0, 0.0, 7.0, 7.0 ] },
						"down": { "texture": "#korper", "uv": [ 0.0, 0.0, 7.0, 7.0 ] }
					},
					"children": [
						{
							"name": "Cube14",
							"from": [ -3.0, -3.0, -3.0 ], 
							"to": [ 2.0, 2.0, 2.0 ], 
							"rotationOrigin": [ -3.0, -3.0, -3.0 ],
							"faces": {
								"north": { "texture": "#korper", "uv": [ 0.0, 0.0, 5.0, 5.0 ] },
								"east": { "texture": "#korper", "uv": [ 0.0, 0.0, 5.0, 5.0 ] },
								"south": { "texture": "#korper", "uv": [ 0.0, 0.0, 5.0, 5.0 ] },
								"west": { "texture": "#korper", "uv": [ 0.0, 0.0, 5.0, 5.0 ] },
								"up": { "texture": "#korper", "uv": [ 0.0, 0.0, 5.0, 5.0 ] },
								"down": { "texture": "#korper", "uv": [ 0.0, 0.0, 5.0, 5.0 ] }
							},
							"children": [
								{
									"name": "Cube15",
									"from": [ 0.0, -10.0, 0.0 ], 
									"to": [ 1.0, 0.0, 1.0 ], 
									"rotationOrigin": [ 0.0, -10.0, 0.0 ],
									"faces": {
										"north": { "texture": "#korper", "uv": [ 0.0, 0.0, 1.0, 10.0 ] },
										"east": { "texture": "#korper", "uv": [ 0.0, 0.0, 1.0, 10.0 ] },
										"south": { "texture": "#korper", "uv": [ 0.0, 0.0, 1.0, 10.0 ] },
										"west": { "texture": "#korper", "uv": [ 0.0, 0.0, 1.0, 10.0 ] },
										"up": { "texture": "#korper", "uv": [ 0.0, 0.0, 1.0, 1.0 ] },
										"down": { "texture": "#korper", "uv": [ 0.0, 0.0, 1.0, 1.0 ] }
									}
								}
							]
						}
					]
				},
				{
					"name": "stachel2",
					"from": [ 61.0, -3.0, -3.0 ], 
					"to": [ 68.0, 4.0, 4.0 ], 
					"rotationOrigin": [ 68.0, -3.0, -3.0 ],
					"faces": {
						"north": { "texture": "#korper", "uv": [ 0.0, 0.0, 6.5, 7.0 ] },
						"east": { "texture": "#korper", "uv": [ 0.0, 0.0, 7.0, 7.0 ] },
						"south": { "texture": "#korper", "uv": [ 0.0, 0.0, 6.5, 7.0 ] },
						"west": { "texture": "#korper", "uv": [ 0.0, 0.0, 7.0, 7.0 ] },
						"up": { "texture": "#korper", "uv": [ 0.0, 0.0, 6.5, 7.0 ] },
						"down": { "texture": "#korper", "uv": [ 0.0, 0.0, 6.5, 7.0 ] }
					},
					"children": [
						{
							"name": "Cube17",
							"from": [ 5.0, -3.0, -3.0 ], 
							"to": [ 10.0, 2.0, 2.0 ], 
							"rotationOrigin": [ 10.0, -3.0, -3.0 ],
							"faces": {
								"north": { "texture": "#korper", "uv": [ 0.0, 0.0, 5.0, 5.0 ] },
								"east": { "texture": "#korper", "uv": [ 0.0, 0.0, 5.0, 5.0 ] },
								"south": { "texture": "#korper", "uv": [ 0.0, 0.0, 5.0, 5.0 ] },
								"west": { "texture": "#korper", "uv": [ 0.0, 0.0, 5.0, 5.0 ] },
								"up": { "texture": "#korper", "uv": [ 0.0, 0.0, 5.0, 5.0 ] },
								"down": { "texture": "#korper", "uv": [ 0.0, 0.0, 5.0, 5.0 ] }
							},
							"children": [
								{
									"name": "Cube18",
									"from": [ 4.0, -10.0, 0.0 ], 
									"to": [ 5.0, 0.0, 1.0 ], 
									"rotationOrigin": [ 5.0, -10.0, 0.0 ],
									"faces": {
										"north": { "texture": "#korper", "uv": [ 0.0, 0.0, 1.0, 10.0 ] },
										"east": { "texture": "#korper", "uv": [ 0.0, 0.0, 1.0, 10.0 ] },
										"south": { "texture": "#korper", "uv": [ 0.0, 0.0, 1.0, 10.0 ] },
										"west": { "texture": "#korper", "uv": [ 0.0, 0.0, 1.0, 10.0 ] },
										"up": { "texture": "#korper", "uv": [ 0.0, 0.0, 1.0, 1.0 ] },
										"down": { "texture": "#korper", "uv": [ 0.0, 0.0, 1.0, 1.0 ] }
									}
								}
							]
						}
					]
				},
				{
					"name": "stachel3",
					"from": [ 61.0, -3.0, 61.0 ], 
					"to": [ 68.0, 4.0, 68.0 ], 
					"rotationOrigin": [ 68.0, -3.0, 68.0 ],
					"faces": {
						"north": { "texture": "#korper", "uv": [ 0.0, 0.0, 6.5, 7.0 ] },
						"east": { "texture": "#korper", "uv": [ 0.0, 0.0, 6.5, 7.0 ] },
						"south": { "texture": "#korper", "uv": [ 0.0, 0.0, 6.5, 7.0 ] },
						"west": { "texture": "#korper", "uv": [ 0.0, 0.0, 6.5, 7.0 ] },
						"up": { "texture": "#korper", "uv": [ 0.0, 0.0, 6.5, 6.5 ] },
						"down": { "texture": "#korper", "uv": [ 0.0, 0.0, 6.5, 6.5 ] }
					},
					"children": [
						{
							"name": "Cube20",
							"from": [ 5.0, -3.0, 5.0 ], 
							"to": [ 10.0, 2.0, 10.0 ], 
							"rotationOrigin": [ 10.0, -3.0, 10.0 ],
							"faces": {
								"north": { "texture": "#korper", "uv": [ 0.0, 0.0, 4.5, 5.0 ] },
								"east": { "texture": "#korper", "uv": [ 0.0, 0.0, 5.0, 5.0 ] },
								"south": { "texture": "#korper", "uv": [ 0.0, 0.0, 4.5, 5.0 ] },
								"west": { "texture": "#korper", "uv": [ 0.0, 0.0, 5.0, 5.0 ] },
								"up": { "texture": "#korper", "uv": [ 0.0, 0.0, 4.5, 5.0 ] },
								"down": { "texture": "#korper", "uv": [ 0.0, 0.0, 4.5, 5.0 ] }
							},
							"children": [
								{
									"name": "Cube21",
									"from": [ 4.0, -10.0, 4.0 ], 
									"to": [ 5.0, 0.0, 5.0 ], 
									"rotationOrigin": [ 5.0, -10.0, 5.0 ],
									"faces": {
										"north": { "texture": "#korper", "uv": [ 0.0, 0.0, 1.0, 10.0 ] },
										"east": { "texture": "#korper", "uv": [ 0.0, 0.0, 1.0, 10.0 ] },
										"south": { "texture": "#korper", "uv": [ 0.0, 0.0, 1.0, 10.0 ] },
										"west": { "texture": "#korper", "uv": [ 0.0, 0.0, 1.0, 10.0 ] },
										"up": { "texture": "#korper", "uv": [ 0.0, 0.0, 1.0, 1.0 ] },
										"down": { "texture": "#korper", "uv": [ 0.0, 0.0, 1.0, 1.0 ] }
									}
								}
							]
						}
					]
				},
				{
					"name": "stachel4",
					"from": [ -3.0, -3.0, 61.0 ], 
					"to": [ 4.0, 4.0, 68.0 ], 
					"rotationOrigin": [ -3.0, -3.0, 68.0 ],
					"faces": {
						"north": { "texture": "#korper", "uv": [ 0.0, 0.0, 6.5, 7.0 ] },
						"east": { "texture": "#korper", "uv": [ 0.0, 0.0, 6.5, 7.0 ] },
						"south": { "texture": "#korper", "uv": [ 0.0, 0.0, 6.5, 7.0 ] },
						"west": { "texture": "#korper", "uv": [ 0.0, 0.0, 6.5, 7.0 ] },
						"up": { "texture": "#korper", "uv": [ 0.0, 0.0, 6.5, 6.5 ] },
						"down": { "texture": "#korper", "uv": [ 0.0, 0.0, 6.5, 6.5 ] }
					},
					"children": [
						{
							"name": "Cube23",
							"from": [ -3.0, -3.0, 5.0 ], 
							"to": [ 2.0, 2.0, 10.0 ], 
							"rotationOrigin": [ -3.0, -3.0, 10.0 ],
							"faces": {
								"north": { "texture": "#korper", "uv": [ 0.0, 0.0, 4.5, 5.0 ] },
								"east": { "texture": "#korper", "uv": [ 0.0, 0.0, 4.5, 5.0 ] },
								"south": { "texture": "#korper", "uv": [ 0.0, 0.0, 4.5, 5.0 ] },
								"west": { "texture": "#korper", "uv": [ 0.0, 0.0, 4.5, 5.0 ] },
								"up": { "texture": "#korper", "uv": [ 0.0, 0.0, 4.5, 4.5 ] },
								"down": { "texture": "#korper", "uv": [ 0.0, 0.0, 4.5, 4.5 ] }
							},
							"children": [
								{
									"name": "Cube24",
									"from": [ 0.0, -10.0, 4.0 ], 
									"to": [ 1.0, 0.0, 5.0 ], 
									"rotationOrigin": [ 0.0, -10.0, 5.0 ],
									"faces": {
										"north": { "texture": "#korper", "uv": [ 0.0, 0.0, 1.0, 10.0 ] },
										"east": { "texture": "#korper", "uv": [ 0.0, 0.0, 1.0, 10.0 ] },
										"south": { "texture": "#korper", "uv": [ 0.0, 0.0, 1.0, 10.0 ] },
										"west": { "texture": "#korper", "uv": [ 0.0, 0.0, 1.0, 10.0 ] },
										"up": { "texture": "#korper", "uv": [ 0.0, 0.0, 1.0, 1.0 ] },
										"down": { "texture": "#korper", "uv": [ 0.0, 0.0, 1.0, 1.0 ] }
									}
								}
							]
						}
					]
				},
				{
					"name": "stachel5",
					"from": [ 68.0, 68.0, 61.0 ], 
					"to": [ 75.0, 75.0, 68.0 ], 
					"rotationOrigin": [ 68.0, 68.0, 61.0 ],
					"rotationZ": 179.999978,
					"faces": {
						"north": { "texture": "#korper", "uv": [ 0.0, 0.0, 6.5, 7.0 ] },
						"east": { "texture": "#korper", "uv": [ 0.0, 0.0, 6.5, 7.0 ] },
						"south": { "texture": "#korper", "uv": [ 0.0, 0.0, 6.5, 7.0 ] },
						"west": { "texture": "#korper", "uv": [ 0.0, 0.0, 6.5, 7.0 ] },
						"up": { "texture": "#korper", "uv": [ 0.0, 0.0, 6.5, 6.5 ] },
						"down": { "texture": "#korper", "uv": [ 0.0, 0.0, 6.5, 6.5 ] }
					},
					"children": [
						{
							"name": "Cube26",
							"from": [ -3.0, -3.0, 5.0 ], 
							"to": [ 2.0, 2.0, 10.0 ], 
							"rotationOrigin": [ -3.0, -3.0, 10.0 ],
							"faces": {
								"north": { "texture": "#korper", "uv": [ 0.0, 0.0, 4.5, 5.0 ] },
								"east": { "texture": "#korper", "uv": [ 0.0, 0.0, 4.5, 5.0 ] },
								"south": { "texture": "#korper", "uv": [ 0.0, 0.0, 4.5, 5.0 ] },
								"west": { "texture": "#korper", "uv": [ 0.0, 0.0, 4.5, 5.0 ] },
								"up": { "texture": "#korper", "uv": [ 0.0, 0.0, 4.5, 4.5 ] },
								"down": { "texture": "#korper", "uv": [ 0.0, 0.0, 4.5, 4.5 ] }
							},
							"children": [
								{
									"name": "Cube27",
									"from": [ 0.0, -10.0, 4.0 ], 
									"to": [ 1.0, 0.0, 5.0 ], 
									"rotationOrigin": [ 0.0, -10.0, 5.0 ],
									"faces": {
										"north": { "texture": "#korper", "uv": [ 0.0, 0.0, 1.0, 10.0 ] },
										"east": { "texture": "#korper", "uv": [ 0.0, 0.0, 1.0, 10.0 ] },
										"south": { "texture": "#korper", "uv": [ 0.0, 0.0, 1.0, 10.0 ] },
										"west": { "texture": "#korper", "uv": [ 0.0, 0.0, 1.0, 10.0 ] },
										"up": { "texture": "#korper", "uv": [ 0.0, 0.0, 1.0, 1.0 ] },
										"down": { "texture": "#korper", "uv": [ 0.0, 0.0, 1.0, 1.0 ] }
									}
								}
							]
						}
					]
				},
				{
					"name": "stachel6",
					"from": [ -4.0, 68.0, 68.0 ], 
					"to": [ 3.0, 75.0, 75.0 ], 
					"rotationOrigin": [ 3.0, 68.0, 68.0 ],
					"rotationX": -179.999967,
					"rotationY": 7.0E-6,
					"faces": {
						"north": { "texture": "#korper", "uv": [ 0.0, 0.0, 6.5, 7.0 ] },
						"east": { "texture": "#korper", "uv": [ 0.0, 0.0, 6.5, 7.0 ] },
						"south": { "texture": "#korper", "uv": [ 0.0, 0.0, 6.5, 7.0 ] },
						"west": { "texture": "#korper", "uv": [ 0.0, 0.0, 6.5, 7.0 ] },
						"up": { "texture": "#korper", "uv": [ 0.0, 0.0, 6.5, 6.5 ] },
						"down": { "texture": "#korper", "uv": [ 0.0, 0.0, 6.5, 6.5 ] }
					},
					"children": [
						{
							"name": "Cube29",
							"from": [ -3.0, -3.0, -3.0 ], 
							"to": [ 2.0, 2.0, 2.0 ], 
							"rotationOrigin": [ -3.0, -3.0, -3.0 ],
							"faces": {
								"north": { "texture": "#korper", "uv": [ 0.0, 0.0, 4.5, 5.0 ] },
								"east": { "texture": "#korper", "uv": [ 0.0, 0.0, 4.5, 5.0 ] },
								"south": { "texture": "#korper", "uv": [ 0.0, 0.0, 4.5, 5.0 ] },
								"west": { "texture": "#korper", "uv": [ 0.0, 0.0, 4.5, 5.0 ] },
								"up": { "texture": "#korper", "uv": [ 0.0, 0.0, 4.5, 4.5 ] },
								"down": { "texture": "#korper", "uv": [ 0.0, 0.0, 4.5, 4.5 ] }
							},
							"children": [
								{
									"name": "Cube30",
									"from": [ 0.0, -10.0, 0.0 ], 
									"to": [ 1.0, 0.0, 1.0 ], 
									"rotationOrigin": [ 0.0, -10.0, 0.0 ],
									"faces": {
										"north": { "texture": "#korper", "uv": [ 0.0, 0.0, 1.0, 10.0 ] },
										"east": { "texture": "#korper", "uv": [ 0.0, 0.0, 1.0, 10.0 ] },
										"south": { "texture": "#korper", "uv": [ 0.0, 0.0, 1.0, 10.0 ] },
										"west": { "texture": "#korper", "uv": [ 0.0, 0.0, 1.0, 10.0 ] },
										"up": { "texture": "#korper", "uv": [ 0.0, 0.0, 1.0, 1.0 ] },
										"down": { "texture": "#korper", "uv": [ 0.0, 0.0, 1.0, 1.0 ] }
									}
								}
							]
						}
					]
				},
				{
					"name": "stachel7",
					"from": [ -11.0, 68.0, -4.0 ], 
					"to": [ -4.0, 75.0, 3.0 ], 
					"rotationOrigin": [ -4.0, 68.0, 3.0 ],
					"rotationY": -1.4E-5,
					"rotationZ": -179.999956,
					"faces": {
						"north": { "texture": "#korper", "uv": [ 0.0, 0.0, 6.5, 7.0 ] },
						"east": { "texture": "#korper", "uv": [ 0.0, 0.0, 6.5, 7.0 ] },
						"south": { "texture": "#korper", "uv": [ 0.0, 0.0, 6.5, 7.0 ] },
						"west": { "texture": "#korper", "uv": [ 0.0, 0.0, 6.5, 7.0 ] },
						"up": { "texture": "#korper", "uv": [ 0.0, 0.0, 6.5, 6.5 ] },
						"down": { "texture": "#korper", "uv": [ 0.0, 0.0, 6.5, 6.5 ] }
					},
					"children": [
						{
							"name": "Cube32",
							"from": [ 5.0, -3.0, -3.0 ], 
							"to": [ 10.0, 2.0, 2.0 ], 
							"rotationOrigin": [ 10.0, -3.0, -3.0 ],
							"faces": {
								"north": { "texture": "#korper", "uv": [ 0.0, 0.0, 4.5, 5.0 ] },
								"east": { "texture": "#korper", "uv": [ 0.0, 0.0, 4.5, 5.0 ] },
								"south": { "texture": "#korper", "uv": [ 0.0, 0.0, 4.5, 5.0 ] },
								"west": { "texture": "#korper", "uv": [ 0.0, 0.0, 4.5, 5.0 ] },
								"up": { "texture": "#korper", "uv": [ 0.0, 0.0, 4.5, 4.5 ] },
								"down": { "texture": "#korper", "uv": [ 0.0, 0.0, 4.5, 4.5 ] }
							},
							"children": [
								{
									"name": "Cube33",
									"from": [ 4.0, -10.0, 0.0 ], 
									"to": [ 5.0, 0.0, 1.0 ], 
									"rotationOrigin": [ 5.0, -10.0, 0.0 ],
									"faces": {
										"north": { "texture": "#korper", "uv": [ 0.0, 0.0, 1.0, 10.0 ] },
										"east": { "texture": "#korper", "uv": [ 0.0, 0.0, 1.0, 10.0 ] },
										"south": { "texture": "#korper", "uv": [ 0.0, 0.0, 1.0, 10.0 ] },
										"west": { "texture": "#korper", "uv": [ 0.0, 0.0, 1.0, 10.0 ] },
										"up": { "texture": "#korper", "uv": [ 0.0, 0.0, 1.0, 1.0 ] },
										"down": { "texture": "#korper", "uv": [ 0.0, 0.0, 1.0, 1.0 ] }
									}
								}
							]
						}
					]
				},
				{
					"name": "stachel8",
					"from": [ 61.0, 68.0, -11.0 ], 
					"to": [ 68.0, 75.0, -4.0 ], 
					"rotationOrigin": [ 61.0, 68.0, -4.0 ],
					"rotationX": 179.999945,
					"rotationY": 2.1E-5,
					"faces": {
						"north": { "texture": "#korper", "uv": [ 0.0, 0.0, 6.5, 7.0 ] },
						"east": { "texture": "#korper", "uv": [ 0.0, 0.0, 6.5, 7.0 ] },
						"south": { "texture": "#korper", "uv": [ 0.0, 0.0, 6.5, 7.0 ] },
						"west": { "texture": "#korper", "uv": [ 0.0, 0.0, 6.5, 7.0 ] },
						"up": { "texture": "#korper", "uv": [ 0.0, 0.0, 6.5, 6.5 ] },
						"down": { "texture": "#korper", "uv": [ 0.0, 0.0, 6.5, 6.5 ] }
					},
					"children": [
						{
							"name": "Cube35",
							"from": [ 5.0, -3.0, 5.0 ], 
							"to": [ 10.0, 2.0, 10.0 ], 
							"rotationOrigin": [ 10.0, -3.0, 10.0 ],
							"faces": {
								"north": { "texture": "#korper", "uv": [ 0.0, 0.0, 4.5, 5.0 ] },
								"east": { "texture": "#korper", "uv": [ 0.0, 0.0, 4.5, 5.0 ] },
								"south": { "texture": "#korper", "uv": [ 0.0, 0.0, 4.5, 5.0 ] },
								"west": { "texture": "#korper", "uv": [ 0.0, 0.0, 4.5, 5.0 ] },
								"up": { "texture": "#korper", "uv": [ 0.0, 0.0, 4.5, 4.5 ] },
								"down": { "texture": "#korper", "uv": [ 0.0, 0.0, 4.5, 4.5 ] }
							},
							"children": [
								{
									"name": "Cube36",
									"from": [ 4.0, -10.0, 4.0 ], 
									"to": [ 5.0, 0.0, 5.0 ], 
									"rotationOrigin": [ 5.0, -10.0, 5.0 ],
									"faces": {
										"north": { "texture": "#korper", "uv": [ 0.0, 0.0, 1.0, 10.0 ] },
										"east": { "texture": "#korper", "uv": [ 0.0, 0.0, 1.0, 10.0 ] },
										"south": { "texture": "#korper", "uv": [ 0.0, 0.0, 1.0, 10.0 ] },
										"west": { "texture": "#korper", "uv": [ 0.0, 0.0, 1.0, 10.0 ] },
										"up": { "texture": "#korper", "uv": [ 0.0, 0.0, 1.0, 1.0 ] },
										"down": { "texture": "#korper", "uv": [ 0.0, 0.0, 1.0, 1.0 ] }
									}
								}
							]
						}
					]
				}
			]
		}
	],
	"animations": [
		{
			"name": "rotate",
			"code": "rotate",
			"quantityframes": 30,
			"onActivityStopped": "Stop",
			"onAnimationEnd": "Repeat",
			"keyframes": [
				{
					"frame": 0,
					"elements": {
						"Cube1": {  },
						"rotation1": { "rotationX": 0.0, "rotationY": 0.0, "rotationZ": 0.0 },
						"rotation2": { "rotationX": 0.0, "rotationY": 0.0, "rotationZ": 0.0 },
						"rotation3": { "rotationX": 0.0, "rotationY": 0.0, "rotationZ": 0.0 },
						"rotation4": { "rotationX": 0.0, "rotationY": 0.0, "rotationZ": 0.0 },
						"rotation5": { "rotationX": 0.0, "rotationY": 0.0, "rotationZ": 0.0 },
						"rotation6": { "rotationX": 0.0, "rotationY": 0.0, "rotationZ": 0.0 },
						"rotation7": { "rotationX": 0.0, "rotationY": 0.0, "rotationZ": 0.0 },
						"rotation8": { "rotationX": 0.0, "rotationY": 0.0, "rotationZ": 0.0 }
					}
				},
				{
					"frame": 29,
					"elements": {
						"Cube1": {  },
						"rotation1": { "rotationX": 0.0, "rotationY": 360.0, "rotationZ": 0.0 },
						"rotation2": { "rotationX": 0.0, "rotationY": 360.0, "rotationZ": 0.0 },
						"rotation3": { "rotationX": 0.0, "rotationY": -360.0, "rotationZ": 0.0 },
						"rotation4": { "rotationX": 0.0, "rotationY": 360.0, "rotationZ": 0.0 },
						"rotation5": { "rotationX": 0.0, "rotationY": 360.0, "rotationZ": 0.0 },
						"rotation6": { "rotationX": 0.0, "rotationY": 360.0, "rotationZ": 0.0 },
						"rotation7": { "rotationX": 0.0, "rotationY": -360.0, "rotationZ": 0.0 },
						"rotation8": { "rotationX": 0.0, "rotationY": -360.0, "rotationZ": 0.0 }
					}
				}
			]
		}
	]
}