{
	"editor": {
		"allAngles": false,
		"entityTextureMode": false
	},
	"textureWidth": 16,
	"textureHeight": 16,
	"textureSizes": {
	},
	"textures": {
		"korper": "entity/boss/korper"
	},
	"elements": [
		{
			"name": "Cube1",
			"from": [ 0.0, 0.0, 0.0 ], 
			"to": [ 16.0, 16.0, 16.0 ], 
			"rotationOrigin": [ 16.0, 0.0, 0.0 ],
			"faces": {
				"north": { "texture": "#korper", "uv": [ 0.0, 0.0, 4.0, 4.0 ], "autoUv": false },
				"east": { "texture": "#korper", "uv": [ 0.0, 0.0, 4.0, 4.0 ], "autoUv": false },
				"south": { "texture": "#korper", "uv": [ 0.0, 0.0, 4.0, 4.0 ], "autoUv": false },
				"west": { "texture": "#korper", "uv": [ 0.0, 0.0, 4.0, 4.0 ], "autoUv": false },
				"up": { "texture": "#korper", "uv": [ 0.0, 0.0, 4.0, 4.0 ], "autoUv": false },
				"down": { "texture": "#korper", "uv": [ 0.0, 0.0, 4.0, 4.0 ], "autoUv": false }
			},
			"children": [
				{
					"name": "Cube2",
					"from": [ 2.0, 17.25, 2.0 ], 
					"to": [ 14.0, 25.75, 14.0 ], 
					"rotationOrigin": [ 14.0, 17.25, 2.0 ],
					"faces": {
						"north": { "texture": "#korper", "uv": [ 8.0, 7.75, 10.0, 9.75 ], "autoUv": false },
						"east": { "texture": "#korper", "uv": [ 0.0, 0.0, 2.0, 2.0 ], "autoUv": false },
						"south": { "texture": "#korper", "uv": [ 0.0, 0.0, 2.0, 2.0 ], "autoUv": false },
						"west": { "texture": "#korper", "uv": [ 0.0, 0.0, 2.0, 2.0 ], "autoUv": false },
						"up": { "texture": "#korper", "uv": [ 0.0, 0.0, 2.0, 2.0 ], "autoUv": false },
						"down": { "texture": "#korper", "uv": [ 0.0, 0.0, 2.0, 2.0 ], "autoUv": false }
					},
					"children": [
						{
							"name": "Cube3",
							"from": [ 11.75, -1.25, 6.0 ], 
							"to": [ 12.0, 0.0, 6.25 ], 
							"rotationOrigin": [ 12.0, -1.25, 6.0 ],
							"faces": {
								"north": { "texture": "#korper", "uv": [ 0.0, 0.0, 0.25, 1.25 ] },
								"east": { "texture": "#korper", "uv": [ 0.0, 0.0, 0.25, 1.25 ] },
								"south": { "texture": "#korper", "uv": [ 0.0, 0.0, 0.25, 1.25 ] },
								"west": { "texture": "#korper", "uv": [ 0.0, 0.0, 0.25, 1.25 ] },
								"up": { "texture": "#korper", "uv": [ 0.0, 0.0, 0.25, 0.25 ] },
								"down": { "texture": "#korper", "uv": [ 0.0, 0.0, 0.25, 0.25 ] }
							}
						},
						{
							"name": "Cube4",
							"from": [ 0.0, -1.25, 6.0 ], 
							"to": [ 0.25, 0.0, 6.25 ], 
							"rotationOrigin": [ 0.25, -1.25, 6.0 ],
							"faces": {
								"north": { "texture": "#korper", "uv": [ 0.0, 0.0, 0.25, 1.25 ] },
								"east": { "texture": "#korper", "uv": [ 0.0, 0.0, 0.25, 1.25 ] },
								"south": { "texture": "#korper", "uv": [ 0.0, 0.0, 0.25, 1.25 ] },
								"west": { "texture": "#korper", "uv": [ 0.0, 0.0, 0.25, 1.25 ] },
								"up": { "texture": "#korper", "uv": [ 0.0, 0.0, 0.25, 0.25 ] },
								"down": { "texture": "#korper", "uv": [ 0.0, 0.0, 0.25, 0.25 ] }
							}
						}
					]
				},
				{
					"name": "rotation5",
					"from": [ -12.0, 8.0, 7.0 ], 
					"to": [ -4.0, 8.5, 9.0 ], 
					"rotationOrigin": [ 8.0, 8.0, 8.0 ],
					"rotationY": -44.999997,
					"faces": {
						"north": { "texture": "#korper", "uv": [ 0.0, 0.0, 2.0, 0.5 ] },
						"east": { "texture": "#korper", "uv": [ 0.0, 0.0, 4.0, 0.5 ], "autoUv": false },
						"south": { "texture": "#korper", "uv": [ 0.0, 0.0, 2.0, 0.5 ] },
						"west": { "texture": "#korper", "uv": [ 0.0, 0.0, 4.0, 0.5 ], "autoUv": false },
						"up": { "texture": "#korper", "uv": [ 0.0, 0.0, 2.0, 4.0 ], "autoUv": false },
						"down": { "texture": "#korper", "uv": [ 0.0, 0.0, 2.0, 4.0 ], "autoUv": false }
					}
				},
				{
					"name": "rotation6",
					"from": [ -12.0, 8.0, 7.0 ], 
					"to": [ -4.0, 8.5, 9.0 ], 
					"rotationOrigin": [ 8.0, 8.0, 8.0 ],
					"rotationY": 44.999997,
					"faces": {
						"north": { "texture": "#korper", "uv": [ 0.0, 0.0, 2.0, 0.5 ] },
						"east": { "texture": "#korper", "uv": [ 0.0, 0.0, 4.0, 0.5 ], "autoUv": false },
						"south": { "texture": "#korper", "uv": [ 0.0, 0.0, 2.0, 0.5 ] },
						"west": { "texture": "#korper", "uv": [ 0.0, 0.0, 4.0, 0.5 ], "autoUv": false },
						"up": { "texture": "#korper", "uv": [ 0.0, 0.0, 2.0, 4.0 ], "autoUv": false },
						"down": { "texture": "#korper", "uv": [ 0.0, 0.0, 2.0, 4.0 ], "autoUv": false }
					}
				},
				{
					"name": "rotation7",
					"from": [ -12.0, 8.0, 7.0 ], 
					"to": [ -4.0, 8.5, 9.0 ], 
					"rotationOrigin": [ 8.0, 8.0, 8.0 ],
					"rotationX": 179.99999,
					"rotationY": 44.999997,
					"rotationZ": 179.99999,
					"faces": {
						"north": { "texture": "#korper", "uv": [ 0.0, 0.0, 2.0, 0.5 ] },
						"east": { "texture": "#korper", "uv": [ 0.0, 0.0, 4.0, 0.5 ], "autoUv": false },
						"south": { "texture": "#korper", "uv": [ 0.0, 0.0, 2.0, 0.5 ] },
						"west": { "texture": "#korper", "uv": [ 0.0, 0.0, 4.0, 0.5 ], "autoUv": false },
						"up": { "texture": "#korper", "uv": [ 0.0, 0.0, 2.0, 4.0 ], "autoUv": false },
						"down": { "texture": "#korper", "uv": [ 0.0, 0.0, 2.0, 4.0 ], "autoUv": false }
					}
				},
				{
					"name": "rotation8",
					"from": [ -12.0, 8.0, 7.0 ], 
					"to": [ -4.0, 8.5, 9.0 ], 
					"rotationOrigin": [ 8.0, 8.0, 8.0 ],
					"rotationX": 179.99999,
					"rotationY": -44.999997,
					"rotationZ": 179.99999,
					"faces": {
						"north": { "texture": "#korper", "uv": [ 0.0, 0.0, 2.0, 0.5 ] },
						"east": { "texture": "#korper", "uv": [ 0.0, 0.0, 4.0, 0.5 ], "autoUv": false },
						"south": { "texture": "#korper", "uv": [ 0.0, 0.0, 2.0, 0.5 ] },
						"west": { "texture": "#korper", "uv": [ 0.0, 0.0, 4.0, 0.5 ], "autoUv": false },
						"up": { "texture": "#korper", "uv": [ 0.0, 0.0, 2.0, 4.0 ], "autoUv": false },
						"down": { "texture": "#korper", "uv": [ 0.0, 0.0, 2.0, 4.0 ], "autoUv": false }
					}
				},
				{
					"name": "stachel1",
					"from": [ 15.0, -0.75, -0.75 ], 
					"to": [ 16.75, 1.0, 1.0 ], 
					"rotationOrigin": [ 16.75, -0.75, -0.75 ],
					"faces": {
						"north": { "texture": "#korper", "uv": [ 0.0, 0.0, 1.75, 1.75 ] },
						"east": { "texture": "#korper", "uv": [ 0.0, 0.0, 1.75, 1.75 ] },
						"south": { "texture": "#korper", "uv": [ 0.0, 0.0, 1.75, 1.75 ] },
						"west": { "texture": "#korper", "uv": [ 0.0, 0.0, 1.75, 1.75 ] },
						"up": { "texture": "#korper", "uv": [ 0.0, 0.0, 1.75, 1.75 ] },
						"down": { "texture": "#korper", "uv": [ 0.0, 0.0, 1.75, 1.75 ] }
					},
					"children": [
						{
							"name": "Cube14",
							"from": [ 1.25, -0.75, -0.75 ], 
							"to": [ 2.5, 0.5, 0.5 ], 
							"rotationOrigin": [ 2.5, -0.75, -0.75 ],
							"faces": {
								"north": { "texture": "#korper", "uv": [ 0.0, 0.0, 1.25, 1.25 ] },
								"east": { "texture": "#korper", "uv": [ 0.0, 0.0, 1.25, 1.25 ] },
								"south": { "texture": "#korper", "uv": [ 0.0, 0.0, 1.25, 1.25 ] },
								"west": { "texture": "#korper", "uv": [ 0.0, 0.0, 1.25, 1.25 ] },
								"up": { "texture": "#korper", "uv": [ 0.0, 0.0, 1.25, 1.25 ] },
								"down": { "texture": "#korper", "uv": [ 0.0, 0.0, 1.25, 1.25 ] }
							},
							"children": [
								{
									"name": "Cube15",
									"from": [ 1.0, -2.5, 0.0 ], 
									"to": [ 1.25, 0.0, 0.25 ], 
									"rotationOrigin": [ 1.25, -2.5, 0.0 ],
									"faces": {
										"north": { "texture": "#korper", "uv": [ 0.0, 0.0, 0.25, 2.5 ] },
										"east": { "texture": "#korper", "uv": [ 0.0, 0.0, 0.25, 2.5 ] },
										"south": { "texture": "#korper", "uv": [ 0.0, 0.0, 0.25, 2.5 ] },
										"west": { "texture": "#korper", "uv": [ 0.0, 0.0, 0.25, 2.5 ] },
										"up": { "texture": "#korper", "uv": [ 0.0, 0.0, 0.25, 0.25 ] },
										"down": { "texture": "#korper", "uv": [ 0.0, 0.0, 0.25, 0.25 ] }
									}
								}
							]
						}
					]
				},
				{
					"name": "stachel2",
					"from": [ 15.0, -0.75, 15.25 ], 
					"to": [ 16.75, 1.0, 17.0 ], 
					"rotationOrigin": [ 16.75, -0.75, 17.0 ],
					"faces": {
						"north": { "texture": "#korper", "uv": [ 0.0, 0.0, 1.625, 1.75 ] },
						"east": { "texture": "#korper", "uv": [ 0.0, 0.0, 1.75, 1.75 ] },
						"south": { "texture": "#korper", "uv": [ 0.0, 0.0, 1.625, 1.75 ] },
						"west": { "texture": "#korper", "uv": [ 0.0, 0.0, 1.75, 1.75 ] },
						"up": { "texture": "#korper", "uv": [ 0.0, 0.0, 1.625, 1.75 ] },
						"down": { "texture": "#korper", "uv": [ 0.0, 0.0, 1.625, 1.75 ] }
					},
					"children": [
						{
							"name": "Cube17",
							"from": [ 1.25, -0.75, 1.25 ], 
							"to": [ 2.5, 0.5, 2.5 ], 
							"rotationOrigin": [ 2.5, -0.75, 2.5 ],
							"faces": {
								"north": { "texture": "#korper", "uv": [ 0.0, 0.0, 1.25, 1.25 ] },
								"east": { "texture": "#korper", "uv": [ 0.0, 0.0, 1.25, 1.25 ] },
								"south": { "texture": "#korper", "uv": [ 0.0, 0.0, 1.25, 1.25 ] },
								"west": { "texture": "#korper", "uv": [ 0.0, 0.0, 1.25, 1.25 ] },
								"up": { "texture": "#korper", "uv": [ 0.0, 0.0, 1.25, 1.25 ] },
								"down": { "texture": "#korper", "uv": [ 0.0, 0.0, 1.25, 1.25 ] }
							},
							"children": [
								{
									"name": "Cube18",
									"from": [ 1.0, -2.5, 1.0 ], 
									"to": [ 1.25, 0.0, 1.25 ], 
									"rotationOrigin": [ 1.25, -2.5, 1.25 ],
									"faces": {
										"north": { "texture": "#korper", "uv": [ 0.0, 0.0, 0.25, 2.5 ] },
										"east": { "texture": "#korper", "uv": [ 0.0, 0.0, 0.25, 2.5 ] },
										"south": { "texture": "#korper", "uv": [ 0.0, 0.0, 0.25, 2.5 ] },
										"west": { "texture": "#korper", "uv": [ 0.0, 0.0, 0.25, 2.5 ] },
										"up": { "texture": "#korper", "uv": [ 0.0, 0.0, 0.25, 0.25 ] },
										"down": { "texture": "#korper", "uv": [ 0.0, 0.0, 0.25, 0.25 ] }
									}
								}
							]
						}
					]
				},
				{
					"name": "stachel3",
					"from": [ -1.0, -0.75, 15.25 ], 
					"to": [ 0.75, 1.0, 17.0 ], 
					"rotationOrigin": [ -1.0, -0.75, 17.0 ],
					"faces": {
						"north": { "texture": "#korper", "uv": [ 0.0, 0.0, 1.625, 1.75 ] },
						"east": { "texture": "#korper", "uv": [ 0.0, 0.0, 1.625, 1.75 ] },
						"south": { "texture": "#korper", "uv": [ 0.0, 0.0, 1.625, 1.75 ] },
						"west": { "texture": "#korper", "uv": [ 0.0, 0.0, 1.625, 1.75 ] },
						"up": { "texture": "#korper", "uv": [ 0.0, 0.0, 1.625, 1.625 ] },
						"down": { "texture": "#korper", "uv": [ 0.0, 0.0, 1.625, 1.625 ] }
					},
					"children": [
						{
							"name": "Cube20",
							"from": [ -0.75, -0.75, 1.25 ], 
							"to": [ 0.5, 0.5, 2.5 ], 
							"rotationOrigin": [ -0.75, -0.75, 2.5 ],
							"faces": {
								"north": { "texture": "#korper", "uv": [ 0.0, 0.0, 1.125, 1.25 ] },
								"east": { "texture": "#korper", "uv": [ 0.0, 0.0, 1.25, 1.25 ] },
								"south": { "texture": "#korper", "uv": [ 0.0, 0.0, 1.125, 1.25 ] },
								"west": { "texture": "#korper", "uv": [ 0.0, 0.0, 1.25, 1.25 ] },
								"up": { "texture": "#korper", "uv": [ 0.0, 0.0, 1.125, 1.25 ] },
								"down": { "texture": "#korper", "uv": [ 0.0, 0.0, 1.125, 1.25 ] }
							},
							"children": [
								{
									"name": "Cube21",
									"from": [ 0.0, -2.5, 1.0 ], 
									"to": [ 0.25, 0.0, 1.25 ], 
									"rotationOrigin": [ 0.0, -2.5, 1.25 ],
									"faces": {
										"north": { "texture": "#korper", "uv": [ 0.0, 0.0, 0.25, 2.5 ] },
										"east": { "texture": "#korper", "uv": [ 0.0, 0.0, 0.25, 2.5 ] },
										"south": { "texture": "#korper", "uv": [ 0.0, 0.0, 0.25, 2.5 ] },
										"west": { "texture": "#korper", "uv": [ 0.0, 0.0, 0.25, 2.5 ] },
										"up": { "texture": "#korper", "uv": [ 0.0, 0.0, 0.25, 0.25 ] },
										"down": { "texture": "#korper", "uv": [ 0.0, 0.0, 0.25, 0.25 ] }
									}
								}
							]
						}
					]
				},
				{
					"name": "stachel4",
					"from": [ -1.0, -0.75, -0.75 ], 
					"to": [ 0.75, 1.0, 1.0 ], 
					"rotationOrigin": [ -1.0, -0.75, -0.75 ],
					"faces": {
						"north": { "texture": "#korper", "uv": [ 0.0, 0.0, 1.625, 1.75 ] },
						"east": { "texture": "#korper", "uv": [ 0.0, 0.0, 1.625, 1.75 ] },
						"south": { "texture": "#korper", "uv": [ 0.0, 0.0, 1.625, 1.75 ] },
						"west": { "texture": "#korper", "uv": [ 0.0, 0.0, 1.625, 1.75 ] },
						"up": { "texture": "#korper", "uv": [ 0.0, 0.0, 1.625, 1.625 ] },
						"down": { "texture": "#korper", "uv": [ 0.0, 0.0, 1.625, 1.625 ] }
					},
					"children": [
						{
							"name": "Cube23",
							"from": [ -0.75, -0.75, -0.75 ], 
							"to": [ 0.5, 0.5, 0.5 ], 
							"rotationOrigin": [ -0.75, -0.75, -0.75 ],
							"faces": {
								"north": { "texture": "#korper", "uv": [ 0.0, 0.0, 1.125, 1.25 ] },
								"east": { "texture": "#korper", "uv": [ 0.0, 0.0, 1.125, 1.25 ] },
								"south": { "texture": "#korper", "uv": [ 0.0, 0.0, 1.125, 1.25 ] },
								"west": { "texture": "#korper", "uv": [ 0.0, 0.0, 1.125, 1.25 ] },
								"up": { "texture": "#korper", "uv": [ 0.0, 0.0, 1.125, 1.125 ] },
								"down": { "texture": "#korper", "uv": [ 0.0, 0.0, 1.125, 1.125 ] }
							},
							"children": [
								{
									"name": "Cube24",
									"from": [ 0.0, -2.5, 0.0 ], 
									"to": [ 0.25, 0.0, 0.25 ], 
									"rotationOrigin": [ 0.0, -2.5, 0.0 ],
									"faces": {
										"north": { "texture": "#korper", "uv": [ 0.0, 0.0, 0.25, 2.5 ] },
										"east": { "texture": "#korper", "uv": [ 0.0, 0.0, 0.25, 2.5 ] },
										"south": { "texture": "#korper", "uv": [ 0.0, 0.0, 0.25, 2.5 ] },
										"west": { "texture": "#korper", "uv": [ 0.0, 0.0, 0.25, 2.5 ] },
										"up": { "texture": "#korper", "uv": [ 0.0, 0.0, 0.25, 0.25 ] },
										"down": { "texture": "#korper", "uv": [ 0.0, 0.0, 0.25, 0.25 ] }
									}
								}
							]
						}
					]
				},
				{
					"name": "stachel5",
					"from": [ -1.0, 17.0, 17.0 ], 
					"to": [ 0.75, 18.75, 18.75 ], 
					"rotationOrigin": [ 0.75, 17.0, 17.0 ],
					"rotationX": -179.999989,
					"rotationY": 7.0E-6,
					"faces": {
						"north": { "texture": "#korper", "uv": [ 0.0, 0.0, 1.625, 1.75 ] },
						"east": { "texture": "#korper", "uv": [ 0.0, 0.0, 1.625, 1.75 ] },
						"south": { "texture": "#korper", "uv": [ 0.0, 0.0, 1.625, 1.75 ] },
						"west": { "texture": "#korper", "uv": [ 0.0, 0.0, 1.625, 1.75 ] },
						"up": { "texture": "#korper", "uv": [ 0.0, 0.0, 1.625, 1.625 ] },
						"down": { "texture": "#korper", "uv": [ 0.0, 0.0, 1.625, 1.625 ] }
					},
					"children": [
						{
							"name": "Cube26",
							"from": [ -0.75, -0.75, -0.75 ], 
							"to": [ 0.5, 0.5, 0.5 ], 
							"rotationOrigin": [ -0.75, -0.75, -0.75 ],
							"faces": {
								"north": { "texture": "#korper", "uv": [ 0.0, 0.0, 1.125, 1.25 ] },
								"east": { "texture": "#korper", "uv": [ 0.0, 0.0, 1.125, 1.25 ] },
								"south": { "texture": "#korper", "uv": [ 0.0, 0.0, 1.125, 1.25 ] },
								"west": { "texture": "#korper", "uv": [ 0.0, 0.0, 1.125, 1.25 ] },
								"up": { "texture": "#korper", "uv": [ 0.0, 0.0, 1.125, 1.125 ] },
								"down": { "texture": "#korper", "uv": [ 0.0, 0.0, 1.125, 1.125 ] }
							},
							"children": [
								{
									"name": "Cube27",
									"from": [ 0.0, -2.5, 0.0 ], 
									"to": [ 0.25, 0.0, 0.25 ], 
									"rotationOrigin": [ 0.0, -2.5, 0.0 ],
									"faces": {
										"north": { "texture": "#korper", "uv": [ 0.0, 0.0, 0.25, 2.5 ] },
										"east": { "texture": "#korper", "uv": [ 0.0, 0.0, 0.25, 2.5 ] },
										"south": { "texture": "#korper", "uv": [ 0.0, 0.0, 0.25, 2.5 ] },
										"west": { "texture": "#korper", "uv": [ 0.0, 0.0, 0.25, 2.5 ] },
										"up": { "texture": "#korper", "uv": [ 0.0, 0.0, 0.25, 0.25 ] },
										"down": { "texture": "#korper", "uv": [ 0.0, 0.0, 0.25, 0.25 ] }
									}
								}
							]
						}
					]
				},
				{
					"name": "stachel6",
					"from": [ -2.75, 17.0, -1.0 ], 
					"to": [ -1.0, 18.75, 0.75 ], 
					"rotationOrigin": [ -1.0, 17.0, 0.75 ],
					"rotationY": -1.4E-5,
					"rotationZ": -179.999978,
					"faces": {
						"north": { "texture": "#korper", "uv": [ 0.0, 0.0, 1.625, 1.75 ] },
						"east": { "texture": "#korper", "uv": [ 0.0, 0.0, 1.625, 1.75 ] },
						"south": { "texture": "#korper", "uv": [ 0.0, 0.0, 1.625, 1.75 ] },
						"west": { "texture": "#korper", "uv": [ 0.0, 0.0, 1.625, 1.75 ] },
						"up": { "texture": "#korper", "uv": [ 0.0, 0.0, 1.625, 1.625 ] },
						"down": { "texture": "#korper", "uv": [ 0.0, 0.0, 1.625, 1.625 ] }
					},
					"children": [
						{
							"name": "Cube29",
							"from": [ 1.25, -0.75, -0.75 ], 
							"to": [ 2.5, 0.5, 0.5 ], 
							"rotationOrigin": [ 2.5, -0.75, -0.75 ],
							"faces": {
								"north": { "texture": "#korper", "uv": [ 0.0, 0.0, 1.125, 1.25 ] },
								"east": { "texture": "#korper", "uv": [ 0.0, 0.0, 1.125, 1.25 ] },
								"south": { "texture": "#korper", "uv": [ 0.0, 0.0, 1.125, 1.25 ] },
								"west": { "texture": "#korper", "uv": [ 0.0, 0.0, 1.125, 1.25 ] },
								"up": { "texture": "#korper", "uv": [ 0.0, 0.0, 1.125, 1.125 ] },
								"down": { "texture": "#korper", "uv": [ 0.0, 0.0, 1.125, 1.125 ] }
							},
							"children": [
								{
									"name": "Cube30",
									"from": [ 1.0, -2.5, 0.0 ], 
									"to": [ 1.25, 0.0, 0.25 ], 
									"rotationOrigin": [ 1.25, -2.5, 0.0 ],
									"faces": {
										"north": { "texture": "#korper", "uv": [ 0.0, 0.0, 0.25, 2.5 ] },
										"east": { "texture": "#korper", "uv": [ 0.0, 0.0, 0.25, 2.5 ] },
										"south": { "texture": "#korper", "uv": [ 0.0, 0.0, 0.25, 2.5 ] },
										"west": { "texture": "#korper", "uv": [ 0.0, 0.0, 0.25, 2.5 ] },
										"up": { "texture": "#korper", "uv": [ 0.0, 0.0, 0.25, 0.25 ] },
										"down": { "texture": "#korper", "uv": [ 0.0, 0.0, 0.25, 0.25 ] }
									}
								}
							]
						}
					]
				},
				{
					"name": "stachel7",
					"from": [ 15.25, 17.0, -2.75 ], 
					"to": [ 17.0, 18.75, -1.0 ], 
					"rotationOrigin": [ 15.25, 17.0, -1.0 ],
					"rotationX": 179.999967,
					"rotationY": 2.1E-5,
					"faces": {
						"north": { "texture": "#korper", "uv": [ 0.0, 0.0, 1.625, 1.75 ] },
						"east": { "texture": "#korper", "uv": [ 0.0, 0.0, 1.625, 1.75 ] },
						"south": { "texture": "#korper", "uv": [ 0.0, 0.0, 1.625, 1.75 ] },
						"west": { "texture": "#korper", "uv": [ 0.0, 0.0, 1.625, 1.75 ] },
						"up": { "texture": "#korper", "uv": [ 0.0, 0.0, 1.625, 1.625 ] },
						"down": { "texture": "#korper", "uv": [ 0.0, 0.0, 1.625, 1.625 ] }
					},
					"children": [
						{
							"name": "Cube32",
							"from": [ 1.25, -0.75, 1.25 ], 
							"to": [ 2.5, 0.5, 2.5 ], 
							"rotationOrigin": [ 2.5, -0.75, 2.5 ],
							"faces": {
								"north": { "texture": "#korper", "uv": [ 0.0, 0.0, 1.125, 1.25 ] },
								"east": { "texture": "#korper", "uv": [ 0.0, 0.0, 1.125, 1.25 ] },
								"south": { "texture": "#korper", "uv": [ 0.0, 0.0, 1.125, 1.25 ] },
								"west": { "texture": "#korper", "uv": [ 0.0, 0.0, 1.125, 1.25 ] },
								"up": { "texture": "#korper", "uv": [ 0.0, 0.0, 1.125, 1.125 ] },
								"down": { "texture": "#korper", "uv": [ 0.0, 0.0, 1.125, 1.125 ] }
							},
							"children": [
								{
									"name": "Cube33",
									"from": [ 1.0, -2.5, 1.0 ], 
									"to": [ 1.25, 0.0, 1.25 ], 
									"rotationOrigin": [ 1.25, -2.5, 1.25 ],
									"faces": {
										"north": { "texture": "#korper", "uv": [ 0.0, 0.0, 0.25, 2.5 ] },
										"east": { "texture": "#korper", "uv": [ 0.0, 0.0, 0.25, 2.5 ] },
										"south": { "texture": "#korper", "uv": [ 0.0, 0.0, 0.25, 2.5 ] },
										"west": { "texture": "#korper", "uv": [ 0.0, 0.0, 0.25, 2.5 ] },
										"up": { "texture": "#korper", "uv": [ 0.0, 0.0, 0.25, 0.25 ] },
										"down": { "texture": "#korper", "uv": [ 0.0, 0.0, 0.25, 0.25 ] }
									}
								}
							]
						}
					]
				},
				{
					"name": "stachel8",
					"from": [ 17.0, 17.0, 15.25 ], 
					"to": [ 18.75, 18.75, 17.0 ], 
					"rotationOrigin": [ 17.0, 17.0, 15.25 ],
					"rotationY": -2.8E-5,
					"rotationZ": 179.999956,
					"faces": {
						"north": { "texture": "#korper", "uv": [ 0.0, 0.0, 1.625, 1.75 ] },
						"east": { "texture": "#korper", "uv": [ 0.0, 0.0, 1.625, 1.75 ] },
						"south": { "texture": "#korper", "uv": [ 0.0, 0.0, 1.625, 1.75 ] },
						"west": { "texture": "#korper", "uv": [ 0.0, 0.0, 1.625, 1.75 ] },
						"up": { "texture": "#korper", "uv": [ 0.0, 0.0, 1.625, 1.625 ] },
						"down": { "texture": "#korper", "uv": [ 0.0, 0.0, 1.625, 1.625 ] }
					},
					"children": [
						{
							"name": "Cube35",
							"from": [ -0.75, -0.75, 1.25 ], 
							"to": [ 0.5, 0.5, 2.5 ], 
							"rotationOrigin": [ -0.75, -0.75, 2.5 ],
							"faces": {
								"north": { "texture": "#korper", "uv": [ 0.0, 0.0, 1.125, 1.25 ] },
								"east": { "texture": "#korper", "uv": [ 0.0, 0.0, 1.125, 1.25 ] },
								"south": { "texture": "#korper", "uv": [ 0.0, 0.0, 1.125, 1.25 ] },
								"west": { "texture": "#korper", "uv": [ 0.0, 0.0, 1.125, 1.25 ] },
								"up": { "texture": "#korper", "uv": [ 0.0, 0.0, 1.125, 1.125 ] },
								"down": { "texture": "#korper", "uv": [ 0.0, 0.0, 1.125, 1.125 ] }
							},
							"children": [
								{
									"name": "Cube36",
									"from": [ 0.0, -2.5, 1.0 ], 
									"to": [ 0.25, 0.0, 1.25 ], 
									"rotationOrigin": [ 0.0, -2.5, 1.25 ],
									"faces": {
										"north": { "texture": "#korper", "uv": [ 0.0, 0.0, 0.25, 2.5 ] },
										"east": { "texture": "#korper", "uv": [ 0.0, 0.0, 0.25, 2.5 ] },
										"south": { "texture": "#korper", "uv": [ 0.0, 0.0, 0.25, 2.5 ] },
										"west": { "texture": "#korper", "uv": [ 0.0, 0.0, 0.25, 2.5 ] },
										"up": { "texture": "#korper", "uv": [ 0.0, 0.0, 0.25, 0.25 ] },
										"down": { "texture": "#korper", "uv": [ 0.0, 0.0, 0.25, 0.25 ] }
									}
								}
							]
						}
					]
				}
			]
		}
	],
	"animations": [
		{
			"name": "rotate",
			"code": "Rotate",
			"quantityframes": 30,
			"onActivityStopped": "Stop",
			"onAnimationEnd": "Repeat",
			"keyframes": [
				{
					"frame": 0,
					"elements": {
						"Cube1": {  },
						"rotation5": { "rotationX": 0.0, "rotationY": 0.0, "rotationZ": 0.0 },
						"rotation6": { "rotationX": 0.0, "rotationY": 0.0, "rotationZ": 0.0 },
						"rotation7": { "rotationX": 0.0, "rotationY": 0.0, "rotationZ": 0.0 },
						"rotation8": { "rotationX": 0.0, "rotationY": 0.0, "rotationZ": 0.0 }
					}
				},
				{
					"frame": 29,
					"elements": {
						"Cube1": {  },
						"rotation5": { "rotationX": 0.0, "rotationY": -360.0, "rotationZ": 0.0 },
						"rotation6": { "rotationX": 0.0, "rotationY": -360.0, "rotationZ": 0.0 },
						"rotation7": { "rotationX": 0.0, "rotationY": 360.0, "rotationZ": 0.0 },
						"rotation8": { "rotationX": 0.0, "rotationY": 360.0, "rotationZ": 0.0 }
					}
				}
			]
		}
	]
}