{
	"editor": {
		"allAngles": false,
		"entityTextureMode": false
	},
	"textureWidth": 16,
	"textureHeight": 16,
	"textureSizes": {
	},
	"textures": {
		"soul": "entity/boss/soul"
	},
	"elements": [
		{
			"name": "Kopf",
			"from": [ 4.0, 0.0, 6.0 ], 
			"to": [ 7.0, 3.0, 11.0 ], 
			"rotationOrigin": [ 7.0, 0.0, 11.0 ],
			"faces": {
				"south": { "texture": "#soul", "uv": [ 0.0, 0.0, 3.0, 3.0 ], "glow": 255 },
				"west": { "texture": "#soul", "uv": [ 0.0, 0.0, 5.0, 3.0 ], "glow": 255 },
				"north": { "texture": "#soul", "uv": [ 0.0, 0.0, 3.0, 3.0 ], "glow": 255 },
				"east": { "texture": "#soul", "uv": [ 0.0, 0.0, 5.0, 3.0 ], "glow": 255 },
				"up": { "texture": "#soul", "uv": [ 0.0, 0.0, 3.0, 5.0 ], "glow": 255 },
				"down": { "texture": "#soul", "uv": [ 0.0, 0.0, 3.0, 5.0 ], "glow": 255 }
			},
			"children": [
				{
					"name": "Unterkiefer",
					"from": [ -3.0, 0.0, 0.0 ], 
					"to": [ 0.0, 0.5, 5.0 ], 
					"rotationOrigin": [ 0.0, 0.0, 5.0 ],
					"faces": {
						"south": { "texture": "#soul", "uv": [ 0.0, 0.0, 3.0, 0.5 ], "glow": 255 },
						"west": { "texture": "#soul", "uv": [ 0.0, 0.0, 5.0, 0.5 ], "glow": 255 },
						"north": { "texture": "#soul", "uv": [ 0.0, 0.0, 3.0, 0.5 ], "glow": 255 },
						"east": { "texture": "#soul", "uv": [ 0.0, 0.0, 5.0, 0.5 ], "glow": 255 },
						"up": { "texture": "#soul", "uv": [ 0.0, 0.0, 3.0, 5.0 ], "glow": 255 },
						"down": { "texture": "#soul", "uv": [ 0.0, 0.0, 3.0, 5.0 ], "glow": 255 }
					},
					"children": [
						{
							"name": "Cube4",
							"from": [ 2.0, 0.5, 5.0 ], 
							"to": [ 2.5, 1.0, 5.0 ], 
							"rotationOrigin": [ 2.5, 0.5, 5.0 ],
							"faces": {
								"south": { "texture": "#soul", "uv": [ 0.0, 0.0, 0.5, 0.5 ] },
								"west": { "texture": "#soul", "uv": [ 0.0, 0.0, 0.5, 0.5 ] },
								"north": { "texture": "#soul", "uv": [ 0.0, 0.0, 0.5, 0.5 ] },
								"east": { "texture": "#soul", "uv": [ 0.0, 0.0, 0.5, 0.5 ] },
								"up": { "texture": "#soul", "uv": [ 0.0, 0.0, 0.5, 0.5 ] },
								"down": { "texture": "#soul", "uv": [ 0.0, 0.0, 0.5, 0.5 ] }
							}
						},
						{
							"name": "Cube5",
							"from": [ 1.0, 0.5, 5.0 ], 
							"to": [ 1.5, 1.0, 5.0 ], 
							"rotationOrigin": [ 1.5, 0.5, 5.0 ],
							"faces": {
								"south": { "texture": "#soul", "uv": [ 0.0, 0.0, 0.5, 0.5 ] },
								"west": { "texture": "#soul", "uv": [ 0.0, 0.0, 0.5, 0.5 ] },
								"north": { "texture": "#soul", "uv": [ 0.0, 0.0, 0.5, 0.5 ] },
								"east": { "texture": "#soul", "uv": [ 0.0, 0.0, 0.5, 0.5 ] },
								"up": { "texture": "#soul", "uv": [ 0.0, 0.0, 0.5, 0.5 ] },
								"down": { "texture": "#soul", "uv": [ 0.0, 0.0, 0.5, 0.5 ] }
							}
						},
						{
							"name": "Cube6",
							"from": [ 0.0, 0.5, 5.0 ], 
							"to": [ 0.5, 1.0, 5.0 ], 
							"rotationOrigin": [ 0.5, 0.5, 5.0 ],
							"faces": {
								"south": { "texture": "#soul", "uv": [ 0.0, 0.0, 0.5, 0.5 ] },
								"west": { "texture": "#soul", "uv": [ 0.0, 0.0, 0.5, 0.5 ] },
								"north": { "texture": "#soul", "uv": [ 0.0, 0.0, 0.5, 0.5 ] },
								"east": { "texture": "#soul", "uv": [ 0.0, 0.0, 0.5, 0.5 ] },
								"up": { "texture": "#soul", "uv": [ 0.0, 0.0, 0.5, 0.5 ] },
								"down": { "texture": "#soul", "uv": [ 0.0, 0.0, 0.5, 0.5 ] }
							}
						},
						{
							"name": "Cube7",
							"from": [ 0.0, 0.5, 0.0 ], 
							"to": [ 0.5, 1.0, 0.0 ], 
							"rotationOrigin": [ 0.5, 0.5, 0.0 ],
							"faces": {
								"south": { "texture": "#soul", "uv": [ 0.0, 0.0, 0.5, 0.5 ] },
								"west": { "texture": "#soul", "uv": [ 0.0, 0.0, 0.5, 0.5 ] },
								"north": { "texture": "#soul", "uv": [ 0.0, 0.0, 0.5, 0.5 ] },
								"east": { "texture": "#soul", "uv": [ 0.0, 0.0, 0.5, 0.5 ] },
								"up": { "texture": "#soul", "uv": [ 0.0, 0.0, 0.5, 0.5 ] },
								"down": { "texture": "#soul", "uv": [ 0.0, 0.0, 0.5, 0.5 ] }
							}
						},
						{
							"name": "Cube8",
							"from": [ 1.0, 0.5, 0.0 ], 
							"to": [ 1.5, 1.0, 0.0 ], 
							"rotationOrigin": [ 1.5, 0.5, 0.0 ],
							"faces": {
								"south": { "texture": "#soul", "uv": [ 0.0, 0.0, 0.5, 0.5 ] },
								"west": { "texture": "#soul", "uv": [ 0.0, 0.0, 0.5, 0.5 ] },
								"north": { "texture": "#soul", "uv": [ 0.0, 0.0, 0.5, 0.5 ] },
								"east": { "texture": "#soul", "uv": [ 0.0, 0.0, 0.5, 0.5 ] },
								"up": { "texture": "#soul", "uv": [ 0.0, 0.0, 0.5, 0.5 ] },
								"down": { "texture": "#soul", "uv": [ 0.0, 0.0, 0.5, 0.5 ] }
							}
						},
						{
							"name": "Cube9",
							"from": [ 2.0, 0.5, 0.0 ], 
							"to": [ 2.5, 1.0, 0.0 ], 
							"rotationOrigin": [ 2.5, 0.5, 0.0 ],
							"faces": {
								"south": { "texture": "#soul", "uv": [ 0.0, 0.0, 0.5, 0.5 ] },
								"west": { "texture": "#soul", "uv": [ 0.0, 0.0, 0.5, 0.5 ] },
								"north": { "texture": "#soul", "uv": [ 0.0, 0.0, 0.5, 0.5 ] },
								"east": { "texture": "#soul", "uv": [ 0.0, 0.0, 0.5, 0.5 ] },
								"up": { "texture": "#soul", "uv": [ 0.0, 0.0, 0.5, 0.5 ] },
								"down": { "texture": "#soul", "uv": [ 0.0, 0.0, 0.5, 0.5 ] }
							}
						},
						{
							"name": "Cube10",
							"from": [ 0.0, 0.5, 4.5 ], 
							"to": [ 0.0, 1.0, 5.0 ], 
							"rotationOrigin": [ 0.0, 0.5, 5.0 ],
							"faces": {
								"south": { "texture": "#soul", "uv": [ 0.0, 0.0, 0.5, 0.5 ] },
								"west": { "texture": "#soul", "uv": [ 0.0, 0.0, 0.5, 0.5 ] },
								"north": { "texture": "#soul", "uv": [ 0.0, 0.0, 0.5, 0.5 ] },
								"east": { "texture": "#soul", "uv": [ 0.0, 0.0, 0.5, 0.5 ] },
								"up": { "texture": "#soul", "uv": [ 0.0, 0.0, 0.5, 0.5 ] },
								"down": { "texture": "#soul", "uv": [ 0.0, 0.0, 0.5, 0.5 ] }
							}
						},
						{
							"name": "Cube11",
							"from": [ 0.0, 0.5, 3.5 ], 
							"to": [ 0.0, 1.0, 4.0 ], 
							"rotationOrigin": [ 0.0, 0.5, 4.0 ],
							"faces": {
								"south": { "texture": "#soul", "uv": [ 0.0, 0.0, 0.5, 0.5 ] },
								"west": { "texture": "#soul", "uv": [ 0.0, 0.0, 0.5, 0.5 ] },
								"north": { "texture": "#soul", "uv": [ 0.0, 0.0, 0.5, 0.5 ] },
								"east": { "texture": "#soul", "uv": [ 0.0, 0.0, 0.5, 0.5 ] },
								"up": { "texture": "#soul", "uv": [ 0.0, 0.0, 0.5, 0.5 ] },
								"down": { "texture": "#soul", "uv": [ 0.0, 0.0, 0.5, 0.5 ] }
							}
						},
						{
							"name": "Cube12",
							"from": [ 0.0, 0.5, 2.25 ], 
							"to": [ 0.0, 1.0, 2.75 ], 
							"rotationOrigin": [ 0.0, 0.5, 2.8 ],
							"faces": {
								"south": { "texture": "#soul", "uv": [ 0.0, 0.0, 0.5, 0.5 ] },
								"west": { "texture": "#soul", "uv": [ 0.0, 0.0, 0.5, 0.5 ] },
								"north": { "texture": "#soul", "uv": [ 0.0, 0.0, 0.5, 0.5 ] },
								"east": { "texture": "#soul", "uv": [ 0.0, 0.0, 0.5, 0.5 ] },
								"up": { "texture": "#soul", "uv": [ 0.0, 0.0, 0.5, 0.5 ] },
								"down": { "texture": "#soul", "uv": [ 0.0, 0.0, 0.5, 0.5 ] }
							}
						},
						{
							"name": "Cube13",
							"from": [ 0.0, 0.5, 1.0 ], 
							"to": [ 0.0, 1.0, 1.5 ], 
							"rotationOrigin": [ 0.0, 0.5, 1.5 ],
							"faces": {
								"south": { "texture": "#soul", "uv": [ 0.0, 0.0, 0.5, 0.5 ] },
								"west": { "texture": "#soul", "uv": [ 0.0, 0.0, 0.5, 0.5 ] },
								"north": { "texture": "#soul", "uv": [ 0.0, 0.0, 0.5, 0.5 ] },
								"east": { "texture": "#soul", "uv": [ 0.0, 0.0, 0.5, 0.5 ] },
								"up": { "texture": "#soul", "uv": [ 0.0, 0.0, 0.5, 0.5 ] },
								"down": { "texture": "#soul", "uv": [ 0.0, 0.0, 0.5, 0.5 ] }
							}
						},
						{
							"name": "Cube14",
							"from": [ 0.0, 0.5, 0.0 ], 
							"to": [ 0.0, 1.0, 0.5 ], 
							"rotationOrigin": [ 0.0, 0.5, 0.5 ],
							"faces": {
								"south": { "texture": "#soul", "uv": [ 0.0, 0.0, 0.5, 0.5 ] },
								"west": { "texture": "#soul", "uv": [ 0.0, 0.0, 0.5, 0.5 ] },
								"north": { "texture": "#soul", "uv": [ 0.0, 0.0, 0.5, 0.5 ] },
								"east": { "texture": "#soul", "uv": [ 0.0, 0.0, 0.5, 0.5 ] },
								"up": { "texture": "#soul", "uv": [ 0.0, 0.0, 0.5, 0.5 ] },
								"down": { "texture": "#soul", "uv": [ 0.0, 0.0, 0.5, 0.5 ] }
							}
						}
					]
				},
				{
					"name": "Oberkiefer",
					"from": [ -3.0, 3.0, -5.0 ], 
					"to": [ 0.0, 3.5, 0.0 ], 
					"rotationOrigin": [ 0.0, 3.0, 0.0 ],
					"rotationX": -179.999978,
					"rotationY": 1.4E-5,
					"faces": {
						"south": { "texture": "#soul", "uv": [ 0.0, 0.0, 3.0, 0.5 ], "glow": 255 },
						"west": { "texture": "#soul", "uv": [ 0.0, 0.0, 5.0, 0.5 ], "glow": 255 },
						"north": { "texture": "#soul", "uv": [ 0.0, 0.0, 3.0, 0.5 ], "glow": 255 },
						"east": { "texture": "#soul", "uv": [ 0.0, 0.0, 5.0, 0.5 ], "glow": 255 },
						"up": { "texture": "#soul", "uv": [ 0.0, 0.0, 3.0, 5.0 ], "glow": 255 },
						"down": { "texture": "#soul", "uv": [ 0.0, 0.0, 3.0, 5.0 ], "glow": 255 }
					},
					"children": [
						{
							"name": "Cube15",
							"from": [ 2.0, 0.5, 5.0 ], 
							"to": [ 2.5, 1.0, 5.0 ], 
							"rotationOrigin": [ 2.5, 0.5, 5.0 ],
							"faces": {
								"south": { "texture": "#soul", "uv": [ 0.0, 0.0, 0.5, 0.5 ] },
								"west": { "texture": "#soul", "uv": [ 0.0, 0.0, 0.5, 0.5 ] },
								"north": { "texture": "#soul", "uv": [ 0.0, 0.0, 0.5, 0.5 ] },
								"east": { "texture": "#soul", "uv": [ 0.0, 0.0, 0.5, 0.5 ] },
								"up": { "texture": "#soul", "uv": [ 0.0, 0.0, 0.5, 0.5 ] },
								"down": { "texture": "#soul", "uv": [ 0.0, 0.0, 0.5, 0.5 ] }
							}
						},
						{
							"name": "Cube16",
							"from": [ 1.0, 0.5, 5.0 ], 
							"to": [ 1.5, 1.0, 5.0 ], 
							"rotationOrigin": [ 1.5, 0.5, 5.0 ],
							"faces": {
								"south": { "texture": "#soul", "uv": [ 0.0, 0.0, 0.5, 0.5 ] },
								"west": { "texture": "#soul", "uv": [ 0.0, 0.0, 0.5, 0.5 ] },
								"north": { "texture": "#soul", "uv": [ 0.0, 0.0, 0.5, 0.5 ] },
								"east": { "texture": "#soul", "uv": [ 0.0, 0.0, 0.5, 0.5 ] },
								"up": { "texture": "#soul", "uv": [ 0.0, 0.0, 0.5, 0.5 ] },
								"down": { "texture": "#soul", "uv": [ 0.0, 0.0, 0.5, 0.5 ] }
							}
						},
						{
							"name": "Cube17",
							"from": [ 0.0, 0.5, 5.0 ], 
							"to": [ 0.5, 1.0, 5.0 ], 
							"rotationOrigin": [ 0.5, 0.5, 5.0 ],
							"faces": {
								"south": { "texture": "#soul", "uv": [ 0.0, 0.0, 0.5, 0.5 ] },
								"west": { "texture": "#soul", "uv": [ 0.0, 0.0, 0.5, 0.5 ] },
								"north": { "texture": "#soul", "uv": [ 0.0, 0.0, 0.5, 0.5 ] },
								"east": { "texture": "#soul", "uv": [ 0.0, 0.0, 0.5, 0.5 ] },
								"up": { "texture": "#soul", "uv": [ 0.0, 0.0, 0.5, 0.5 ] },
								"down": { "texture": "#soul", "uv": [ 0.0, 0.0, 0.5, 0.5 ] }
							}
						},
						{
							"name": "Cube18",
							"from": [ 0.0, 0.5, 0.0 ], 
							"to": [ 0.5, 1.0, 0.0 ], 
							"rotationOrigin": [ 0.5, 0.5, 0.0 ],
							"faces": {
								"south": { "texture": "#soul", "uv": [ 0.0, 0.0, 0.5, 0.5 ] },
								"west": { "texture": "#soul", "uv": [ 0.0, 0.0, 0.5, 0.5 ] },
								"north": { "texture": "#soul", "uv": [ 0.0, 0.0, 0.5, 0.5 ] },
								"east": { "texture": "#soul", "uv": [ 0.0, 0.0, 0.5, 0.5 ] },
								"up": { "texture": "#soul", "uv": [ 0.0, 0.0, 0.5, 0.5 ] },
								"down": { "texture": "#soul", "uv": [ 0.0, 0.0, 0.5, 0.5 ] }
							}
						},
						{
							"name": "Cube19",
							"from": [ 1.0, 0.5, 0.0 ], 
							"to": [ 1.5, 1.0, 0.0 ], 
							"rotationOrigin": [ 1.5, 0.5, 0.0 ],
							"faces": {
								"south": { "texture": "#soul", "uv": [ 0.0, 0.0, 0.5, 0.5 ] },
								"west": { "texture": "#soul", "uv": [ 0.0, 0.0, 0.5, 0.5 ] },
								"north": { "texture": "#soul", "uv": [ 0.0, 0.0, 0.5, 0.5 ] },
								"east": { "texture": "#soul", "uv": [ 0.0, 0.0, 0.5, 0.5 ] },
								"up": { "texture": "#soul", "uv": [ 0.0, 0.0, 0.5, 0.5 ] },
								"down": { "texture": "#soul", "uv": [ 0.0, 0.0, 0.5, 0.5 ] }
							}
						},
						{
							"name": "Cube20",
							"from": [ 2.0, 0.5, 0.0 ], 
							"to": [ 2.5, 1.0, 0.0 ], 
							"rotationOrigin": [ 2.5, 0.5, 0.0 ],
							"faces": {
								"south": { "texture": "#soul", "uv": [ 0.0, 0.0, 0.5, 0.5 ] },
								"west": { "texture": "#soul", "uv": [ 0.0, 0.0, 0.5, 0.5 ] },
								"north": { "texture": "#soul", "uv": [ 0.0, 0.0, 0.5, 0.5 ] },
								"east": { "texture": "#soul", "uv": [ 0.0, 0.0, 0.5, 0.5 ] },
								"up": { "texture": "#soul", "uv": [ 0.0, 0.0, 0.5, 0.5 ] },
								"down": { "texture": "#soul", "uv": [ 0.0, 0.0, 0.5, 0.5 ] }
							}
						},
						{
							"name": "Cube21",
							"from": [ 0.0, 0.5, 4.5 ], 
							"to": [ 0.0, 1.0, 5.0 ], 
							"rotationOrigin": [ 0.0, 0.5, 5.0 ],
							"faces": {
								"south": { "texture": "#soul", "uv": [ 0.0, 0.0, 0.5, 0.5 ] },
								"west": { "texture": "#soul", "uv": [ 0.0, 0.0, 0.5, 0.5 ] },
								"north": { "texture": "#soul", "uv": [ 0.0, 0.0, 0.5, 0.5 ] },
								"east": { "texture": "#soul", "uv": [ 0.0, 0.0, 0.5, 0.5 ] },
								"up": { "texture": "#soul", "uv": [ 0.0, 0.0, 0.5, 0.5 ] },
								"down": { "texture": "#soul", "uv": [ 0.0, 0.0, 0.5, 0.5 ] }
							}
						},
						{
							"name": "Cube22",
							"from": [ 0.0, 0.5, 3.5 ], 
							"to": [ 0.0, 1.0, 4.0 ], 
							"rotationOrigin": [ 0.0, 0.5, 4.0 ],
							"faces": {
								"south": { "texture": "#soul", "uv": [ 0.0, 0.0, 0.5, 0.5 ] },
								"west": { "texture": "#soul", "uv": [ 0.0, 0.0, 0.5, 0.5 ] },
								"north": { "texture": "#soul", "uv": [ 0.0, 0.0, 0.5, 0.5 ] },
								"east": { "texture": "#soul", "uv": [ 0.0, 0.0, 0.5, 0.5 ] },
								"up": { "texture": "#soul", "uv": [ 0.0, 0.0, 0.5, 0.5 ] },
								"down": { "texture": "#soul", "uv": [ 0.0, 0.0, 0.5, 0.5 ] }
							}
						},
						{
							"name": "Cube23",
							"from": [ 0.0, 0.5, 2.25 ], 
							"to": [ 0.0, 1.0, 2.75 ], 
							"rotationOrigin": [ 0.0, 0.5, 2.8 ],
							"faces": {
								"south": { "texture": "#soul", "uv": [ 0.0, 0.0, 0.5, 0.5 ] },
								"west": { "texture": "#soul", "uv": [ 0.0, 0.0, 0.5, 0.5 ] },
								"north": { "texture": "#soul", "uv": [ 0.0, 0.0, 0.5, 0.5 ] },
								"east": { "texture": "#soul", "uv": [ 0.0, 0.0, 0.5, 0.5 ] },
								"up": { "texture": "#soul", "uv": [ 0.0, 0.0, 0.5, 0.5 ] },
								"down": { "texture": "#soul", "uv": [ 0.0, 0.0, 0.5, 0.5 ] }
							}
						},
						{
							"name": "Cube24",
							"from": [ 0.0, 0.5, 1.0 ], 
							"to": [ 0.0, 1.0, 1.5 ], 
							"rotationOrigin": [ 0.0, 0.5, 1.5 ],
							"faces": {
								"south": { "texture": "#soul", "uv": [ 0.0, 0.0, 0.5, 0.5 ] },
								"west": { "texture": "#soul", "uv": [ 0.0, 0.0, 0.5, 0.5 ] },
								"north": { "texture": "#soul", "uv": [ 0.0, 0.0, 0.5, 0.5 ] },
								"east": { "texture": "#soul", "uv": [ 0.0, 0.0, 0.5, 0.5 ] },
								"up": { "texture": "#soul", "uv": [ 0.0, 0.0, 0.5, 0.5 ] },
								"down": { "texture": "#soul", "uv": [ 0.0, 0.0, 0.5, 0.5 ] }
							}
						},
						{
							"name": "Cube25",
							"from": [ 0.0, 0.5, 0.0 ], 
							"to": [ 0.0, 1.0, 0.5 ], 
							"rotationOrigin": [ 0.0, 0.5, 0.5 ],
							"faces": {
								"south": { "texture": "#soul", "uv": [ 0.0, 0.0, 0.5, 0.5 ] },
								"west": { "texture": "#soul", "uv": [ 0.0, 0.0, 0.5, 0.5 ] },
								"north": { "texture": "#soul", "uv": [ 0.0, 0.0, 0.5, 0.5 ] },
								"east": { "texture": "#soul", "uv": [ 0.0, 0.0, 0.5, 0.5 ] },
								"up": { "texture": "#soul", "uv": [ 0.0, 0.0, 0.5, 0.5 ] },
								"down": { "texture": "#soul", "uv": [ 0.0, 0.0, 0.5, 0.5 ] }
							}
						}
					]
				},
				{
					"name": "Schwanz",
					"from": [ 3.0, 0.5, 1.0 ], 
					"to": [ 5.0, 2.5, 4.0 ], 
					"rotationOrigin": [ 5.0, 0.5, 4.0 ],
					"faces": {
						"south": { "texture": "#soul", "uv": [ 0.0, 0.0, 2.0, 2.0 ], "glow": 255 },
						"west": { "texture": "#soul", "uv": [ 0.0, 0.0, 3.0, 2.0 ], "glow": 255 },
						"north": { "texture": "#soul", "uv": [ 0.0, 0.0, 2.0, 2.0 ], "glow": 255 },
						"east": { "texture": "#soul", "uv": [ 0.0, 0.0, 3.0, 2.0 ], "glow": 255 },
						"up": { "texture": "#soul", "uv": [ 0.0, 0.0, 2.0, 3.0 ], "glow": 255 },
						"down": { "texture": "#soul", "uv": [ 0.0, 0.0, 2.0, 3.0 ], "glow": 255 }
					}
				},
				{
					"name": "Schwanz2",
					"from": [ 5.0, 1.0, 1.5 ], 
					"to": [ 7.0, 2.0, 3.5 ], 
					"rotationOrigin": [ 7.0, 1.0, 3.5 ],
					"faces": {
						"south": { "texture": "#soul", "uv": [ 0.0, 0.0, 2.0, 1.0 ], "glow": 255 },
						"west": { "texture": "#soul", "uv": [ 0.0, 0.0, 2.0, 1.0 ], "glow": 255 },
						"north": { "texture": "#soul", "uv": [ 0.0, 0.0, 2.0, 1.0 ], "glow": 255 },
						"east": { "texture": "#soul", "uv": [ 0.0, 0.0, 2.0, 1.0 ], "glow": 255 },
						"up": { "texture": "#soul", "uv": [ 0.0, 0.0, 2.0, 2.0 ], "glow": 255 },
						"down": { "texture": "#soul", "uv": [ 0.0, 0.0, 2.0, 2.0 ], "glow": 255 }
					}
				},
				{
					"name": "Schwanz3",
					"from": [ 7.0, 1.25, 2.0 ], 
					"to": [ 8.0, 1.75, 3.0 ], 
					"rotationOrigin": [ 8.0, 1.2, 3.5 ],
					"faces": {
						"south": { "texture": "#soul", "uv": [ 0.0, 0.0, 1.0, 0.5 ], "glow": 255 },
						"west": { "texture": "#soul", "uv": [ 0.0, 0.0, 1.0, 0.5 ], "glow": 255 },
						"north": { "texture": "#soul", "uv": [ 0.0, 0.0, 1.0, 0.5 ], "glow": 255 },
						"east": { "texture": "#soul", "uv": [ 0.0, 0.0, 1.0, 0.5 ], "glow": 255 },
						"up": { "texture": "#soul", "uv": [ 0.0, 0.0, 1.0, 1.0 ], "glow": 255 },
						"down": { "texture": "#soul", "uv": [ 0.0, 0.0, 1.0, 1.0 ], "glow": 255 }
					}
				}
			]
		}
	]}