{
	code: "bullkelp",
	class: "Bullkelp",
	variantgroups: [
		{"code": "type", "name": "type", "states": ["top", "section"] } 
	],
	creativeinventory: { "general": ["*"], "DieMod": ["*"] },
	shape: { base: "block/plant/water/bullkelp_{type}*" },
	drawtype: "JSONAndWater",
	renderpass: "liquid",
	matterstate: "liquid",
	blockmaterial: "liquid",
	faceCullMode: "liquid",
	doNotRenderAtLod2: true,
	randomDrawOffset: true,
	liquidCode: "water",
	randomizeAxes: "xz",
	randomizeRotations: true,
	textures: {
		bullkelp_section: { base: "block/plant/water/bullkelp/bullkelp_section" },
		north: { base: "game:block/liquid/water" },
		east: { base: "game:block/liquid/water" },
		south: { base: "game:block/liquid/water" },
		west: { base: "game:block/liquid/water" },
		up: { base: "game:block/liquid/water" },
		down: { base: "game:block/liquid/water" },
		specialSecondTexture: { base: "game:block/liquid/water" }
	},
	liquidLevel: 7,
	sideopaque: {
		all: false
	},
	sidesolid: {
		all: false
	},
	replaceable: 3000,
	lightAbsorption: 2,
	resistance: 0.5,
	collisionbox: null,
	selectionboxByType: {
		"*-top": { x1: 0.3, y1: 0, z1: 0.3, x2: 0.6, y2: 0.7, z2: 0.6},
		"*-section": { x1: 0.4, y1: 0, z1: 0.4, x2: 0.6, y2: 1, z2: 0.6}
	},
	sounds: {
		place: "game:block/plant",
		break: "game:block/plant",
		hit: "game:block/plant",
		inside: "game:walk/water"
	},
	materialDensity: 200,
	vertexFlags: {
		leavesWindWave: true,
	},
	drops: []
}
