{
	code: "seagrass",
	class: "Seagrass",
	variantgroups: [
		{"code": "type", "name": "type", "states": ["top", "normal"] } 
	],
	creativeinventory: { "general": ["*"], "DieMod": ["*"] },
	shape: { base: "block/plant/water/seagrass" },
	drawtype: "JSONAndWater",
	renderpass: "liquid",
	matterstate: "liquid",
	blockmaterial: "liquid",
	faceCullMode: "liquid",
	doNotRenderAtLod2: true,
	randomDrawOffset: true,
	liquidCode: "water",
	randomizeAxes: "xz",
	randomizeRotations: true,
	textures: {
		seagrass_normal: { base: "block/plant/water/seagrass/seagrass_{type}" },
		north: { base: "game:block/liquid/water" },
		east: { base: "game:block/liquid/water" },
		south: { base: "game:block/liquid/water" },
		west: { base: "game:block/liquid/water" },
		up: { base: "game:block/liquid/water" },
		down: { base: "game:block/liquid/water" },
		specialSecondTexture: { base: "game:block/liquid/water2" }
	},
	liquidLevel: 7,
	sideopaque: {
		all: false
	},
	sidesolid: {
		all: false
	},
	replaceable: 3000,
	lightAbsorption: 2,
	resistance: 0.5,
	collisionbox: null,
	selectionbox: {
		x1: 0, y1: 0, z1: 0,
		x2: 1, y2: 1, z2: 1
	},
	sounds: {
		place: "game:block/plant",
		break: "game:block/plant",
		hit: "game:block/plant",
		inside: "game:walk/water"
	},
	materialDensity: 200,
	vertexFlags: {
		grassWindwave: true
	},
	drops: []
}
