{
	code: "sugarkelp",
	class: "Sugarkelp",
	variantgroups: [
		{"code": "type", "name": "type", "states": ["top", "section", "buttom"] } 
	],
	creativeinventory: { "general": ["*"], "DieMod": ["*"] },
	shape: { base: "block/plant/water/sugarkelp_{type}" },
	drawtype: "JSONAndWater",
	renderpass: "liquid",
	matterstate: "liquid",
	blockmaterial: "liquid",
	faceCullMode: "liquid",
	doNotRenderAtLod2: true,
	randomDrawOffset: true,
	liquidCode: "water",
	randomizeAxes: "xz",
	randomizeRotations: true,
	textures: {
		sugarkelp_section: { base: "block/plant/water/sugarkelp/sugarkelp_section*" },
		sugarkelp_buttom: { base: "block/plant/water/sugarkelp/sugarkelp_buttom*" },
		sugarkelp_top: { base: "block/plant/water/sugarkelp/sugarkelp_top*" },
		north: { base: "game:block/liquid/water" },
		east: { base: "game:block/liquid/water" },
		south: { base: "game:block/liquid/water" },
		west: { base: "game:block/liquid/water" },
		up: { base: "game:block/liquid/water" },
		down: { base: "game:block/liquid/water" },
		specialSecondTexture: { base: "game:block/liquid/water" }
	},
	liquidLevel: 7,
	sideopaque: {
		all: false
	},
	sidesolid: {
		all: false
	},
	replaceable: 3000,
	lightAbsorption: 2,
	resistance: 0.5,
	collisionbox: null,
	selectionboxByType: {
		"*-top": { x1: 0.2, y1: 0, z1: 0.2, x2: 0.8, y2: 0.7, z2: 0.8},
		"*-section": { x1: 0.2, y1: 0, z1: 0.2, x2: 0.8, y2: 1, z2: 0.8},
		"*-buttom": { x1: 0.2, y1: 0, z1: 0.2, x2: 0.8, y2: 1, z2: 0.8}
	},
	sounds: {
		place: "game:block/plant",
		break: "game:block/plant",
		hit: "game:block/plant",
		inside: "game:walk/water"
	},
	materialDensity: 200,
	vertexFlags: {
		leavesWindWave: true,
	},
	drops: []
}
