{
	"editor": {
		"allAngles": false,
		"entityTextureMode": false
	},
	"textureWidth": 16,
	"textureHeight": 16,
	"textureSizes": {
	},
	"textures": {
		"soulgolem": "entity/dungeon/soulgolem"
	},
	"elements": [
		{
			"name": "Cube9",
			"from": [ 4.0, 15.0, 4.0 ], 
			"to": [ 12.0, 32.0, 12.0 ], 
			"rotationOrigin": [ 12.0, 15.0, 4.0 ],
			"faces": {
				"north": { "texture": "#soulgolem", "uv": [ 0.0, 0.0, 6.5, 15.75 ], "autoUv": false },
				"east": { "texture": "#soulgolem", "uv": [ 0.0, 0.0, 6.25, 15.5 ], "autoUv": false },
				"south": { "texture": "#soulgolem", "uv": [ 0.0, 0.0, 6.75, 15.5 ], "autoUv": false },
				"west": { "texture": "#soulgolem", "uv": [ 0.0, 0.0, 6.5, 15.75 ], "autoUv": false },
				"up": { "texture": "#soulgolem", "uv": [ 0.0, 0.0, 8.0, 8.0 ] },
				"down": { "texture": "#soulgolem", "uv": [ 0.0, 0.0, 8.0, 8.0 ] }
			},
			"children": [
				{
					"name": "Cube8",
					"from": [ 2.0, -7.0, -4.0 ], 
					"to": [ 6.0, 1.0, 0.0 ], 
					"rotationOrigin": [ 4.0, -7.0, 0.0 ],
					"rotationX": 22.499998,
					"rotationZ": -1.0E-6,
					"faces": {
						"north": { "texture": "#soulgolem", "uv": [ 0.0, 0.0, 4.0, 8.0 ] },
						"east": { "texture": "#soulgolem", "uv": [ 0.0, 0.0, 4.0, 8.0 ] },
						"south": { "texture": "#soulgolem", "uv": [ 0.0, 0.0, 4.0, 8.0 ] },
						"west": { "texture": "#soulgolem", "uv": [ 0.0, 0.0, 4.0, 8.0 ] },
						"up": { "texture": "#soulgolem", "uv": [ 0.0, 0.0, 4.0, 4.0 ] },
						"down": { "texture": "#soulgolem", "uv": [ 0.0, 0.0, 4.0, 4.0 ] }
					},
					"children": [
						{
							"name": "Cube4",
							"from": [ 0.0, -8.9218, 3.3659 ], 
							"to": [ 4.0, 0.0782, 7.3659 ], 
							"rotationOrigin": [ 4.0, -8.9218, 3.3659 ],
							"rotationX": -22.499998,
							"rotationZ": 1.0E-6,
							"faces": {
								"north": { "texture": "#soulgolem", "uv": [ 0.0, 0.0, 4.0, 9.0 ] },
								"east": { "texture": "#soulgolem", "uv": [ 0.0, 0.0, 4.0, 9.0 ] },
								"south": { "texture": "#soulgolem", "uv": [ 0.0, 0.0, 4.0, 9.0 ] },
								"west": { "texture": "#soulgolem", "uv": [ 0.0, 0.0, 4.0, 9.0 ] },
								"up": { "texture": "#soulgolem", "uv": [ 0.0, 0.0, 4.0, 4.0 ] },
								"down": { "texture": "#soulgolem", "uv": [ 0.0, 0.0, 4.0, 4.0 ] }
							}
						}
					]
				},
				{
					"name": "Cube5",
					"from": [ 8.0, -7.0, 2.0 ], 
					"to": [ 12.0, 1.0, 6.0 ], 
					"rotationOrigin": [ 8.0, -7.0, 4.0 ],
					"rotationX": 1.0E-6,
					"rotationZ": 22.499998,
					"faces": {
						"north": { "texture": "#soulgolem", "uv": [ 0.0, 0.0, 4.0, 8.0 ] },
						"east": { "texture": "#soulgolem", "uv": [ 0.0, 0.0, 4.0, 8.0 ] },
						"south": { "texture": "#soulgolem", "uv": [ 0.0, 0.0, 4.0, 8.0 ] },
						"west": { "texture": "#soulgolem", "uv": [ 0.0, 0.0, 4.0, 8.0 ] },
						"up": { "texture": "#soulgolem", "uv": [ 0.0, 0.0, 4.0, 4.0 ] },
						"down": { "texture": "#soulgolem", "uv": [ 0.0, 0.0, 4.0, 4.0 ] }
					},
					"children": [
						{
							"name": "Cube1",
							"from": [ -3.3659, -8.9218, 0.0 ], 
							"to": [ 0.6341, 0.0782, 4.0 ], 
							"rotationOrigin": [ 0.6341, -8.9218, 0.0 ],
							"rotationX": -1.0E-6,
							"rotationZ": -22.499998,
							"faces": {
								"north": { "texture": "#soulgolem", "uv": [ 0.0, 0.0, 4.0, 9.0 ] },
								"east": { "texture": "#soulgolem", "uv": [ 0.0, 0.0, 4.0, 9.0 ] },
								"south": { "texture": "#soulgolem", "uv": [ 0.0, 0.0, 4.0, 9.0 ] },
								"west": { "texture": "#soulgolem", "uv": [ 0.0, 0.0, 4.0, 9.0 ] },
								"up": { "texture": "#soulgolem", "uv": [ 0.0, 0.0, 4.0, 4.0 ] },
								"down": { "texture": "#soulgolem", "uv": [ 0.0, 0.0, 4.0, 4.0 ] }
							}
						}
					]
				},
				{
					"name": "Cube6",
					"from": [ 2.0, -7.0, 8.0 ], 
					"to": [ 6.0, 1.0, 12.0 ], 
					"rotationOrigin": [ 4.0, -7.0, 8.0 ],
					"rotationX": -22.499998,
					"rotationZ": 1.0E-6,
					"faces": {
						"north": { "texture": "#soulgolem", "uv": [ 0.0, 0.0, 4.0, 8.0 ] },
						"east": { "texture": "#soulgolem", "uv": [ 0.0, 0.0, 4.0, 8.0 ] },
						"south": { "texture": "#soulgolem", "uv": [ 0.0, 0.0, 4.0, 8.0 ] },
						"west": { "texture": "#soulgolem", "uv": [ 0.0, 0.0, 4.0, 8.0 ] },
						"up": { "texture": "#soulgolem", "uv": [ 0.0, 0.0, 4.0, 4.0 ] },
						"down": { "texture": "#soulgolem", "uv": [ 0.0, 0.0, 4.0, 4.0 ] }
					},
					"children": [
						{
							"name": "Cube2",
							"from": [ 0.0, -7.391, -3.0615 ], 
							"to": [ 4.0, 1.609, 0.9385 ], 
							"rotationOrigin": [ 4.0, -7.39, -3.0615 ],
							"rotationX": 22.499998,
							"rotationZ": -1.0E-6,
							"faces": {
								"north": { "texture": "#soulgolem", "uv": [ 0.0, 0.0, 4.0, 9.0 ] },
								"east": { "texture": "#soulgolem", "uv": [ 0.0, 0.0, 4.0, 9.0 ] },
								"south": { "texture": "#soulgolem", "uv": [ 0.0, 0.0, 4.0, 9.0 ] },
								"west": { "texture": "#soulgolem", "uv": [ 0.0, 0.0, 4.0, 9.0 ] },
								"up": { "texture": "#soulgolem", "uv": [ 0.0, 0.0, 4.0, 4.0 ] },
								"down": { "texture": "#soulgolem", "uv": [ 0.0, 0.0, 4.0, 4.0 ] }
							}
						}
					]
				},
				{
					"name": "Cube7",
					"from": [ -4.0, -7.0, 2.0 ], 
					"to": [ 0.0, 1.0, 6.0 ], 
					"rotationOrigin": [ 0.0, -7.0, 4.0 ],
					"rotationX": -1.0E-6,
					"rotationZ": -22.499998,
					"faces": {
						"north": { "texture": "#soulgolem", "uv": [ 0.0, 0.0, 4.0, 8.0 ] },
						"east": { "texture": "#soulgolem", "uv": [ 0.0, 0.0, 4.0, 8.0 ] },
						"south": { "texture": "#soulgolem", "uv": [ 0.0, 0.0, 4.0, 8.0 ] },
						"west": { "texture": "#soulgolem", "uv": [ 0.0, 0.0, 4.0, 8.0 ] },
						"up": { "texture": "#soulgolem", "uv": [ 0.0, 0.0, 4.0, 4.0 ] },
						"down": { "texture": "#soulgolem", "uv": [ 0.0, 0.0, 4.0, 4.0 ] }
					},
					"children": [
						{
							"name": "Cube3",
							"from": [ 3.0615, -7.391, 0.0 ], 
							"to": [ 7.0615, 1.609, 4.0 ], 
							"rotationOrigin": [ 7.0615, -7.391, 0.0 ],
							"rotationX": 1.0E-6,
							"rotationZ": 22.499998,
							"faces": {
								"north": { "texture": "#soulgolem", "uv": [ 0.0, 0.0, 4.0, 9.0 ] },
								"east": { "texture": "#soulgolem", "uv": [ 0.0, 0.0, 4.0, 9.0 ] },
								"south": { "texture": "#soulgolem", "uv": [ 0.0, 0.0, 4.0, 9.0 ] },
								"west": { "texture": "#soulgolem", "uv": [ 0.0, 0.0, 4.0, 9.0 ] },
								"up": { "texture": "#soulgolem", "uv": [ 0.0, 0.0, 4.0, 4.0 ] },
								"down": { "texture": "#soulgolem", "uv": [ 0.0, 0.0, 4.0, 4.0 ] }
							}
						}
					]
				},
				{
					"name": "Cube10",
					"from": [ 3.0, 5.0, -2.5 ], 
					"to": [ 6.0, 14.0, 0.5 ], 
					"rotationOrigin": [ 5.0, 14.0, 0.5 ],
					"rotationX": 14.999997,
					"rotationZ": -1.0E-6,
					"faces": {
						"north": { "texture": "#soulgolem", "uv": [ 0.0, 0.0, 3.0, 9.0 ] },
						"east": { "texture": "#soulgolem", "uv": [ 0.0, 0.0, 3.0, 9.0 ] },
						"south": { "texture": "#soulgolem", "uv": [ 0.0, 0.0, 3.0, 9.0 ] },
						"west": { "texture": "#soulgolem", "uv": [ 0.0, 0.0, 3.0, 9.0 ] },
						"up": { "texture": "#soulgolem", "uv": [ 0.0, 0.0, 3.0, 3.0 ] },
						"down": { "texture": "#soulgolem", "uv": [ 0.0, 0.0, 3.0, 3.0 ] }
					},
					"children": [
						{
							"name": "Cube11",
							"from": [ 0.0, -8.0, 2.0 ], 
							"to": [ 3.0, 0.0, 5.0 ], 
							"rotationOrigin": [ 3.0, -8.0, 2.0 ],
							"rotationX": -14.999997,
							"rotationZ": 1.0E-6,
							"faces": {
								"north": { "texture": "#soulgolem", "uv": [ 0.0, 0.0, 3.0, 8.0 ] },
								"east": { "texture": "#soulgolem", "uv": [ 0.0, 0.0, 3.0, 8.0 ] },
								"south": { "texture": "#soulgolem", "uv": [ 0.0, 0.0, 3.0, 8.0 ] },
								"west": { "texture": "#soulgolem", "uv": [ 0.0, 0.0, 3.0, 8.0 ] },
								"up": { "texture": "#soulgolem", "uv": [ 0.0, 0.0, 3.0, 3.0 ] },
								"down": { "texture": "#soulgolem", "uv": [ 0.0, 0.0, 3.0, 3.0 ] }
							},
							"children": [
								{
									"name": "Cube12",
									"from": [ 2.0, -3.0, 0.0 ], 
									"to": [ 3.0, 0.0, 1.0 ], 
									"rotationOrigin": [ 3.0, -3.0, 0.0 ],
									"faces": {
										"north": { "texture": "#soulgolem", "uv": [ 0.0, 0.0, 1.0, 3.0 ] },
										"east": { "texture": "#soulgolem", "uv": [ 0.0, 0.0, 1.0, 3.0 ] },
										"south": { "texture": "#soulgolem", "uv": [ 0.0, 0.0, 1.0, 3.0 ] },
										"west": { "texture": "#soulgolem", "uv": [ 0.0, 0.0, 1.0, 3.0 ] },
										"up": { "texture": "#soulgolem", "uv": [ 0.0, 0.0, 1.0, 1.0 ] },
										"down": { "texture": "#soulgolem", "uv": [ 0.0, 0.0, 1.0, 1.0 ] }
									}
								},
								{
									"name": "Cube13",
									"from": [ 0.0, -3.0, 0.0 ], 
									"to": [ 1.0, 0.0, 1.0 ], 
									"rotationOrigin": [ 1.0, -3.0, 0.0 ],
									"faces": {
										"north": { "texture": "#soulgolem", "uv": [ 0.0, 0.0, 1.0, 3.0 ] },
										"east": { "texture": "#soulgolem", "uv": [ 0.0, 0.0, 1.0, 3.0 ] },
										"south": { "texture": "#soulgolem", "uv": [ 0.0, 0.0, 1.0, 3.0 ] },
										"west": { "texture": "#soulgolem", "uv": [ 0.0, 0.0, 1.0, 3.0 ] },
										"up": { "texture": "#soulgolem", "uv": [ 0.0, 0.0, 1.0, 1.0 ] },
										"down": { "texture": "#soulgolem", "uv": [ 0.0, 0.0, 1.0, 1.0 ] }
									}
								}
							]
						}
					]
				},
				{
					"name": "Cube14",
					"from": [ 3.0, 6.0, 7.5 ], 
					"to": [ 6.0, 15.0, 10.5 ], 
					"rotationOrigin": [ 5.0, 15.0, 7.5 ],
					"rotationX": -14.999997,
					"rotationZ": 1.0E-6,
					"faces": {
						"north": { "texture": "#soulgolem", "uv": [ 0.0, 0.0, 3.0, 9.0 ] },
						"east": { "texture": "#soulgolem", "uv": [ 0.0, 0.0, 3.0, 9.0 ] },
						"south": { "texture": "#soulgolem", "uv": [ 0.0, 0.0, 3.0, 9.0 ] },
						"west": { "texture": "#soulgolem", "uv": [ 0.0, 0.0, 3.0, 9.0 ] },
						"up": { "texture": "#soulgolem", "uv": [ 0.0, 0.0, 3.0, 3.0 ] },
						"down": { "texture": "#soulgolem", "uv": [ 0.0, 0.0, 3.0, 3.0 ] }
					},
					"children": [
						{
							"name": "Cube15",
							"from": [ 0.0, -7.3, -2.0 ], 
							"to": [ 3.0, 0.7, 1.0 ], 
							"rotationOrigin": [ 3.0, -7.3, -2.0 ],
							"rotationX": 14.999997,
							"rotationZ": -1.0E-6,
							"faces": {
								"north": { "texture": "#soulgolem", "uv": [ 0.0, 0.0, 3.0, 8.0 ] },
								"east": { "texture": "#soulgolem", "uv": [ 0.0, 0.0, 3.0, 8.0 ] },
								"south": { "texture": "#soulgolem", "uv": [ 0.0, 0.0, 3.0, 8.0 ] },
								"west": { "texture": "#soulgolem", "uv": [ 0.0, 0.0, 3.0, 8.0 ] },
								"up": { "texture": "#soulgolem", "uv": [ 0.0, 0.0, 3.0, 3.0 ] },
								"down": { "texture": "#soulgolem", "uv": [ 0.0, 0.0, 3.0, 3.0 ] }
							},
							"children": [
								{
									"name": "Cube16",
									"from": [ 2.0, -3.0, 2.0 ], 
									"to": [ 3.0, 0.0, 3.0 ], 
									"rotationOrigin": [ 3.0, -3.0, 2.0 ],
									"faces": {
										"north": { "texture": "#soulgolem", "uv": [ 0.0, 0.0, 1.0, 3.0 ] },
										"east": { "texture": "#soulgolem", "uv": [ 0.0, 0.0, 1.0, 3.0 ] },
										"south": { "texture": "#soulgolem", "uv": [ 0.0, 0.0, 1.0, 3.0 ] },
										"west": { "texture": "#soulgolem", "uv": [ 0.0, 0.0, 1.0, 3.0 ] },
										"up": { "texture": "#soulgolem", "uv": [ 0.0, 0.0, 1.0, 1.0 ] },
										"down": { "texture": "#soulgolem", "uv": [ 0.0, 0.0, 1.0, 1.0 ] }
									}
								},
								{
									"name": "Cube17",
									"from": [ 0.0, -3.0, 2.0 ], 
									"to": [ 1.0, 0.0, 3.0 ], 
									"rotationOrigin": [ 1.0, -3.0, 2.0 ],
									"faces": {
										"north": { "texture": "#soulgolem", "uv": [ 0.0, 0.0, 1.0, 3.0 ] },
										"east": { "texture": "#soulgolem", "uv": [ 0.0, 0.0, 1.0, 3.0 ] },
										"south": { "texture": "#soulgolem", "uv": [ 0.0, 0.0, 1.0, 3.0 ] },
										"west": { "texture": "#soulgolem", "uv": [ 0.0, 0.0, 1.0, 3.0 ] },
										"up": { "texture": "#soulgolem", "uv": [ 0.0, 0.0, 1.0, 1.0 ] },
										"down": { "texture": "#soulgolem", "uv": [ 0.0, 0.0, 1.0, 1.0 ] }
									}
								}
							]
						}
					]
				},
				{
					"name": "Cube18",
					"from": [ 1.0, 17.0, 1.0 ], 
					"to": [ 7.0, 19.0, 7.0 ], 
					"rotationOrigin": [ 7.0, 17.0, 1.0 ],
					"faces": {
						"north": { "texture": "#soulgolem", "uv": [ 0.0, 0.0, 6.0, 2.0 ] },
						"east": { "texture": "#soulgolem", "uv": [ 0.0, 0.0, 6.0, 2.0 ] },
						"south": { "texture": "#soulgolem", "uv": [ 0.0, 0.0, 6.0, 2.0 ] },
						"west": { "texture": "#soulgolem", "uv": [ 0.0, 0.0, 6.0, 2.0 ] },
						"up": { "texture": "#soulgolem", "uv": [ 0.0, 0.0, 6.0, 6.0 ] },
						"down": { "texture": "#soulgolem", "uv": [ 0.0, 0.0, 6.0, 6.0 ] }
					},
					"children": [
						{
							"name": "Cube19",
							"from": [ -1.0, 2.0, -1.0 ], 
							"to": [ 7.0, 10.0, 7.0 ], 
							"rotationOrigin": [ 7.0, 2.0, -1.0 ],
							"faces": {
								"north": { "texture": "#soulgolem", "uv": [ 0.0, 0.0, 8.0, 8.0 ] },
								"east": { "texture": "#soulgolem", "uv": [ 0.0, 0.0, 8.0, 8.0 ], "autoUv": false },
								"south": { "texture": "#soulgolem", "uv": [ 0.25, 0.25, 10.0, 8.75 ], "autoUv": false },
								"west": { "texture": "#soulgolem", "uv": [ 6.25, 7.5, 15.5, 15.5 ], "autoUv": false },
								"up": { "texture": "#soulgolem", "uv": [ 0.5, 0.5, 8.5, 8.5 ] },
								"down": { "texture": "#soulgolem", "uv": [ 0.0, 0.0, 8.0, 8.0 ] }
							}
						}
					]
				}
			]
		}
	],
	"animations": [
		{
			"name": "Idle",
			"code": "idle",
			"quantityframes": 60,
			"onActivityStopped": "Stop",
			"onAnimationEnd": "Repeat",
			"keyframes": [
				{
					"frame": 30,
					"elements": {
						"Cube9": {  },
						"Cube14": { "rotationX": -1.0, "rotationY": 0.0, "rotationZ": 0.0 },
						"Cube10": { "rotationX": 1.0, "rotationY": 0.0, "rotationZ": 0.0 },
						"Cube18": {  },
						"Cube19": { "offsetX": 0.0, "offsetY": -0.30000001192092896, "offsetZ": 0.0 }
					}
				},
				{
					"frame": 59,
					"elements": {
						"Cube9": {  },
						"Cube14": { "rotationX": 0.0, "rotationY": 0.0, "rotationZ": 0.0 },
						"Cube10": { "rotationX": 0.0, "rotationY": 0.0, "rotationZ": 0.0 },
						"Cube18": {  },
						"Cube19": { "offsetX": 0.0, "offsetY": 0.0, "offsetZ": 0.0 }
					}
				}
			]
		},

		{
			"name": "Run",
			"code": "run",
			"quantityframes": 30,
			"onActivityStopped": "Stop",
			"onAnimationEnd": "Repeat",
			"keyframes": [
				{
					"frame": 15,
					"elements": {
						"Cube9": {  },
						"Cube6": { "offsetX": -2.0, "offsetY": 0.0, "offsetZ": 0.0 },
						"Cube2": { "rotationX": 0.0, "rotationY": 0.0, "rotationZ": 4.999999 },
						"Cube8": { "offsetX": 2.0, "offsetY": 0.0, "offsetZ": 0.0 },
						"Cube4": { "rotationX": 0.0, "rotationY": 0.0, "rotationZ": -4.999999 },
						"Cube7": { "offsetX": -2.0, "offsetY": 0.0, "offsetZ": 0.0, "rotationX": -1.0E-6, "rotationY": 0.0, "rotationZ": -9.999999 },
						"Cube3": { "offsetX": -1.0, "offsetY": 0.0, "offsetZ": 0.0, "rotationX": -1.0E-6, "rotationY": 0.0, "rotationZ": -9.999999 },
						"Cube5": { "offsetX": 0.0, "offsetY": 0.0, "offsetZ": 0.0, "rotationX": 0.0, "rotationY": 0.0, "rotationZ": 0.0 },
						"Cube14": { "rotationX": 0.0, "rotationY": 22.5, "rotationZ": 0.0 },
						"Cube10": { "rotationX": 0.0, "rotationY": 22.5, "rotationZ": 0.0 }
					}
				},
				{
					"frame": 29,
					"elements": {
						"Cube9": {  },
						"Cube6": { "offsetX": 2.0, "offsetY": 0.0, "offsetZ": 0.0 },
						"Cube2": { "rotationX": 0.0, "rotationY": 0.0, "rotationZ": -4.999999 },
						"Cube8": { "offsetX": -2.0, "offsetY": 0.0, "offsetZ": 0.0 },
						"Cube4": { "rotationX": 0.0, "rotationY": 0.0, "rotationZ": 4.999999 },
						"Cube7": { "offsetX": 0.0, "offsetY": 0.0, "offsetZ": 0.0, "rotationX": 0.0, "rotationY": 0.0, "rotationZ": 0.0 },
						"Cube3": { "offsetX": 0.0, "offsetY": 0.0, "offsetZ": 0.0, "rotationX": 0.0, "rotationY": 0.0, "rotationZ": 0.0 },
						"Cube5": { "offsetX": -2.0, "offsetY": 0.0, "offsetZ": 0.0, "rotationX": -1.0E-6, "rotationY": 0.0, "rotationZ": -14.999997 },
						"Cube1": { "offsetX": 2.0, "offsetY": 0.0, "offsetZ": 0.0, "rotationX": 1.0E-6, "rotationY": 0.0, "rotationZ": 14.999997 },
						"Cube14": { "rotationX": 0.0, "rotationY": -22.5, "rotationZ": 0.0 },
						"Cube10": { "rotationX": 0.0, "rotationY": -22.5, "rotationZ": 0.0 }
					}
				}
			]
		},

		{
			"name": "Attack",
			"code": "attack",
			"quantityframes": 10,
			"onActivityStopped": "PlayTillEnd",
			"onAnimationEnd": "Stop",
			"keyframes": [
				{
					"frame": 0,
					"elements": {
						"Cube9": {  },
						"Cube10": { "rotationX": 0.0, "rotationY": 0.0, "rotationZ": 0.0 },
						"Cube14": { "rotationX": 0.0, "rotationY": 0.0, "rotationZ": 0.0 }
					}
				},
				{
					"frame": 2,
					"elements": {
						"Cube9": {  },
						"Cube14": { "rotationX": -44.999996, "rotationY": 1.0E-6, "rotationZ": 2.0E-6 },
						"Cube10": { "rotationX": 44.999996, "rotationY": 1.0E-6, "rotationZ": -2.0E-6 }
					}
				},
				{
					"frame": 5,
					"elements": {
						"Cube9": {  },
						"Cube10": { "rotationX": -20.94102, "rotationY": 40.789457, "rotationZ": -120.361168 },
						"Cube14": { "rotationX": 9.007163, "rotationY": -20.704811, "rotationZ": -114.148662 }
					}
				},
				{
					"frame": 9,
					"elements": {
						"Cube9": {  },
						"Cube14": { "rotationX": -4.0E-6, "rotationY": 22.499993, "rotationZ": -89.99998 },
						"Cube10": { "rotationX": -5.0E-6, "rotationY": -22.5, "rotationZ": -89.99998 }
					}
				}
			]
		}
	]
}