{
	code: "coral",
	class: "Coral",	
	variantgroups: [
		{"code": "type", "name": "type", "states": ["black", "brain", "bubble", "lps"] } 
	],
	creativeinventory: { "general": ["*"], "DieMod": ["*"] },
	drawtype: "json",
	blockmaterial: "plant",
	replaceable: 3000,
	fertility: 1,
	shape: { 
		base: "block/deepwaterblocks/corals/black_coral",
	},
	texture: { base: "block/deepwaterblocks/coral/{type}_coral" },	
	lightAbsorption: 50,
	sidesolid: {
		all: "true"
	},
	sideopaque: {
		all: "true"
	},
	resistance: 3.0,
	sounds: {
		"place": "game:block/plant",
		"break": "game:block/plant",
		"hit": "game:block/plant",
		"walk": "game:block/plant"
	},
	guiTransform: {
		rotation: { x: -22.6, y: -145, z: 0 }
	},
	tpHandTransform: {
		translation: { x: -2.1, y: -1.4, z: -1.5 },
		rotation: { x: 0, y: 17, z: -88 }
	},
	groundTransform: {
		translation: { x: 0, y: 0, z: 0 },
		rotation: { x: -58, y: -45, z: 0 },
		origin: { x: 0.5, y: 0, z: 0.5 },
		scale: 1.5
	}
}