{
	code: "fern_coral",
	variantgroups: [
		{"code": "type", "name": "type", "states": ["black", "brain", "bubble", "lps"] } 
	],
	creativeinventory: { "general": ["*"], "DieMod": ["*"] },
	shape: { base: "block/deepwaterblocks/corals/fern_coral" },
	drawtype: "JSONAndWater",
	renderpass: "liquid",
	matterstate: "liquid",
	blockmaterial: "liquid",
	faceCullMode: "liquid",
	doNotRenderAtLod2: true,
	randomDrawOffset: true,
	liquidCode: "water",
	randomizeAxes: "xz",
	randomizeRotations: true,
	textures: {
		fern_black_coral: { base: "block/deepwaterblocks/coral/coralfern/fern_{type}_coral" },
		north: { base: "game:block/liquid/water" },
		east: { base: "game:block/liquid/water" },
		south: { base: "game:block/liquid/water" },
		west: { base: "game:block/liquid/water" },
		up: { base: "game:block/liquid/water" },
		down: { base: "game:block/liquid/water" },
		specialSecondTexture: { base: "game:block/liquid/water2" }
	},
	liquidLevel: 7,
	sideopaque: {
		all: false
	},
	sidesolid: {
		all: false
	},
	climateColorMap: "climateWaterTint",
	replaceable: 3000,
	lightAbsorption: 2,
	resistance: 0.5,
	collisionbox: null,
	selectionbox: {
		x1: 0, y1: 0, z1: 0,
		x2: 1, y2: 1, z2: 1
	},
	sounds: {
		"place": "game:block/plant",
		"break": "game:block/plant",
		"hit": "game:block/plant",
		"walk": "game:block/plant"
	},
	materialDensity: 200,
	vertexFlags: {
		grassWindwave: true
	},
}
