{
	"editor": {
		"allAngles": false,
		"entityTextureMode": false
	},
	"textureWidth": 16,
	"textureHeight": 16,
	"textureSizes": {
	},
	"textures": {
		"bullkelp": "block/plant/water/bullkelp/bullkelp_section"
	},
	"elements": [
		{
			"name": "Cube1",
			"from": [ 7.0, 0.0, 7.0 ], 
			"to": [ 9.0, 16.0, 9.0 ], 
			"rotationOrigin": [ 7.0, 0.0, 7.0 ],
			"faces": {
				"north": { "texture": "#bullkelp", "uv": [ 0.0, 0.0, 2.0, 16.0 ] },
				"east": { "texture": "#bullkelp", "uv": [ 0.0, 0.0, 2.0, 16.0 ] },
				"south": { "texture": "#bullkelp", "uv": [ 0.0, 0.0, 2.0, 16.0 ] },
				"west": { "texture": "#bullkelp", "uv": [ 0.0, 0.0, 2.0, 16.0 ] },
				"up": { "texture": "#bullkelp", "uv": [ 0.0, 0.0, 2.0, 2.0 ] },
				"down": { "texture": "#bullkelp", "uv": [ 0.0, 0.0, 2.0, 2.0 ] }
			}
		}
	]}