{
	"editor": {
		"allAngles": false,
		"entityTextureMode": false
	},
	"textureWidth": 16,
	"textureHeight": 16,
	"textureSizes": {
	},
	"textures": {
		"bullkelp_top": "block/plant/water/bullkelp/bullkelp_top",
		"bullkelp_section": "block/plant/water/bullkelp/bullkelp_section"
	},
	"elements": [
		{
			"name": "Cube1",
			"from": [ 6.0, 0.0, 6.0 ], 
			"to": [ 10.0, 4.0, 10.0 ], 
			"rotationOrigin": [ 6.0, 0.0, 6.0 ],
			"faces": {
				"north": { "texture": "#bullkelp_section", "uv": [ 0.0, 0.0, 4.0, 4.0 ] },
				"east": { "texture": "#bullkelp_section", "uv": [ 0.0, 0.0, 4.0, 4.0 ] },
				"south": { "texture": "#bullkelp_section", "uv": [ 0.0, 0.0, 4.0, 4.0 ] },
				"west": { "texture": "#bullkelp_section", "uv": [ 0.0, 0.0, 4.0, 4.0 ] },
				"up": { "texture": "#bullkelp_section", "uv": [ 0.0, 0.0, 4.0, 4.0 ] },
				"down": { "texture": "#bullkelp_section", "uv": [ 0.0, 0.0, 4.0, 4.0 ] }
			},
			"children": [
				{
					"name": "Cube2",
					"from": [ 1.0, 4.0, 1.0 ], 
					"to": [ 3.0, 33.0, 1.0 ], 
					"rotationOrigin": [ 1.0, 4.0, 1.0 ],
					"rotationX": -22.5,
					"rotationY": 22.5,
					"faces": {
						"north": { "texture": "#bullkelp_top", "uv": [ 0.0, 0.0, 2.5, 16.0 ], "autoUv": false },
						"east": { "texture": "#bullkelp_top", "uv": [ 7.0, 4.0, 8.0, 15.5 ], "autoUv": false },
						"south": { "texture": "#bullkelp_top", "uv": [ 7.0, 4.5, 8.0, 11.0 ], "autoUv": false },
						"west": { "texture": "#bullkelp_top", "uv": [ 11.5, 3.5, 11.0, 10.0 ], "autoUv": false },
						"up": { "texture": "#bullkelp_top", "uv": [ 11.0, 6.5, 13.0, 7.0 ] },
						"down": { "texture": "#bullkelp_top", "uv": [ 10.5, 8.0, 12.5, 8.5 ] }
					}
				},
				{
					"name": "Cube3",
					"from": [ 1.0, 4.0, 3.0 ], 
					"to": [ 3.0, 27.0, 3.0 ], 
					"rotationOrigin": [ 1.0, 4.0, 3.0 ],
					"rotationX": 45.0,
					"rotationY": 45.0,
					"faces": {
						"north": { "texture": "#bullkelp_top", "uv": [ 0.0, 0.0, 2.0, 16.0 ], "autoUv": false },
						"east": { "texture": "#bullkelp_top", "uv": [ 5.0, 4.0, 5.5, 11.0 ], "autoUv": false },
						"south": { "texture": "#bullkelp_top", "uv": [ 2.5, 1.5, 3.5, 10.0 ], "autoUv": false },
						"west": { "texture": "#bullkelp_top", "uv": [ 5.0, 2.0, 4.5, 13.5 ], "autoUv": false },
						"up": { "texture": "#bullkelp_top", "uv": [ 7.5, 2.0, 9.5, 2.5 ] },
						"down": { "texture": "#bullkelp_top", "uv": [ 9.5, 7.0, 11.5, 7.5 ] }
					}
				},
				{
					"name": "Cube4",
					"from": [ 1.0, 4.0, 2.0 ], 
					"to": [ 3.0, 30.0, 2.0 ], 
					"rotationOrigin": [ 1.0, 4.0, 2.0 ],
					"rotationX": 45.0,
					"rotationY": -45.0,
					"rotationZ": 22.5,
					"faces": {
						"north": { "texture": "#bullkelp_top", "uv": [ 0.0, 0.0, 2.5, 16.0 ], "autoUv": false },
						"east": { "texture": "#bullkelp_top", "uv": [ 5.0, 3.5, 8.0, 12.5 ], "autoUv": false },
						"south": { "texture": "#bullkelp_top", "uv": [ 6.5, 5.0, 10.0, 12.0 ], "autoUv": false },
						"west": { "texture": "#bullkelp_top", "uv": [ 4.5, 2.0, 6.5, 13.5 ], "autoUv": false },
						"up": { "texture": "#bullkelp_top", "uv": [ 7.5, 2.5, 9.5, 3.0 ] },
						"down": { "texture": "#bullkelp_top", "uv": [ 6.0, 7.0, 8.0, 7.5 ] }
					}
				},
				{
					"name": "Cube5",
					"from": [ 3.0, 4.0, 2.0 ], 
					"to": [ 5.0, 27.0, 2.0 ], 
					"rotationOrigin": [ 3.0, 4.0, 2.0 ],
					"rotationX": 22.5,
					"rotationY": 45.0,
					"rotationZ": -22.5,
					"faces": {
						"north": { "texture": "#bullkelp_top", "uv": [ 0.0, 0.0, 2.0, 16.0 ], "autoUv": false },
						"east": { "texture": "#bullkelp_top", "uv": [ 9.5, 9.0, 12.0, 12.5 ], "autoUv": false },
						"south": { "texture": "#bullkelp_top", "uv": [ 8.0, 3.0, 11.0, 14.0 ], "autoUv": false },
						"west": { "texture": "#bullkelp_top", "uv": [ 8.0, 11.0, 13.5, 1.5 ], "autoUv": false },
						"up": { "texture": "#bullkelp_top", "uv": [ 8.5, 4.5, 10.5, 5.0 ] },
						"down": { "texture": "#bullkelp_top", "uv": [ 9.0, 5.0, 11.0, 5.5 ] }
					}
				},
				{
					"name": "Cube6",
					"from": [ 0.0, 4.0, 1.0 ], 
					"to": [ 2.0, 28.0, 1.0 ], 
					"rotationOrigin": [ 0.0, 4.0, 1.0 ],
					"rotationX": -22.5,
					"rotationY": 22.5,
					"rotationZ": 22.5,
					"faces": {
						"north": { "texture": "#bullkelp_top", "uv": [ 0.0, 0.0, 2.0, 16.0 ], "autoUv": false },
						"east": { "texture": "#bullkelp_top", "uv": [ 7.5, 0.0, 10.0, 2.5 ], "autoUv": false },
						"south": { "texture": "#bullkelp_top", "uv": [ 6.0, 3.0, 10.5, 6.5 ], "autoUv": false },
						"west": { "texture": "#bullkelp_top", "uv": [ 8.5, 2.5, 9.5, 13.0 ], "autoUv": false },
						"up": { "texture": "#bullkelp_top", "uv": [ 7.5, 3.0, 9.5, 3.5 ], "autoUv": false },
						"down": { "texture": "#bullkelp_top", "uv": [ 5.5, 4.0, 7.5, 4.5 ] }
					}
				}
			]
		}
	]}