{
	"editor": {
		"allAngles": false,
		"entityTextureMode": false
	},
	"textureWidth": 16,
	"textureHeight": 16,
	"textureSizes": {
	},
	"textures": {
		"giantkelp_section": "block/plant/water/giantkelp/giantkelp_section",
		"giantkelp_top": "block/plant/water/giantkelp/giantkelp_top"
	},
	"elements": [
		{
			"name": "Cube2",
			"from": [ 7.0, 0.0, 7.0 ], 
			"to": [ 9.0, 14.0, 9.0 ], 
			"rotationOrigin": [ 7.0, 0.0, 7.0 ],
			"faces": {
				"north": { "texture": "#giantkelp_section", "uv": [ 0.0, 0.0, 2.0, 14.0 ] },
				"east": { "texture": "#giantkelp_section", "uv": [ 0.0, 0.0, 2.0, 14.0 ] },
				"south": { "texture": "#giantkelp_section", "uv": [ 0.0, 0.0, 2.0, 14.0 ] },
				"west": { "texture": "#giantkelp_section", "uv": [ 0.0, 0.0, 2.0, 14.0 ] },
				"up": { "texture": "#giantkelp_section", "uv": [ 0.0, 0.0, 2.0, 2.0 ] },
				"down": { "texture": "#giantkelp_section", "uv": [ 0.0, 0.0, 2.0, 2.0 ] }
			},
			"children": [
				{
					"name": "Cube3",
					"from": [ -0.5, 14.0, -0.5 ], 
					"to": [ 2.5, 16.5, 2.5 ], 
					"rotationOrigin": [ -0.5, 14.0, -0.5 ],
					"faces": {
						"north": { "texture": "#giantkelp_section", "uv": [ 0.0, 0.0, 3.0, 2.5 ] },
						"east": { "texture": "#giantkelp_section", "uv": [ 0.0, 0.0, 3.0, 2.5 ] },
						"south": { "texture": "#giantkelp_section", "uv": [ 0.0, 0.0, 3.0, 2.5 ] },
						"west": { "texture": "#giantkelp_section", "uv": [ 0.0, 0.0, 3.0, 2.5 ] },
						"up": { "texture": "#giantkelp_section", "uv": [ 0.0, 0.0, 3.0, 3.0 ] },
						"down": { "texture": "#giantkelp_section", "uv": [ 0.0, 0.0, 3.0, 3.0 ] }
					},
					"children": [
						{
							"name": "Cube5",
							"from": [ 1.0, 2.0, 1.0 ], 
							"to": [ 4.0, 11.0, 1.0 ], 
							"rotationOrigin": [ 1.0, 2.0, 1.0 ],
							"rotationX": -22.5,
							"faces": {
								"north": { "texture": "#giantkelp_top", "uv": [ 0.0, 0.0, 6.5, 16.0 ], "autoUv": false },
								"east": { "texture": "#giantkelp_top", "uv": [ 8.5, 2.5, 9.0, 11.5 ] },
								"south": { "texture": "#giantkelp_top", "uv": [ 10.0, 4.5, 13.0, 13.5 ] },
								"west": { "texture": "#giantkelp_top", "uv": [ 11.0, 5.5, 11.5, 14.5 ] },
								"up": { "texture": "#giantkelp_top", "uv": [ 11.5, 2.0, 14.5, 2.5 ] },
								"down": { "texture": "#giantkelp_top", "uv": [ 10.0, -0.5, 13.0, 0.0 ] }
							}
						},
						{
							"name": "Cube6",
							"from": [ 1.0, 2.0, 3.0 ], 
							"to": [ 4.0, 11.0, 3.0 ], 
							"rotationOrigin": [ 1.0, 2.0, 3.0 ],
							"rotationX": -112.5,
							"rotationY": 45.0,
							"rotationZ": 112.5,
							"faces": {
								"north": { "texture": "#giantkelp_top", "uv": [ 0.0, 0.0, 5.5, 16.0 ], "autoUv": false },
								"east": { "texture": "#giantkelp_top", "uv": [ 9.0, 4.0, 9.5, 13.0 ] },
								"south": { "texture": "#giantkelp_top", "uv": [ 8.5, 4.5, 11.5, 13.5 ] },
								"west": { "texture": "#giantkelp_top", "uv": [ 8.5, 1.5, 9.0, 10.5 ] },
								"up": { "texture": "#giantkelp_top", "uv": [ 10.0, 1.0, 13.0, 1.5 ] },
								"down": { "texture": "#giantkelp_top", "uv": [ 10.5, 1.5, 13.5, 2.0 ] }
							}
						},
						{
							"name": "Cube7",
							"from": [ -1.0, 2.0, 2.0 ], 
							"to": [ 2.0, 11.0, 2.0 ], 
							"rotationOrigin": [ -1.0, 2.0, 2.0 ],
							"rotationX": 22.5,
							"rotationY": 22.5,
							"rotationZ": -22.5,
							"faces": {
								"north": { "texture": "#giantkelp_top", "uv": [ 11.0, 5.5, 14.0, 14.5 ] },
								"east": { "texture": "#giantkelp_top", "uv": [ 13.5, 4.0, 14.0, 13.0 ] },
								"south": { "texture": "#giantkelp_top", "uv": [ 0.0, 0.0, 6.0, 16.0 ], "autoUv": false },
								"west": { "texture": "#giantkelp_top", "uv": [ 11.0, 2.5, 11.5, 11.5 ] },
								"up": { "texture": "#giantkelp_top", "uv": [ 11.0, 4.5, 14.0, 5.0 ] },
								"down": { "texture": "#giantkelp_top", "uv": [ 6.5, 1.5, 9.5, 2.0 ] }
							}
						}
					]
				},
				{
					"name": "Cube8",
					"from": [ 0.0, 3.0, 0.0 ], 
					"to": [ 2.0, 11.0, 2.0 ], 
					"rotationOrigin": [ 0.0, 3.0, 0.0 ],
					"rotationZ": -22.5000003066977,
					"faces": {
						"north": { "texture": "#giantkelp_section", "uv": [ 0.0, 0.0, 2.0, 8.0 ] },
						"east": { "texture": "#giantkelp_section", "uv": [ 0.0, 0.0, 2.0, 8.0 ] },
						"south": { "texture": "#giantkelp_section", "uv": [ 0.0, 0.0, 2.0, 8.0 ] },
						"west": { "texture": "#giantkelp_section", "uv": [ 0.0, 0.0, 2.0, 8.0 ] },
						"up": { "texture": "#giantkelp_section", "uv": [ 0.0, 0.0, 2.0, 2.0 ] },
						"down": { "texture": "#giantkelp_section", "uv": [ 0.0, 0.0, 2.0, 2.0 ] }
					},
					"children": [
						{
							"name": "Cube11",
							"from": [ -0.5, 8.0, -0.5 ], 
							"to": [ 2.5, 10.5, 2.5 ], 
							"rotationOrigin": [ -0.5, 8.0, -0.5 ],
							"faces": {
								"north": { "texture": "#giantkelp_section", "uv": [ 0.0, 0.0, 3.0, 2.5 ] },
								"east": { "texture": "#giantkelp_section", "uv": [ 0.0, 0.0, 3.0, 2.5 ] },
								"south": { "texture": "#giantkelp_section", "uv": [ 0.0, 0.0, 3.0, 2.5 ] },
								"west": { "texture": "#giantkelp_section", "uv": [ 0.0, 0.0, 3.0, 2.5 ] },
								"up": { "texture": "#giantkelp_section", "uv": [ 0.0, 0.0, 3.0, 3.0 ] },
								"down": { "texture": "#giantkelp_section", "uv": [ 0.0, 0.0, 3.0, 3.0 ] }
							},
							"children": [
								{
									"name": "Cube12",
									"from": [ 1.0, 2.0, 1.0 ], 
									"to": [ 4.0, 11.0, 1.0 ], 
									"rotationOrigin": [ 1.0, 2.0, 1.0 ],
									"rotationX": -22.5,
									"rotationZ": 22.5,
									"faces": {
										"north": { "texture": "#giantkelp_top", "uv": [ 0.0, 0.0, 6.5, 16.0 ], "autoUv": false },
										"east": { "texture": "#giantkelp_top", "uv": [ 8.5, 2.5, 9.0, 11.5 ] },
										"south": { "texture": "#giantkelp_top", "uv": [ 10.0, 4.5, 13.0, 13.5 ] },
										"west": { "texture": "#giantkelp_top", "uv": [ 11.0, 5.5, 11.5, 14.5 ] },
										"up": { "texture": "#giantkelp_top", "uv": [ 11.5, 2.0, 14.5, 2.5 ] },
										"down": { "texture": "#giantkelp_top", "uv": [ 10.0, -0.5, 13.0, 0.0 ] }
									}
								},
								{
									"name": "Cube9",
									"from": [ 1.0, 0.0, 3.0 ], 
									"to": [ 4.0, 9.0, 3.0 ], 
									"rotationOrigin": [ 1.0, 0.0, 3.0 ],
									"rotationX": -67.5,
									"rotationY": 45.0,
									"rotationZ": 157.5,
									"faces": {
										"north": { "texture": "#giantkelp_top", "uv": [ 0.0, 0.0, 5.5, 16.0 ], "autoUv": false },
										"east": { "texture": "#giantkelp_top", "uv": [ 9.0, 4.0, 9.5, 13.0 ] },
										"south": { "texture": "#giantkelp_top", "uv": [ 8.5, 4.5, 11.5, 13.5 ] },
										"west": { "texture": "#giantkelp_top", "uv": [ 8.5, 1.5, 9.0, 10.5 ] },
										"up": { "texture": "#giantkelp_top", "uv": [ 10.0, 1.0, 13.0, 1.5 ] },
										"down": { "texture": "#giantkelp_top", "uv": [ 10.5, 1.5, 13.5, 2.0 ] }
									}
								},
								{
									"name": "Cube10",
									"from": [ 2.0, 2.0, 2.0 ], 
									"to": [ 5.0, 11.0, 2.0 ], 
									"rotationOrigin": [ 2.0, 2.0, 2.0 ],
									"rotationX": 22.5,
									"rotationY": 22.5,
									"rotationZ": -22.5,
									"faces": {
										"north": { "texture": "#giantkelp_top", "uv": [ 11.0, 5.5, 14.0, 14.5 ] },
										"east": { "texture": "#giantkelp_top", "uv": [ 13.5, 4.0, 14.0, 13.0 ] },
										"south": { "texture": "#giantkelp_top", "uv": [ 0.0, 0.0, 6.0, 16.0 ], "autoUv": false },
										"west": { "texture": "#giantkelp_top", "uv": [ 11.0, 2.5, 11.5, 11.5 ] },
										"up": { "texture": "#giantkelp_top", "uv": [ 11.0, 4.5, 14.0, 5.0 ] },
										"down": { "texture": "#giantkelp_top", "uv": [ 6.5, 1.5, 9.5, 2.0 ] }
									}
								}
							]
						}
					]
				},
				{
					"name": "Cube13",
					"from": [ 0.0, 9.0, 0.0 ], 
					"to": [ 2.0, 17.0, 2.0 ], 
					"rotationOrigin": [ 0.0, 9.0, 0.0 ],
					"rotationX": 45.0,
					"rotationZ": 45.0,
					"faces": {
						"north": { "texture": "#giantkelp_section", "uv": [ 0.0, 0.0, 2.0, 8.0 ] },
						"east": { "texture": "#giantkelp_section", "uv": [ 0.0, 0.0, 2.0, 8.0 ] },
						"south": { "texture": "#giantkelp_section", "uv": [ 0.0, 0.0, 2.0, 8.0 ] },
						"west": { "texture": "#giantkelp_section", "uv": [ 0.0, 0.0, 2.0, 8.0 ] },
						"up": { "texture": "#giantkelp_section", "uv": [ 0.0, 0.0, 2.0, 2.0 ] },
						"down": { "texture": "#giantkelp_section", "uv": [ 0.0, 0.0, 2.0, 2.0 ] }
					},
					"children": [
						{
							"name": "Cube17",
							"from": [ -0.5, 8.0, -0.5 ], 
							"to": [ 2.5, 10.5, 2.5 ], 
							"rotationOrigin": [ -0.5, 8.0, -0.5 ],
							"faces": {
								"north": { "texture": "#giantkelp_section", "uv": [ 0.0, 0.0, 3.0, 2.5 ] },
								"east": { "texture": "#giantkelp_section", "uv": [ 0.0, 0.0, 3.0, 2.5 ] },
								"south": { "texture": "#giantkelp_section", "uv": [ 0.0, 0.0, 3.0, 2.5 ] },
								"west": { "texture": "#giantkelp_section", "uv": [ 0.0, 0.0, 3.0, 2.5 ] },
								"up": { "texture": "#giantkelp_section", "uv": [ 0.0, 0.0, 3.0, 3.0 ] },
								"down": { "texture": "#giantkelp_section", "uv": [ 0.0, 0.0, 3.0, 3.0 ] }
							},
							"children": [
								{
									"name": "Cube16",
									"from": [ 1.0, 2.0, 1.0 ], 
									"to": [ 4.0, 11.0, 1.0 ], 
									"rotationOrigin": [ 1.0, 2.0, 1.0 ],
									"rotationX": -45.0,
									"faces": {
										"north": { "texture": "#giantkelp_top", "uv": [ 0.0, 0.0, 6.5, 16.0 ], "autoUv": false },
										"east": { "texture": "#giantkelp_top", "uv": [ 8.5, 2.5, 9.0, 11.5 ] },
										"south": { "texture": "#giantkelp_top", "uv": [ 10.0, 4.5, 13.0, 13.5 ] },
										"west": { "texture": "#giantkelp_top", "uv": [ 11.0, 5.5, 11.5, 14.5 ] },
										"up": { "texture": "#giantkelp_top", "uv": [ 11.5, 2.0, 14.5, 2.5 ] },
										"down": { "texture": "#giantkelp_top", "uv": [ 10.0, -0.5, 13.0, 0.0 ] }
									}
								},
								{
									"name": "Cube14",
									"from": [ 1.0, 0.0, 3.0 ], 
									"to": [ 4.0, 9.0, 3.0 ], 
									"rotationOrigin": [ 1.0, 0.0, 3.0 ],
									"rotationX": -67.5,
									"rotationY": 45.0,
									"rotationZ": 22.5,
									"faces": {
										"north": { "texture": "#giantkelp_top", "uv": [ 0.0, 0.0, 5.5, 16.0 ], "autoUv": false },
										"east": { "texture": "#giantkelp_top", "uv": [ 9.0, 4.0, 9.5, 13.0 ] },
										"south": { "texture": "#giantkelp_top", "uv": [ 8.5, 4.5, 11.5, 13.5 ] },
										"west": { "texture": "#giantkelp_top", "uv": [ 8.5, 1.5, 9.0, 10.5 ] },
										"up": { "texture": "#giantkelp_top", "uv": [ 10.0, 1.0, 13.0, 1.5 ] },
										"down": { "texture": "#giantkelp_top", "uv": [ 10.5, 1.5, 13.5, 2.0 ] }
									}
								},
								{
									"name": "Cube15",
									"from": [ 2.0, 2.0, 2.0 ], 
									"to": [ 5.0, 11.0, 2.0 ], 
									"rotationOrigin": [ 2.0, 2.0, 2.0 ],
									"rotationX": -45.0,
									"rotationY": 22.5,
									"rotationZ": -22.5,
									"faces": {
										"north": { "texture": "#giantkelp_top", "uv": [ 11.0, 5.5, 14.0, 14.5 ] },
										"east": { "texture": "#giantkelp_top", "uv": [ 13.5, 4.0, 14.0, 13.0 ] },
										"south": { "texture": "#giantkelp_top", "uv": [ 0.0, 0.0, 6.0, 16.0 ], "autoUv": false },
										"west": { "texture": "#giantkelp_top", "uv": [ 11.0, 2.5, 11.5, 11.5 ] },
										"up": { "texture": "#giantkelp_top", "uv": [ 11.0, 4.5, 14.0, 5.0 ] },
										"down": { "texture": "#giantkelp_top", "uv": [ 6.5, 1.5, 9.5, 2.0 ] }
									}
								}
							]
						}
					]
				}
			]
		}
	]}