{
	"editor": {
		"allAngles": false,
		"entityTextureMode": false
	},
	"textureWidth": 16,
	"textureHeight": 16,
	"textureSizes": {
	},
	"textures": {
		"giantkelp_section": "block/plant/water/giantkelp/giantkelp_section",
		"giantkelp_top": "block/plant/water/giantkelp/giantkelp_top"
	},
	"elements": [
		{
			"name": "Cube1",
			"from": [ 7.0, 0.0, 7.0 ], 
			"to": [ 9.0, 16.0, 9.0 ], 
			"rotationOrigin": [ 7.0, 0.0, 7.0 ],
			"faces": {
				"north": { "texture": "#giantkelp_section", "uv": [ 0.0, 0.0, 2.0, 16.0 ] },
				"east": { "texture": "#giantkelp_section", "uv": [ 0.0, 0.0, 2.0, 16.0 ] },
				"south": { "texture": "#giantkelp_section", "uv": [ 0.0, 0.0, 2.0, 16.0 ] },
				"west": { "texture": "#giantkelp_section", "uv": [ 0.0, 0.0, 2.0, 16.0 ] },
				"up": { "texture": "#giantkelp_section", "uv": [ 0.0, 0.0, 2.0, 2.0 ] },
				"down": { "texture": "#giantkelp_section", "uv": [ 0.0, 0.0, 2.0, 2.0 ] }
			},
			"children": [
				{
					"name": "Cube2",
					"from": [ 0.0, 4.0, 0.0 ], 
					"to": [ 0.0, 13.0, 2.0 ], 
					"rotationOrigin": [ 0.0, 4.0, 0.0 ],
					"rotationX": -22.5,
					"rotationZ": 22.5,
					"faces": {
						"north": { "texture": "#giantkelp_top", "uv": [ 10.0, 3.0, 17.0, 10.0 ], "autoUv": false },
						"east": { "texture": "#giantkelp_top", "uv": [ 12.5, 6.5, 14.5, 15.5 ] },
						"south": { "texture": "#giantkelp_top", "uv": [ 13.5, 5.0, 14.0, 14.0 ] },
						"west": { "texture": "#giantkelp_top", "uv": [ 0.0, 0.0, 6.0, 16.0 ], "autoUv": false },
						"up": { "texture": "#giantkelp_top", "uv": [ 9.5, 6.0, 10.0, 8.0 ] },
						"down": { "texture": "#giantkelp_top", "uv": [ 12.5, 3.0, 13.0, 5.0 ] }
					}
				},
				{
					"name": "Cube3",
					"from": [ 0.0, 4.0, 1.0 ], 
					"to": [ 2.0, 12.0, 1.0 ], 
					"rotationOrigin": [ 0.0, 4.0, 1.0 ],
					"rotationX": -22.5,
					"rotationY": 22.5,
					"faces": {
						"north": { "texture": "#giantkelp_top", "uv": [ 0.0, 0.0, 6.0, 16.5 ], "autoUv": false },
						"east": { "texture": "#giantkelp_top", "uv": [ 9.5, 4.5, 10.0, 12.5 ] },
						"south": { "texture": "#giantkelp_top", "uv": [ 8.5, 3.5, 10.5, 11.5 ] },
						"west": { "texture": "#giantkelp_top", "uv": [ 7.5, 4.0, 8.0, 12.0 ] },
						"up": { "texture": "#giantkelp_top", "uv": [ 9.0, 2.5, 11.0, 3.0 ] },
						"down": { "texture": "#giantkelp_top", "uv": [ 7.0, 2.5, 9.0, 3.0 ] }
					}
				},
				{
					"name": "Cube4",
					"from": [ 2.0, 3.0, 0.0 ], 
					"to": [ 2.0, 10.0, 2.0 ], 
					"rotationOrigin": [ 2.0, 3.0, 0.0 ],
					"rotationX": 22.5,
					"rotationZ": -45.0,
					"faces": {
						"north": { "texture": "#giantkelp_top", "uv": [ 8.0, 4.5, 8.5, 11.5 ] },
						"east": { "texture": "#giantkelp_top", "uv": [ 0.0, 0.0, 6.5, 16.0 ], "autoUv": false },
						"south": { "texture": "#giantkelp_top", "uv": [ 6.0, 2.0, 6.5, 9.0 ] },
						"west": { "texture": "#giantkelp_top", "uv": [ 9.5, 5.0, 11.5, 12.0 ] },
						"up": { "texture": "#giantkelp_top", "uv": [ 9.5, 5.5, 10.0, 7.5 ] },
						"down": { "texture": "#giantkelp_top", "uv": [ 10.5, 4.5, 11.0, 6.5 ] }
					}
				},
				{
					"name": "Cube5",
					"from": [ 1.0, 14.0, 0.0 ], 
					"to": [ 7.0, 14.0, 2.0 ], 
					"rotationOrigin": [ 1.0, 14.0, 0.0 ],
					"rotationY": 45.0,
					"rotationZ": -45.0,
					"faces": {
						"north": { "texture": "#giantkelp_top", "uv": [ 8.0, 5.0, 14.0, 5.5 ] },
						"east": { "texture": "#giantkelp_top", "uv": [ 8.5, 7.5, 10.5, 8.0 ] },
						"south": { "texture": "#giantkelp_top", "uv": [ 8.5, 5.5, 14.5, 6.0 ] },
						"west": { "texture": "#giantkelp_top", "uv": [ 11.5, 9.0, 13.5, 9.5 ] },
						"up": { "texture": "#giantkelp_top", "uv": [ 0.0, 0.0, 6.0, 15.5 ], "autoUv": false },
						"down": { "texture": "#giantkelp_top", "uv": [ 9.0, 7.0, 15.0, 9.0 ] }
					}
				},
				{
					"name": "Cube6",
					"from": [ 0.0, 10.0, 2.0 ], 
					"to": [ 2.0, 18.0, 2.0 ], 
					"rotationOrigin": [ 0.0, 10.0, 2.0 ],
					"rotationX": 45.0,
					"rotationY": -22.5,
					"faces": {
						"north": { "texture": "#giantkelp_top", "uv": [ 0.0, 0.0, 6.5, 16.0 ], "autoUv": false },
						"east": { "texture": "#giantkelp_top", "uv": [ 10.0, 6.0, 10.5, 14.0 ] },
						"south": { "texture": "#giantkelp_top", "uv": [ 11.0, 5.5, 13.0, 13.5 ] },
						"west": { "texture": "#giantkelp_top", "uv": [ 9.0, 3.5, 9.5, 11.5 ] },
						"up": { "texture": "#giantkelp_top", "uv": [ 11.5, 5.5, 15.5, 7.0 ], "autoUv": false },
						"down": { "texture": "#giantkelp_top", "uv": [ 6.5, 4.0, 8.5, 4.5 ] }
					}
				},
				{
					"name": "Cube7",
					"from": [ 0.0, 0.0, 2.0 ], 
					"to": [ 2.0, 6.0, 2.0 ], 
					"rotationOrigin": [ 0.0, 0.0, 2.0 ],
					"rotationX": 13.5,
					"faces": {
						"north": { "texture": "#giantkelp_top", "uv": [ 10.5, 6.0, 12.5, 12.0 ] },
						"east": { "texture": "#giantkelp_top", "uv": [ 12.0, 3.5, 12.5, 9.5 ] },
						"south": { "texture": "#giantkelp_top", "uv": [ 0.0, 0.0, 6.0, 16.0 ], "autoUv": false },
						"west": { "texture": "#giantkelp_top", "uv": [ 14.0, 6.0, 14.5, 12.0 ] },
						"up": { "texture": "#giantkelp_top", "uv": [ 7.0, 5.0, 9.0, 5.5 ] },
						"down": { "texture": "#giantkelp_top", "uv": [ 7.5, 6.0, 9.5, 6.5 ] }
					}
				},
				{
					"name": "Cube8",
					"from": [ 0.0, 14.0, 0.0 ], 
					"to": [ 2.0, 20.0, 0.0 ], 
					"rotationOrigin": [ 0.0, 14.0, 0.0 ],
					"rotationX": 22.5,
					"rotationY": 45.0,
					"rotationZ": 67.5,
					"faces": {
						"north": { "texture": "#giantkelp_top", "uv": [ 9.0, 4.5, 11.0, 10.5 ] },
						"east": { "texture": "#giantkelp_top", "uv": [ 9.5, 4.5, 10.0, 10.5 ] },
						"south": { "texture": "#giantkelp_top", "uv": [ 0.0, 0.0, 7.0, 16.0 ], "autoUv": false },
						"west": { "texture": "#giantkelp_top", "uv": [ 10.5, 4.5, 11.0, 10.5 ] },
						"up": { "texture": "#giantkelp_top", "uv": [ 10.5, 2.5, 12.5, 3.0 ] },
						"down": { "texture": "#giantkelp_top", "uv": [ 9.0, 7.5, 11.0, 8.0 ] }
					}
				}
			]
		}
	]}