{
	"editor": {
		"allAngles": false,
		"entityTextureMode": false
	},
	"textureWidth": 16,
	"textureHeight": 16,
	"textureSizes": {
	},
	"textures": {
		"kelp": "block/plant/water/kelp/kelp1"
	},
	"elements": [
		{
			"name": "Cube1",
			"from": [ 7.0, 0.0, 8.0 ], 
			"to": [ 8.0, 16.0, 9.0 ], 
			"rotationOrigin": [ 7.0, 0.0, 8.0 ],
			"faces": {
				"north": { "texture": "#kelp", "uv": [ 0.0, 0.0, 1.0, 16.0 ] },
				"east": { "texture": "#kelp", "uv": [ 0.0, 0.0, 1.0, 16.0 ] },
				"south": { "texture": "#kelp", "uv": [ 0.0, 0.0, 1.0, 16.0 ] },
				"west": { "texture": "#kelp", "uv": [ 0.0, 0.0, 1.0, 16.0 ] },
				"up": { "texture": "#kelp", "uv": [ 0.0, 0.0, 1.0, 1.0 ] },
				"down": { "texture": "#kelp", "uv": [ 0.0, 0.0, 1.0, 1.0 ] }
			},
			"children": [
				{
					"name": "Cube2",
					"from": [ 1.0, 12.0, -2.0 ], 
					"to": [ 10.0, 12.0, 3.0 ], 
					"rotationOrigin": [ 1.0, 12.0, -2.0 ],
					"rotationY": -22.5,
					"faces": {
						"north": { "texture": "#kelp", "uv": [ 0.0, 0.0, 9.0, 0.5 ] },
						"east": { "texture": "#kelp", "uv": [ 0.0, 0.0, 5.0, 0.5 ] },
						"south": { "texture": "#kelp", "uv": [ 0.0, 0.0, 9.0, 0.5 ] },
						"west": { "texture": "#kelp", "uv": [ 0.0, 0.0, 5.0, 0.5 ] },
						"up": { "texture": "#kelp", "uv": [ 0.0, 0.0, 9.0, 5.0 ] },
						"down": { "texture": "#kelp", "uv": [ 0.0, 0.0, 9.0, 5.0 ] }
					}
				},
				{
					"name": "Cube3",
					"from": [ -1.0, 4.0, 0.0 ], 
					"to": [ 2.0, 4.0, 6.0 ], 
					"rotationOrigin": [ -1.0, 4.0, 0.0 ],
					"faces": {
						"north": { "texture": "#kelp", "uv": [ 0.0, 0.0, 3.0, 0.5 ] },
						"east": { "texture": "#kelp", "uv": [ 0.0, 0.0, 6.0, 0.5 ] },
						"south": { "texture": "#kelp", "uv": [ 0.0, 0.0, 3.0, 0.5 ] },
						"west": { "texture": "#kelp", "uv": [ 0.0, 0.0, 6.0, 0.5 ] },
						"up": { "texture": "#kelp", "uv": [ 0.0, 0.0, 3.0, 6.0 ] },
						"down": { "texture": "#kelp", "uv": [ 0.0, 0.0, 3.0, 6.0 ] }
					}
				},
				{
					"name": "Cube4",
					"from": [ -1.0, 7.0, -9.0 ], 
					"to": [ 3.0, 7.0, 2.0 ], 
					"rotationOrigin": [ -1.0, 7.0, -9.0 ],
					"rotationX": -10.1,
					"faces": {
						"north": { "texture": "#kelp", "uv": [ 0.0, 0.0, 4.0, 0.5 ] },
						"east": { "texture": "#kelp", "uv": [ 0.0, 0.0, 11.0, 0.5 ] },
						"south": { "texture": "#kelp", "uv": [ 0.0, 0.0, 4.0, 0.5 ] },
						"west": { "texture": "#kelp", "uv": [ 0.0, 0.0, 11.0, 0.5 ] },
						"up": { "texture": "#kelp", "uv": [ 0.0, 0.0, 4.0, 11.0 ] },
						"down": { "texture": "#kelp", "uv": [ 0.0, 0.0, 4.0, 11.0 ] }
					}
				}
			]
		}
	]}