{
	"editor": {
		"allAngles": false,
		"entityTextureMode": false
	},
	"textureWidth": 16,
	"textureHeight": 16,
	"textureSizes": {
	},
	"textures": {
		"seagrass_normal": "block/plant/water/seagrass/seagrass_normal"
	},
	"elements": [
		{
			"name": "Face",
			"from": [ 0.0, 0.0, 0.0 ], 
			"to": [ 22.6, 22.6, 1.0 ], 
			"shade": false,
			"climateColorMap": "climatePlantTint",
			"rotationOrigin": [ 0.0, 0.0, 0.0 ],
			"rotationY": -45.0,
			"faces": {
				"north": { "texture": "#seagrass_normal", "uv": [ 0.0, 0.0, 16.0, 16.0 ] },
				"east": { "texture": "#seagrass_normal", "uv": [ 0.0, 0.0, 1.0, 22.5 ], "enabled": false },
				"south": { "texture": "#seagrass_normal", "uv": [ 0.0, 0.0, 22.5, 22.5 ], "enabled": false },
				"west": { "texture": "#seagrass_normal", "uv": [ 0.0, 0.0, 1.0, 22.5 ], "enabled": false },
				"up": { "texture": "#seagrass_normal", "uv": [ 0.0, 0.0, 22.5, 1.0 ], "enabled": false },
				"down": { "texture": "#seagrass_normal", "uv": [ 0.0, 0.0, 22.5, 1.0 ], "enabled": false }
			}
		},
		{
			"name": "Face2",
			"from": [ 0.0, 0.0, 15.0 ], 
			"to": [ 22.6, 22.6, 16.0 ], 
			"shade": false,
			"climateColorMap": "climatePlantTint",
			"rotationOrigin": [ 0.0, 0.0, 16.0 ],
			"rotationY": 45.0,
			"faces": {
				"north": { "texture": "#seagrass_normal", "uv": [ 0.0, 0.0, 22.5, 22.5 ], "enabled": false },
				"east": { "texture": "#seagrass_normal", "uv": [ 0.0, 0.0, 1.0, 22.5 ], "enabled": false },
				"south": { "texture": "#seagrass_normal", "uv": [ 0.0, 0.0, 16.0, 16.0 ] },
				"west": { "texture": "#seagrass_normal", "uv": [ 0.0, 0.0, 1.0, 22.5 ], "enabled": false },
				"up": { "texture": "#seagrass_normal", "uv": [ 0.0, 0.0, 22.5, 1.0 ], "enabled": false },
				"down": { "texture": "#seagrass_normal", "uv": [ 0.0, 0.0, 22.5, 1.0 ], "enabled": false }
			}
		}
	]}