{
	"editor": {
		"allAngles": false,
		"entityTextureMode": false
	},
	"textureWidth": 16,
	"textureHeight": 16,
	"textureSizes": {
	},
	"textures": {
		"sugarkelp_section1": "block/plant/water/sugarkelp/sugarkelp_section*"
	},
	"elements": [
		{
			"name": "Cube1",
			"from": [ 3.0, 0.0, 8.0 ], 
			"to": [ 13.0, 16.0, 8.0 ], 
			"rotationOrigin": [ 3.0, 0.0, 8.0 ],
			"faces": {
				"north": { "texture": "#sugarkelp_section1", "uv": [ 0.0, 0.0, 5.5, 15.5 ], "autoUv": false },
				"east": { "texture": "#sugarkelp_section1", "uv": [ 10.0, -1.5, 10.5, 14.5 ] },
				"south": { "texture": "#sugarkelp_section1", "uv": [ 9.0, 0.5, 15.0, 10.0 ], "autoUv": false },
				"west": { "texture": "#sugarkelp_section1", "uv": [ 17.0, -1.0, 17.5, 15.0 ] },
				"up": { "texture": "#sugarkelp_section1", "uv": [ 16.0, 2.5, 26.0, 3.0 ] },
				"down": { "texture": "#sugarkelp_section1", "uv": [ 10.0, 5.0, 20.0, 5.5 ] }
			}
		},
		{
			"name": "Cube2",
			"from": [ 8.0, 0.0, 3.0 ], 
			"to": [ 8.0, 16.0, 13.0 ], 
			"rotationOrigin": [ 8.0, 0.0, 3.0 ],
			"faces": {
				"north": { "texture": "#sugarkelp_section1", "uv": [ 12.5, 1.0, 13.0, 17.0 ] },
				"east": { "texture": "#sugarkelp_section1", "uv": [ 0.0, 0.0, 5.5, 16.0 ], "autoUv": false },
				"south": { "texture": "#sugarkelp_section1", "uv": [ 12.0, -0.5, 12.5, 15.5 ] },
				"west": { "texture": "#sugarkelp_section1", "uv": [ 11.5, 5.0, 13.5, 10.0 ], "autoUv": false },
				"up": { "texture": "#sugarkelp_section1", "uv": [ 7.0, 4.0, 7.5, 14.0 ] },
				"down": { "texture": "#sugarkelp_section1", "uv": [ 18.5, 2.5, 19.0, 12.5 ] }
			}
		}
	]}