[
	{
		ingredientPattern: "_H_,_C_,RSF",
		ingredients: {
			"H": { type: "item", code: "game:hammer-*", isTool: true },
			"C": { type: "item", code: "game:chisel-*", isTool: true },
			"R": { type: "item", code: "game:resin" },
			"S": { type: "block", code: "game:log-placed-*-ud", name: "wood", quantity: 2 },
			"F": { type: "item", code: "hartesol" }
		},
		width: 3,
		height: 3,
		output: { type: "block", code: "game:windmillrotor-north", quantity: 1 }
	},
	
	{
		ingredientPattern: "H_,C_,SF",
		ingredients: {
			"H": { type: "item", code: "game:hammer-*", isTool: true },
			"C": { type: "item", code: "game:chisel-*", isTool: true },
			"S": { type: "block", code: "game:log-placed-*-ud", name: "wood" },
			"F": { type: "item", code: "hartesol" }
		},
		width: 2,
		height: 3,
		output: { type: "block", code: "game:woodenaxle-ud", quantity: 2 }
	},
	
	{
		ingredientPattern: "HX_,PCP,RSF",
		ingredients: {
			"X": { type: "item", code: "game:saw-*", isTool: true },
			"H": { type: "item", code: "game:hammer-*", isTool: true },
			"C": { type: "item", code: "game:chisel-*", isTool: true },
			"S": { type: "block", code: "game:log-placed-*-ud", name: "wood" },
			"R": { type: "item", code: "game:resin" },
			"P": { type: "item", code: "game:stick" },
			"F": { type: "item", code: "hartesol" }
		},
		width: 3,
		height: 3,
		output: { type: "block", code: "game:angledgears-s", quantity: 1 }
	},
	{
		ingredientPattern: "HCR,PAP,_F_",
		ingredients: {
			"H": { type: "item", code: "game:hammer-*", isTool: true },
			"C": { type: "item", code: "game:chisel-*", isTool: true },
			"R": { type: "item", code: "game:resin", quantity: 4 },
			"P": { type: "item", code: "game:plank-*", name: "wood", quantity: 4 },
			"F": { type: "item", code: "hartesol" },
			"A": { type: "block", code: "game:woodenaxle-ud" }
		},
		width: 3,
		height: 3,
		output: { type: "block", code: "game:woodentoggle-ns", quantity: 1 }
	},
	{
		ingredientPattern: "HCX,PAS,RF_",
		ingredients: {
			"H": { type: "item", code: "game:hammer-*", isTool: true },
			"C": { type: "item", code: "game:chisel-*", isTool: true },
			"X": { type: "item", code: "game:saw-*", isTool: true },
			"P": { type: "item", code: "game:plank-*", quantity: 8 },
			"A": { type: "block", code: "game:log-placed-*-ud" },
			"S": { type: "item", code: "game:stick", quantity: 8 },
			"R": { type: "item", code: "game:resin", quantity: 2 },
			"F": { type: "item", code: "hartesol", quantity: 2 }
		},
		width: 3,
		height: 3,
		output: { type: "block", code: "game:clutch-north", quantity: 1 }
	},

	{
		ingredientPattern: "HCX,GPG,RF_",
		ingredients: {
			"H": { type: "item", code: "game:hammer-*", isTool: true },
			"C": { type: "item", code: "game:chisel-*", isTool: true },
			"X": { type: "item", code: "game:saw-*", isTool: true },
			"G": { type: "block", code: "game:angledgears-s" },
			"P": { type: "item", code: "game:plank-*", name: "wood", quantity: 8 },
			"R": { type: "item", code: "game:resin", quantity: 2 },
			"F": { type: "item", code: "hartesol" }
		},
		width: 3,
		height: 3,
		output: { type: "block", code: "game:transmission-ns", quantity: 1 }
	},
]