{
	code: "mushroom",
	class: "BlockMushroom",
	entityClass: "Transient",
	variantgroups: [
		{ loadFromProperties: "omniummod:block/pilzdiemod" },
		{ code: "state", states: ["normal", "harvested"] },
		{ code: "cover", states: ["free", "snow"] },
	],
	attributes: {
		transientPropsByType: {
			"*-harvested-*": {
				convertFrom: "*-harvested-free",
				convertTo: "*-normal-free",
				inGameHoursByType: { "*-höhlenpilz-*": 50 , "*": 10},
				maxLightLevelVyType: { "*-höhlenpilz-*": 7 , "*": 100},
			},
			"*-normal-*": {
				condition: "temperature",
				convertTo: "*-harvested-free",
				convertFrom: "*-normal-free"
			},
		},
		nutritionPropsWhenInMeal: { 
			satietyByType: {"*-morchel-*": 110, "*-hengstpilz-*": 150, "*-höhlenpilz-*": 80 },
			foodcategory: "Vegetable",
			healthByType: {
				"*-morchel-*": 2,
				"*": 0
			}
		},
	},
	creativeinventory: { "general": ["*-normal-free"], "flora": ["*-normal-free"], "DieMod": ["*-normal-free"] },
	drawtypeByType: {
		"*-free": "JSON",
		"*-snow": "JSONAndSnowLayer",
	},
	shape: { base: "omniummod:block/plant/mushroom/{pilzdiemod}/{state}*" },
	shapeInventory: { base: "omniummod:item/{pilzdiemod}" },
	randomDrawOffset: true,
	renderpass: "OpaqueNoCull",
	blockmaterial: "Wood",
	randomizeRotations: true,
	sideopaque: {
		all: false
	},
	sidesolid: {
		all: false
	},
	replaceable: 3000,
	lightAbsorption: 0,
	resistance: 0.5,
	collisionbox: null,
	selectionBox: { x1: 0.125, y1: 0, z1: 0.125, x2: 0.875, y2: 0.25, z2: 0.875 },
	guiTransform: {
		rotation: { x: -22, y: 107, z: 0 },
		origin: { x: 0.5, y: 0.2, z: 0.5 },
		scale: 3
	},
	groundTransform: {
		origin: { x: 0.5, y: 0, z: 0.5 },
		scale: 2.5
	},
	tpHandTransform: {
		translation: { x: -0.93, y: -0.17, z: -0.8 },
		rotation: { x: 15, y: -10, z: -114 },
		origin: { x: 0.5, y: 0.1, z: 0.5 },
		scale: 0.58
	},
	soundsByType: {
	   "*-hengstpilz-normal-*": 
		{
		place: "game:block/plant",
		break: "omniummod:block/hengstpilz",
		hit: "game:block/plant"
		},
	   "*-hengstpilz-harvested-*": 
		{
		place: "game:block/plant",
		break: "game:block/plant",
		hit: "game:block/plant"
		},
	   "*-morchel-*": 
		{
		place: "game:block/plant",
		break: "game:block/plant",
		hit: "game:block/plant"
		},
	   "*-höhlenpilz-*": 
		{
		place: "game:block/plant",
		break: "game:block/plant",
		hit: "game:block/plant"
		}
	},
	rainPermeable: true,
	nutritionpropsByType: {
		"*-hengstpilz-*": { "saturation": 100, health: 0, foodcategory: "Vegetable" },
		"*-morchel-*": { "saturation": 90, health: 1, foodcategory: "Vegetable" },
		"*-höhlenpilz-*": { "saturation": 40, health: 0, foodcategory: "Vegetable" }
	},
	transitionableProps: [{
		type: "Perish",
		freshHours: { avg: 432 },
		transitionHours: { avg: 72 },
		transitionedStack: { type: "item", code: "rot" },
		transitionRatio: 1
	}],
	materialDensity: 200,
	frostable: true,
	drops: [
		{ type: "block", code: "game:mushroom-{pilzdiemod}-normal-free", quantity: { avg: 1, var: 0 }  }
	],
	"lighthsvByType": { "*-höhlenpilz-normal-*": [20,1,5] },
}
