[
  {
    "op": "add",
    "path": "/patches/0",
    "value": {
      "comment": "Seagrass",
      "blockCodes": [
        "omniummod:seagrass-normal"
      ],
      "quantity": {
        "dist": "invexp",
        "avg": 500,
        "var": 10
      },
      "chance": 0.05,
      "minWaterDepth": 10,
      "offsetX": {
        "dist": "gaussian",
        "avg": 0,
        "var": 50
      },
      "offsetZ": {
        "dist": "gaussian",
        "avg": 0,
        "var": 50
      },
      "placement": "UnderWater"
    },
    "file": "game:worldgen/blockpatches.json"
  },
  {
    "op": "add",
    "path": "/patches/1",
    "value": {
      "comment": "Kelpforrest",
      "blockCodes": [
        "omniummod:bullkelp-section",
        "omniummod:giantkelp-section",
        "omniummod:sugarkelp-buttom",
        "omniummod:seagrass-normal"
      ],
      "quantity": {
        "dist": "invexp",
        "avg": 500,
        "var": 10
      },
      "chance": 0.01,
      "minWaterDepth": 10,
      "offsetX": {
        "dist": "gaussian",
        "avg": 0,
        "var": 50
      },
      "offsetZ": {
        "dist": "gaussian",
        "avg": 0,
        "var": 50
      },
      "placement": "UnderWater"
    },
    "file": "game:worldgen/blockpatches.json"
  },
  {
    "op": "add",
    "path": "/patches/2",
    "value": {
      "comment": "Corals",
      "blockCodes": [
        "omniummod:coral-black"
      ],
      "quantity": {
        "dist": "stronginvexp",
        "avg": 30,
        "var": 10
      },
      "chance": 0.005,
      "minWaterDepth": 10,
      "offsetX": {
        "dist": "gaussian",
        "avg": 0,
        "var": 30
      },
      "offsetZ": {
        "dist": "gaussian",
        "avg": 0,
        "var": 30
      },
      "placement": "UnderWater"
    },
    "file": "game:worldgen/blockpatches.json"
  },
  {
    "op": "add",
    "path": "/patches/3",
    "value": {
      "comment": "Vent",
      "blockCodes": [
        "omniummod:hydrothermal_vent"
      ],
      "quantity": {
        "avg": 1,
        "var": 0
      },
      "chance": 0.04,
      "minWaterDepth": 80,
      "placement": "UnderWater"
    },
    "file": "game:worldgen/blockpatches.json"
  }
]