[
	{ file: "game:worldgen/landforms", op: "add", path: "/variants/0", 
	value: 
           { 
 		"code":  "seadeep",
		"comment": "a large deep sea filled with water",
		"hexcolor": "#0000FF",
		"weight": 10,
		"minTemp": 0,
		"maxTemp": 10,
		"useClimateMap": true,
		"terrainOctaves":          [0, 0, 0, 0, 1, 0.1, 0.25, 0.3, 1, 0],
		"terrainOctaveThresholds": [0, 0, 0, 0, 0, 0, 0, 0, 0, 0],
		"terrainYKeyPositions":    [0.094, 0.100, 0.427],
		"terrainYKeyThresholds":   [1.000, 0.450, 0.000]
	   }
	}
]