[
	{ 
	file:  "game:worldgen/landforms", op: "add", path: "/variants/0", 
	value: 
           { 
 		"code":  "seaflat",
		"comment": "a large flat sea filled with water",
		"hexcolor": "#0000FF",
		"weight": 10,
		"minTemp": 0,
		"maxTemp": 10,
		"minRain": 120,
		"maxRain": 300,
		"useClimateMap": true,
		"terrainOctaves":          [0, 0, 0, 0, 1, 0.1, 0.25, 0.3, 0.1, 0],
		"terrainOctaveThresholds": [0, 0, 0, 0, 0, 0, 0, 0, 0, 0],
		"terrainYKeyPositions":    [0.210, 0.287, 0.435],
		"terrainYKeyThresholds":   [1.000, 0.385, 0.000]
	   }
	}
]