[
  {
    "op": "add",
    "path": "/structures/-",
    "value": {
      "code": "ruin1",
      "name": "ruin1",
      "offsetY": -1,
      "chance": 1,
      "schematics": ["ruin1"],
      "placement": "underground",
      insideBlockCodes: [ "game:gravel-andesite", "game:gravel-granite", "game:gravel-basalt", "game:gravel-peridotite", "game:gravel-claystone", "game:gravel-sandstone", "game:gravel-shale", "game:gravel-chalk", "game:gravel-limestone", "game:gravel-chert", "game:gravel-conglomerate", "game:gravel-phyllite", "game:gravel-slate", "game:muddygravel" ]
    },
    "file": "game:worldgen/structures.json"
  }, 
]