[
  {
    "op": "add",
    "path": "/structures/-",
    "value": {
      "code": "shipwreck1",
      "name": "shipwreck",
      "offsetY": -1,
      "chance": 1.5,
      "schematics": ["shipwreck1"],
      "placement": "underground",
      insideBlockCodes: [ "game:gravel-andesite", "game:gravel-granite", "game:gravel-basalt", "game:gravel-peridotite", "game:gravel-claystone", "game:gravel-sandstone", "game:gravel-shale", "game:gravel-chalk", "game:gravel-limestone", "game:gravel-chert", "game:gravel-conglomerate", "game:gravel-phyllite", "game:gravel-slate", "game:muddygravel" ]
    },
    "file": "game:worldgen/structures.json"
  },
  {
    "op": "add",
    "path": "/structures/-",
    "value": {
      "code": "shipwreck2",
      "name": "shipwreck2",
      "offsetY": -1,
      "chance": 2,
      "schematics": ["shipwreck2"],
      "placement": "underground",
      insideBlockCodes: [ "game:gravel-andesite", "game:gravel-granite", "game:gravel-basalt", "game:gravel-peridotite", "game:gravel-claystone", "game:gravel-sandstone", "game:gravel-shale", "game:gravel-chalk", "game:gravel-limestone", "game:gravel-chert", "game:gravel-conglomerate", "game:gravel-phyllite", "game:gravel-slate", "game:muddygravel" ]
    },
    "file": "game:worldgen/structures.json"
  },
  {
    "op": "add",
    "path": "/structures/-",
    "value": {
      "code": "shipwreck3",
      "name": "shipwreck3",
      "offsetY": -1,
      "chance": 2.5,
      "schematics": ["shipwreck3"],
      "placement": "underground",
      insideBlockCodes: [ "game:gravel-andesite", "game:gravel-granite", "game:gravel-basalt", "game:gravel-peridotite", "game:gravel-claystone", "game:gravel-sandstone", "game:gravel-shale", "game:gravel-chalk", "game:gravel-limestone", "game:gravel-chert", "game:gravel-conglomerate", "game:gravel-phyllite", "game:gravel-slate", "game:muddygravel" ]
    },
    "file": "game:worldgen/structures.json"
  },
  {
    "op": "add",
    "path": "/structures/-",
    "value": {
      "code": "shipwreck4",
      "name": "shipwreck4",
      "offsetY": -1,
      "chance": 2.5,
      "schematics": ["shipwreck4"],
      "placement": "underground",
      insideBlockCodes: [ "game:gravel-andesite", "game:gravel-granite", "game:gravel-basalt", "game:gravel-peridotite", "game:gravel-claystone", "game:gravel-sandstone", "game:gravel-shale", "game:gravel-chalk", "game:gravel-limestone", "game:gravel-chert", "game:gravel-conglomerate", "game:gravel-phyllite", "game:gravel-slate", "game:muddygravel" ]
    },
    "file": "game:worldgen/structures.json"
  },
  {
    "op": "add",
    "path": "/structures/-",
    "value": {
      "code": "shipwreck5",
      "name": "shipwreck5",
      "offsetY": -1,
      "chance": 1.5,
      "schematics": ["shipwreck5"],
      "placement": "underground",
      insideBlockCodes: [ "game:gravel-andesite", "game:gravel-granite", "game:gravel-basalt", "game:gravel-peridotite", "game:gravel-claystone", "game:gravel-sandstone", "game:gravel-shale", "game:gravel-chalk", "game:gravel-limestone", "game:gravel-chert", "game:gravel-conglomerate", "game:gravel-phyllite", "game:gravel-slate", "game:muddygravel" ]
    },
    "file": "game:worldgen/structures.json"
  }
]