[
  {
    "op": "add",
    "path": "/attributes/requiresAnvilTierByType/ingot-temporalalloy",
    "value": 1,
    "file": "game:itemtypes/resource/ingot.json"
  },
  {
    "op": "add",
    "path": "/combustiblePropsByType/ingot-temporalalloy",
    "value": {
      "meltingPoint": 100,
      "meltingDuration": 10,
      "smeltedRatio": 1,
      "smeltedStack": {
        "type": "item",
        "code": "ingot-temporalalloy"
      }
    },
    "file": "game:itemtypes/resource/ingot.json"
  },
  {
    "op": "add",
    "path": "/materialDensityByType/*-temporalalloy",
    "value": 100,
    "file": "game:itemtypes/resource/ingot.json"
  },
]