[
  {
    "op": "add",
    "path": "/attributesByType/workitem-temporalalloy",
    "value": {
      "requiresAnvilTier": 1
    },
    "file": "game:itemtypes/resource/workitem.json"
  },
  {
    "op": "add",
    "path": "/combustiblePropsByType/workitem-temporalalloy",
    "value": {
      "meltingPoint": 100,
      "meltingDuration": 10,
      "smeltedRatio": 1,
      "smeltedStack": {
        "type": "item",
        "code": "ingot-temporalalloy"
      }
    },
    "file": "game:itemtypes/resource/workitem.json"
  },
]