[
  {
    "op": "replace",
    "path": "/attributes/handbook/excludeByType/*-uranium",
    "value": false,
    "file": "game:itemtypes/resource/metalbit.json"
  },
  {
    "op": "add",
    "path": "/combustiblePropsByType/*-uranium",
    "value": {
      "meltingPoint": 1100,
      "meltingDuration": 30,
      "smeltedRatio": 20,
      "smeltedStack": {
        "type": "item",
        "code": "ingot-uranium"
      }
    },
    "file": "game:itemtypes/resource/metalbit.json"
  }
]