[
  {
    "op": "replace",
    "path": "/attributes/handbook/excludeByType/*-uranium",
    "value": false,
    "file": "game:itemtypes/resource/ingot.json"
  },
  {
    "op": "add",
    "path": "/attributes/requiresAnvilTierByType/ingot-uranium",
    "value": 3,
    "file": "game:itemtypes/resource/ingot.json"
  },
  {
    "op": "add",
    "path": "/combustiblePropsByType/ingot-uranium",
    "value": {
      "meltingPoint": 1100,
      "meltingDuration": 30,
      "smeltedRatio": 1,
      "smeltedStack": {
        "type": "item",
        "code": "ingot-uranium"
      }
    },
    "file": "game:itemtypes/resource/ingot.json"
  },
  {
    "op": "add",
    "path": "/materialDensityByType/*-uranium",
    "value": 8880,
    "file": "game:itemtypes/resource/ingot.json"
  }
]