[
  {
    "op": "add",
    "path": "/attributesByType/workitem-uranium",
    "value": {
      "requiresAnvilTier": 3
    },
    "file": "game:itemtypes/resource/workitem.json"
  },
  {
    "op": "add",
    "path": "/combustiblePropsByType/workitem-uranium",
    "value": {
      "meltingPoint": 1100,
      "meltingDuration": 30,
      "smeltedRatio": 1,
      "smeltedStack": {
        "type": "item",
        "code": "ingot-uranium"
      }
    },
    "file": "game:itemtypes/resource/workitem.json"
  }
]