{
	code: "boss",
	class: "Boss",
	habitat: "Air",
	canClimb: true,
	hitboxSize: { x: 4, y: 4, z: 4 },
	eyeHeight: 4,
	drops: [
			{
				type: "item",
				code: "omniummod:omniummodore-temporalalloy",
				quantity: { avg: 6, var: 2 }
			},
	],
	attributes: {
		glitchAffected: false,
		onDeathStabilityRecovery: 1000000,
	},
	client: {
		renderer: "Shape",
		shape: { base: "omniummod:entity/land/bosses/boss" },
		behaviors: [
	                { "code": "passivephysics", "gravityFactor": 0, "waterDragFactor": 0, "groundDragFactor": 0},
			{ code: "floatupwhenstuck", onlyWhenDead: true },
			{ code: "interpolateposition" },
			{ code: "harvestable", duration: 2 }
		],
		animations: [
			{
				code: "hurt",
				animation: "hurt", 
				animationSpeed: 2,
				weight: 10,
				blendMode: "AddAverage" 
			},
			{
				code: "die",
				animation: "die", 
				animationSpeed: 0.7,
				weight: 10,
				blendMode: "Average",
				triggeredBy: { onControls: ["dead"] }
			},
			{ 
				code: "idle", 
				animation: "idle",
				blendMode: "Average", 
				triggeredBy: { defaultAnim: true },
			}
		]
	},
	server: {
		behaviors: [
			{ code: "health", 
				currenthealth: 600,
				maxhealth: 600
			},
			{ code: "controlledphysics", stepHeight: 1.1251 },
			{ code: "deaddecay", hoursToDecay: 3 },
	                { "code": "passivephysics", "gravityFactor": 0, "waterDragFactor": 0, "groundDragFactor": 0},
			{ code: "floatupwhenstuck", onlyWhenDead: true },
			{
				code: "taskai",
				aitasks: [
					{
						code: "meleeattack",
						entityCodes: ["player"],
						priority: 5,
						damage: 30,
						maxDist: 10,
						maxVerDist: 10,
						animation: "rotate",
						animationSpeed: 1.5
					},
					{
						code: "seekentity",
						entityCodes: ["player"],
						priority: 4,
						mincooldown: 400, 
						maxcooldown: 800, 
						movespeed: 0.018,
						seekingRange: 60,
						animationSpeed: 1.3,
						animation: "rotate",
					},
					{
						code: "idle",
						priority: 1.4,
						mincooldown: 0,
						maxcooldown: 0, 
						animation: "rotate",
					},
					{ 
						code: "lookaround",
						priority: 1.4,
						animation: "rotate",
						maxduration: 10000,
						minduration: 5000,
						cancelOnHurt: true,
						animation: "rotate",
					}
				]
			},
			],
		
	},
}