{
	"code": "dungeonkey",
	"creativeinventory": { "general": ["*"], "items": ["*"], "DieMod": ["*"] },
	"variantgroups": [{"code": "type", "name": "type", "states": ["one", "many"] } ],
	"shape": {"base": "item/dungeonkey_{type}"},
	"textures": { all: {"base": "item/dungeonkey_{type}" } },
	"maxstacksize": 1,
	materialDensity: 3000,
	groundTransform: {
		translation: { x: 0, y: 0.37, z: 0 },
		rotation: { x: -90, y: -180, z: -180 },
		origin: { x: 0, y: 0, z: 0 },
		scale: 3.5
	},
	fpHandTransform: {
		translation: { x: 0, y: 0, z: 1 },
		rotation: { x: -138, y: 79, z: -180 },
		origin: { x: 0, y: 0, z: 0 },
		scale: 2.2
	},
	tpHandTransform: {
		translation: { x: 0.2, y: 0.1, z: 0.5 },
		rotation: { x: -180, y: -180, z: 136 },
		origin: { x: 0, y: 0, z: 0 },
		scale: 0.59
	},
	guiTransform: {
		translation: { x: 1, y: 6, z: 0 },
		rotation: { x: 0, y: 0, z: -137 },
		origin: { x: 0.5, y: 0.15, z: 0 },
		scale: 1.9
	}
	
}