{
	"code": "eternitycrystal",
	"creativeinventory": { "general": ["*"], "items": ["*"], "DieMod": ["*"] },
	"shape": {"base": "item/eternitycrystal"},
	"maxstacksize": 1,
	materialDensity: 3000,
	"fpHandTransform": {
		"translation": { "x": 1.05, "y": 0.5, "z": -1 },
		"rotation": { "x": 146, "y": 180, "z": 105 },
		"origin": { "x": 0, "y": 0, "z": 0 },
		"scale": 3.04
	},
	guiTransform: {
		translation: { x: 1, y: 7, z: 0 },
		rotation: { x: 16, y: -20, z: 180 },
		origin: { x: 0.7, y: 0.7, z: 0 },
		scale: 1.92
	},
	tpHandTransform: {
		translation: { x: -0.3, y: 0, z: 0.9 },
		rotation: { x: -180, y: -180, z: -180 },
		origin: { x: 0, y: 0, z: 0 },
		scale: 0.62
	},
	fpHandTransform: {
		translation: { x: 0.91, y: -0.32, z: 0.1 },
		rotation: { x: -180, y: -147, z: -143 },
		origin: { x: 0, y: 0, z: 0 },
		scale: 1.82
	},
	groundTransform: {
		translation: { x: -0.3, y: 0, z: 0.9 },
		rotation: { x: -180, y: -180, z: -180 },
		origin: { x: 0, y: 0, z: 0 },
		scale: 3.28
	},
	heldTpIdleAnimation: "holdbothhandslarge",
	heldTpUseAnimation: "twohandplaceblock"
}