{
	"code": "geisterfischitem",
	"creativeinventory": { "general": ["*"], "items": ["*"], "DieMod": ["*"] },
	"variantgroups": [{"code": "type", "name": "type", "states": ["raw", "cooked"] } ],
	"shape": {"base": "item/geisterfisch-{type}"},
	"maxstacksize": 64,
	materialDensity: 300,
	"nutritionprops": { "saturationByType": { "*-raw": 10, "*-cooked": 30}, "foodcategory": "protein" },
	"combustiblePropsByType": {
		
		"*-raw":
		{
		meltingPoint: 150,
		meltingDuration: 25,
		smeltedRatio: 1,
		smeltingType: "convert",
		smeltedStack: { type: "item", code: "geisterfischitem-cooked" },
		requiresContainer: false
		}
	},
	"fpHandTransform": {
		"translation": { x: 1.05, y: 0.5, z: -1 },
		"rotation": { x: 146, y: 180, z: 105 },
		"origin": { x: 0, y: 0, z: 0 },
		"scale": 3.04
	},
	"tpHandTransform": {
		"translation": { x: -1.1, y: 0.16, z: -0.4 },
		"rotation": { x: 28, y: 180, z: -2 },
		"origin": { x: 0, y: 0, z: 0 },
		"scale": 0.62
	},
	guiTransform: {
		translation: { x: -2, y: -4, z: 0 },
		rotation: { x: 64, y: 135, z: 23 },
		origin: { x: 0.6, y: 0.6, z: 0.2 },
		scale: 1.64
	}
	
}