{
	"code": "hechtitem",
	"creativeinventory": { "general": ["*"], "items": ["*"], "DieMod": ["*"] },
	"variantgroups": [{"code": "type", "name": "type", "states": ["raw", "cooked"] } ],
	"shape": {"base": "item/hecht-{type}"},
	"textures": { all: {"base": "item/hecht-{type}" } },
	"maxstacksize": 64,
	materialDensity: 300,
	"nutritionprops": { "saturationByType": { "*-raw": 50, "*-cooked": 70}, "foodcategory": "protein" },
	"combustiblePropsByType": {
		
		"*-raw":
		{
		meltingPoint: 150,
		meltingDuration: 25,
		smeltedRatio: 1,
		smeltingType: "convert",
		smeltedStack: { type: "item", code: "hechtitem-cooked" },
		requiresContainer: false
		}
	},
	"fpHandTransform": {
		"translation": { "x": 1.05, "y": 0.5, "z": -1 },
		"rotation": { "x": 146, "y": 180, "z": 105 },
		"origin": { "x": 0, "y": 0, "z": 0 },
		"scale": 3.04
	},
		guiTransform: {
		translation: { x: 5, y: 0, z: 0 },
		rotation: { x: 177, y: 134, z: -31 },
		origin: { x: 0.2, y: 0, z: 0 },
		scale: 2.21
	},
	"tpHandTransform": {
		"translation": { x: -1, y: 0.3, z: -0.2 },
		"rotation": { x: 41, y: 180, z: -15 },
		"origin": { x: 0, y: 0, z: 0 },
		"scale": 0.62
	}
}