{
	"code": "höhlenfischitem",
	"creativeinventory": { "general": ["*"], "items": ["*"], "DieMod": ["*"] },
	"variantgroups": [{"code": "type", "name": "type", "states": ["raw", "cooked"] } ],
	"shape": {"base": "item/hohlenfisch-{type}"},
	"textures": { all: {"base": "item/hohlenfisch-{type}" } },
	"maxstacksize": 64,
	materialDensity: 300,
	"nutritionprops": { "saturationByType": { "*-raw": 20, "*-cooked": 40}, "foodcategory": "protein" },
	"combustiblePropsByType": {
		
		"*-raw":
		{
		meltingPoint: 150,
		meltingDuration: 25,
		smeltedRatio: 1,
		smeltingType: "convert",
		smeltedStack: { type: "item", code: "höhlenfischitem-cooked" },
		requiresContainer: false
		}
	},
	guiTransform: {
		translation: { x: -4, y: 0, z: 0 },
		rotation: { x: 101, y: 44, z: 5 },
		origin: { x: 0.3, y: -0.2, z: 0.45 },
		scale: 1.64
	},
	"fpHandTransform": {
		"translation": { x: 1.05, y: 0.5, z: -1 },
		"rotation": { x: 146, y: 180, z: 105 },
		"origin": { x: 0, y: 0, z: 0 },
		"scale": 3.04
	},
	"tpHandTransform": {
		"translation": { x: -1.1, y: 0.16, z: -0.4 },
		"rotation": { x: 28, y: 180, z: -2 },
		"origin": { x: 0, y: 0, z: 0 },
		"scale": 0.62
	}
	
}