{
	"code": "lachsitem",
	"creativeinventory": { "general": ["*"], "items": ["*"], "DieMod": ["*"] },
	"variantgroups": [{"code": "type", "name": "type", "states": ["raw", "cooked"] } ],
	"shape": {"base": "item/lachs-{type}"},
	"textures": { all: {"base": "item/lachs-{type}" } },
	"maxstacksize": 64,
	materialDensity: 300,
	"nutritionprops": { "saturationByType": { "*-raw": 20, "*-cooked": 40}, "foodcategory": "protein" },
	"combustiblePropsByType": {
		
		"*-raw":
		{
		meltingPoint: 150,
		meltingDuration: 25,
		smeltedRatio: 1,
		smeltingType: "convert",
		smeltedStack: { type: "item", code: "lachsitem-cooked" },
		requiresContainer: false
		}
	},
		guiTransform: {
		translation: { x: 5, y: 1, z: 0 },
		rotation: { x: 70, y: 134, z: 4 },
		origin: { x: 0.5, y: 0.2, z: 0.3 },
		scale: 1.48
	},
	"fpHandTransform": {
		"translation": { x: 1.05, y: 0.5, z: -1 },
		"rotation": { x: 146, y: 180, z: 105 },
		"origin": { x: 0, y: 0, z: 0 },
		"scale": 3.04
	},
	"tpHandTransform": {
		"translation": { x: -1, y: 0.7, z: 0.15 },
		"rotation": { x: 38, y: 180, z: -39 },
		"origin": { x: 0, y: 0, z: 0 },
		"scale": 0.62
	}
}