{
	code: "mohnolsamen",
	maxstacksize: 64,
	variantgroups: [
		{ code: "type", states: ["gants", "gemahlen" ] },
	],
	texture: { base: "item/mohnolsamen-{type}" },
	creativeinventory: { "general": ["*"], "items": ["*"], "DieMod": ["*"] },
	nutritionPropsByType: 
	{
		"*-gants": {
			satiety: 50,
			foodcategory: "Grain"
		},
		"*-gemahlen": {
			satiety: 80, 
			foodcategory: "Grain"
		}
	},
	transitionablePropsByType: 
	{
		"*-gants": 
		[
			{
				type: "Perish",
				freshHours: { avg: 2160 },
				transitionHours: { avg: 224 },
				transitionedStack: { type: "item", code: "rot" },
				transitionRatio: 0.25
			}
		],
		"*-gemahlen":
		[	
			{
				type: "Perish",
				freshHours: { avg: 48 },
				transitionHours: { avg: 4 },
				transitionedStack: { type: "item", code: "rot" },
				transitionRatio: 0.25
			}
		]
	},
	grindingPropsByType: {
		"*-gants": { grindedStack: { type: "item", code: "mohnolsamen-gemahlen" } }
	},
	materialDensity: 600
}