{
	code: "olbundel",
	maxstacksize: 64,
	materialDensity: 300,
	texture: { base: "omniummod:item/resource/olbundel" },
	shape: {"base": "omniummod:item/olbundel"},
	creativeinventory: { "general": ["*"], "items": ["*"], "DieMod": ["*"] },
	transitionableProps: 
		[
			{
				type: "Cure",
				freshHours: { avg: 0 },
				transitionHours: { avg: 48 },
				transitionedStack: { type: "item", code: "omniummod:hartesol" },
				transitionRatio: 1
			}
		],
	materialDensity: 600,
		guiTransform: {
		translation: { x: 4, y: 6, z: 0 },
		rotation: { x: 0, y: 28, z: 180 },
		origin: { x: 0.25, y: 0.15, z: 0 },
		scale: 2.6
	},
	"fpHandTransform": {
		"translation": { x: 0.7, y: 0, z: 0.5 },
		"rotation": { x: 17, y: 93, z: -30 },
		"origin": { x: 0, y: 0, z: 0 },
		"scale": 2.23
	},
	"tpHandTransform": {
		"translation": { x: -0.2, y: -0.5, z: 0.55 },
		"origin": { x: 0, y: 0, z: 0 },
		"scale": 0.67
	}
}