{
	code: "creature",
	class: "ItemCreature",
	maxstacksize: 64,
	variantgroups: [
		{ code: "type", states: [
			"lachs", "hecht", "whai", 
			"blobfisch", "höhlenfisch",
			"souldrinker","geisterfisch",
			"boss", "bosssummoner", "butterflifish"
		] },
	],
	shapeByType: {
		"creature-humanoid-*": { base: "entity/humanoid/trader" },
		"lachs": {
			"base": "omniummod:entity/water/lachs"
		},
		"hecht": {
			"base": "omniummod:entity/water/hecht"
		},
		"whai": {
			"base": "omniummod:entity/water/weißer hai"
		},
		"blobfisch": {
			"base": "omniummod:entity/water/blobfisch"
		},
		"höhlenfisch": {
			"base": "omniummod:entity/water/höhlenfisch"
		},
		"höhlenfisch": {
			"base": "omniummod:entity/water/höhlenfisch"
		},
		"souldrinker": {
			"base": "omniummod:entity/land/temporalstorm/souldrinker"
		},
		"geisterfisch": {
			"base": "omniummod:entity/water/geisterfisch"
		},
		"boss": {
			"base": "omniummod:entity/land/bosses/boss"
		},
		"bosssummoner": {
			"base": "omniummod:entity/land/bosses/bosssummoner"
		},
		"butterflifish": {
			"base": "omniummod:entity/water/butterflifish"
		},

	},
	creativeinventory: { "general": ["*"], "items": ["*"], "creatures": ["*"], "DieMod": ["*"] },
	materialDensity: 600,
}