{
	"code": "scourgethrower",
	"class": "scourgethrower",
	"creativeinventory": { "general": ["*"], "tools": ["*"], "DieMod": ["*"] },
	"shape": {"base": "omniummod:item/scourgethrower"},
	"heldTpHitAnimation": "swordhit",
	"attackRange": 4,
	"attackpower": 7,
	"durability": 5000,
	"damagedBy": [ "attacking", "blockbreaking" ],
	"tooltier": 7,
	guiTransform: {
		translation: { x: 2, y: 8, z: 0 },
		rotation: { x: 90, y: -144, z: 0 },
		origin: { x: 0.5, y: 0, z: 0.5 },
		scale: 2.05
	},
	fpHandTransform: {
		translation: { x: 2, y: 0.1, z: 0.9 },
		rotation: { x: 143, y: -31, z: -121 },
		origin: { x: 0, y: 0, z: 0 },
		scale: 4.08
	},
	tpHandTransform: {
		translation: { x: 0.1, y: 0.5, z: 0 },
		rotation: { x: 87, y: -180, z: 176 },
		origin: { x: 0, y: 0, z: 0 },
		scale: 1.06
	},
	groundTransform: {
		translation: { x: 0, y: 0, z: 0 },
		rotation: { x: -180, y: -180, z: -180 },
		origin: { x: 0, y: 0, z: 0 },
		scale: 4.62
	}
}