{
	"code": "scullsparkle",
	"class": "Scullsparkle",
	"creativeinventory": { "general": ["*"], "tools": ["*"], "DieMod": ["*"] },
	"shape": {"base": "omniummod:item/scullsparkle"},
	"heldTpHitAnimation": "spearhit",
	"attackRange": 2,
	"attackpower": 3,
	"durability": 5000,
	"damagedBy": [ "attacking", "blockbreaking" ],
	"tooltier": 7,
	guiTransform: {
		translation: { x: 7, y: 1, z: 0 },
		rotation: { x: -180, y: -180, z: -34 },
		origin: { x: 0.4, y: 0.75, z: 0 },
		scale: 1.16
	},
	fpHandTransform: {
		translation: { x: 1.2, y: 0.2, z: 0.8 },
		rotation: { x: -180, y: -42, z: -179 },
		origin: { x: 0, y: 0, z: 0 },
		scale: 1.75
	},
	tpHandTransform: {
		translation: { x: 0.2, y: 0.6, z: -0.4 },
		rotation: { x: 93, y: -180, z: 82 },
		origin: { x: 0, y: 0, z: 0 },
		scale: 0.53
	},
	groundTransform: {
		translation: { x: 0, y: -0.2, z: -0.7 },
		rotation: { x: 90, y: -180, z: -180 },
		origin: { x: 0, y: 0, z: 0 },
		scale: 3.69
	}
}