{
	code: "temporalheart",
	maxstacksize: 64,
	materialDensity: 300,
	"variantgroups": [{"code": "type", "name": "type", "states": ["raw", "dried"] } ],
	textureByType:{ 
		"*-raw":{ base: "omniummod:item/resource/herz" },
		"*-dried":{ base: "omniummod:item/resource/herz-dried" }
	},
	shapeByType:{ 
		"*-raw":{"base": "omniummod:item/temporal-heart"},
		"*-dried":{"base": "omniummod:item/temporal-heart-dried"}
	},
	creativeinventory: { "general": ["*"], "items": ["*"], "DieMod": ["*"] },
	transitionablePropsByType:{ 
		"*-raw":
		[
			{
				type: "Cure",
				freshHours: { avg: 0 },
				transitionHours: { avg: 24 },
				transitionedStack: { type: "item", code: "omniummod:temporalheart-dried" },
				transitionRatio: 1
			}
		]
	},
	grindingPropsByType: {
		"*-dried": { grindedStack: { type: "item", code: "temporalpowder" } }
	},
	materialDensity: 1000,
	guiTransform: {
		translation: { x: 8, y: 3, z: 0 },
		rotation: { x: 0, y: 28, z: 180 },
		origin: { x: 0.2, y: 0.2, z: 0 },
		scale: 2.6
	},
	"fpHandTransform": {
		"translation": { x: 0.7, y: 0, z: 0.5 },
		"rotation": { x: 17, y: 93, z: -30 },
		"origin": { x: 0, y: 0, z: 0 },
		"scale": 2.23
	},
	"tpHandTransform": {
		"translation": { x: -0.2, y: -0.5, z: 0.55 },
		"origin": { x: 0, y: 0, z: 0 },
		"scale": 0.67
	}
}