{
	"code": "uraniumsword",
	"creativeinventory": { "general": ["*"], "tools": ["*"], "DieMod": ["*"] },
	"shape": {"base": "omniummod:item/uraniumsword"},
	"heldTpHitAnimation": "swordhit",
	"attackRange": 3,
	"attackpower": 6,
	"durability": 2000,
	"damagedBy": [ "attacking", "blockbreaking" ],
	"tooltier": 6,
	guiTransform: {
		translation: { x: 0, y: -1, z: 0 },
		rotation: { x: 90, y: 134, z: 0 },
		origin: { x: 0.5, y: 0.5, z: 0 },
		scale: 1.08
	},
	"fpHandTransform": {
		"translation": { "x": 1.05, "y": 0, "z": -1 },
		"rotation": { "x": -121, "y": -180, "z": -111 },
		"origin": { "x": 0, "y": 0, "z": 0 },
		"scale": 3.09
	},
	"tpHandTransform": {
		"translation": { "x": -1, "y": 0.7, "z": 0.15 },
		"rotation": { "x": -6, "y": -84, "z": -87 },
		"origin": { "x": 0, "y": 0, "z": 0 },
		"scale": 0.57
	},
	groundTransform: {
		translation: { x: 0, y: 0, z: 0 },
		rotation: { x: -180, y: -180, z: -180 },
		origin: { x: 0, y: 0, z: 0 },
		scale: 3.45
	}
}