{
	"editor": {
		"allAngles": false,
		"entityTextureMode": false
	},
	"textureWidth": 16,
	"textureHeight": 16,
	"textureSizes": {
	},
	"textures": {
		"gesammelt": "omniummod:block/plant/mushroom/hengstpilz/gesammelt"
	},
	"elements": [
		{
			"name": "Pilz#1",
			"from": [ 2.5, 0.0, 3.5 ], 
			"to": [ 3.5, 0.9, 4.5 ], 
			"rotationOrigin": [ 2.5, 0.0, 3.5 ],
			"faces": {
				"north": { "texture": "#gesammelt", "uv": [ 7.0, 11.0, 3.0, 6.5 ], "autoUv": false },
				"east": { "texture": "#gesammelt", "uv": [ 5.0, 9.5, 3.0, 5.0 ], "autoUv": false },
				"south": { "texture": "#gesammelt", "uv": [ 7.0, 12.5, 0.0, 5.0 ], "autoUv": false },
				"west": { "texture": "#gesammelt", "uv": [ 4.0, 12.0, 0.0, 8.5 ], "autoUv": false },
				"up": { "texture": "#gesammelt", "uv": [ 15.5, 10.5, 11.5, 6.5 ], "autoUv": false },
				"down": { "texture": "#gesammelt", "uv": [ 3.0, 8.5, 1.0, 4.5 ], "autoUv": false }
			},
			"children": [
				{
					"name": "Cube2",
					"from": [ -0.25, 0.0, -0.25 ], 
					"to": [ 1.25, 0.35, 1.25 ], 
					"faces": {
						"north": { "texture": "#gesammelt", "uv": [ 7.0, 11.5, 2.5, 5.75 ], "autoUv": false },
						"east": { "texture": "#gesammelt", "uv": [ 7.0, 11.0, 2.5, 5.5 ], "autoUv": false },
						"south": { "texture": "#gesammelt", "uv": [ 6.5, 11.0, 3.0, 5.5 ], "autoUv": false },
						"west": { "texture": "#gesammelt", "uv": [ 4.0, 13.0, 0.5, 6.5 ], "autoUv": false },
						"up": { "texture": "#gesammelt", "uv": [ 7.0, 13.0, 1.5, 8.5 ], "autoUv": false },
						"down": { "texture": "#gesammelt", "uv": [ 6.0, 11.5, 1.5, 7.0 ], "autoUv": false }
					}
				}
			]
		},
		{
			"name": "Pilz#2",
			"from": [ 9.0, 0.1, 5.0 ], 
			"to": [ 12.0, 0.8, 8.0 ], 
			"rotationOrigin": [ 9.0, 0.0, 5.0 ],
			"rotationZ": -22.5,
			"faces": {
				"north": { "texture": "#gesammelt", "uv": [ 0.0, 0.0, 8.0, 6.5 ], "autoUv": false },
				"east": { "texture": "#gesammelt", "uv": [ 0.0, 0.0, 8.0, 5.5 ], "autoUv": false },
				"south": { "texture": "#gesammelt", "uv": [ 0.0, 0.0, 7.0, 5.5 ], "autoUv": false },
				"west": { "texture": "#gesammelt", "uv": [ 0.0, 0.0, 7.0, 6.5 ], "autoUv": false },
				"up": { "texture": "#gesammelt", "uv": [ 1.5, 5.5, 7.5, 9.5 ], "autoUv": false },
				"down": { "texture": "#gesammelt", "uv": [ 0.0, 0.0, 6.0, 6.0 ], "autoUv": false }
			},
			"children": [
				{
					"name": "Cube1",
					"from": [ 0.0, 0.0, 0.6 ], 
					"to": [ 2.0, 1.3, 2.6 ], 
					"rotationOrigin": [ 0.0, 0.0, 3.0 ],
					"faces": {
						"north": { "texture": "#gesammelt", "uv": [ 0.0, 0.0, 6.0, 5.0 ], "autoUv": false },
						"east": { "texture": "#gesammelt", "uv": [ 0.0, 0.0, 6.0, 7.0 ], "autoUv": false },
						"south": { "texture": "#gesammelt", "uv": [ 0.0, 0.0, 7.0, 6.0 ], "autoUv": false },
						"west": { "texture": "#gesammelt", "uv": [ 0.0, 0.0, 6.0, 6.0 ], "autoUv": false },
						"up": { "texture": "#gesammelt", "uv": [ 9.5, 5.0, 14.5, 11.0 ], "autoUv": false },
						"down": { "texture": "#gesammelt", "uv": [ 0.0, 0.0, 6.0, 6.0 ], "autoUv": false }
					}
				}
			]
		},
		{
			"name": "Pilz#3",
			"from": [ 4.5, 0.0, 12.5 ], 
			"to": [ 5.5, 0.7, 13.5 ], 
			"rotationOrigin": [ 4.5, 0.0, 12.5 ],
			"rotationY": 45.0,
			"faces": {
				"north": { "texture": "#gesammelt", "uv": [ 0.0, 0.0, 6.0, 5.5 ], "autoUv": false },
				"east": { "texture": "#gesammelt", "uv": [ 0.0, 0.0, 4.0, 4.5 ], "autoUv": false },
				"south": { "texture": "#gesammelt", "uv": [ 0.0, 0.0, 6.0, 6.5 ], "autoUv": false },
				"west": { "texture": "#gesammelt", "uv": [ 0.0, 0.0, 7.0, 6.5 ], "autoUv": false },
				"up": { "texture": "#gesammelt", "uv": [ 9.0, 4.0, 16.0, 11.0 ], "autoUv": false },
				"down": { "texture": "#gesammelt", "uv": [ 0.0, 0.0, 7.0, 8.0 ], "autoUv": false }
			},
			"children": [
				{
					"name": "Cube24",
					"from": [ -0.25, 0.0, -0.25 ], 
					"to": [ 1.25, 0.35, 1.25 ], 
					"faces": {
						"north": { "texture": "#gesammelt", "uv": [ 0.0, 0.0, 7.5, 5.5 ], "autoUv": false },
						"east": { "texture": "#gesammelt", "uv": [ 0.0, 0.0, 8.5, 7.5 ], "autoUv": false },
						"south": { "texture": "#gesammelt", "uv": [ 0.0, 0.0, 8.5, 7.5 ], "autoUv": false },
						"west": { "texture": "#gesammelt", "uv": [ 0.0, 0.0, 6.5, 5.5 ], "autoUv": false },
						"up": { "texture": "#gesammelt", "uv": [ 0.0, 0.0, 6.5, 6.5 ], "autoUv": false },
						"down": { "texture": "#gesammelt", "uv": [ 0.0, 0.0, 7.5, 6.5 ], "autoUv": false }
					}
				}
			]
		},
		{
			"name": "Pilz#4",
			"from": [ 6.75, 0.0, 4.25 ], 
			"to": [ 8.25, 1.05, 5.75 ], 
			"rotationOrigin": [ 6.75, 0.0, 4.25 ],
			"rotationY": 157.5,
			"faces": {
				"north": { "texture": "#gesammelt", "uv": [ 0.0, 0.0, 6.5, 7.0 ], "autoUv": false },
				"east": { "texture": "#gesammelt", "uv": [ 0.0, 0.0, 7.5, 6.0 ], "autoUv": false },
				"south": { "texture": "#gesammelt", "uv": [ 0.0, 0.0, 8.5, 7.0 ], "autoUv": false },
				"west": { "texture": "#gesammelt", "uv": [ 0.0, 0.0, 7.5, 8.0 ], "autoUv": false },
				"up": { "texture": "#gesammelt", "uv": [ 8.5, 4.0, 15.0, 10.5 ], "autoUv": false },
				"down": { "texture": "#gesammelt", "uv": [ 0.0, 0.0, 6.5, 5.5 ], "autoUv": false }
			},
			"children": [
				{
					"name": "Cube35",
					"from": [ -0.375, 0.0, -0.375 ], 
					"to": [ 1.875, 0.525, 1.875 ], 
					"faces": {
						"north": { "texture": "#gesammelt", "uv": [ 0.0, 0.0, 6.0, 4.5 ], "autoUv": false },
						"east": { "texture": "#gesammelt", "uv": [ 0.0, 0.0, 7.0, 5.5 ], "autoUv": false },
						"south": { "texture": "#gesammelt", "uv": [ 0.0, 0.0, 7.0, 6.5 ], "autoUv": false },
						"west": { "texture": "#gesammelt", "uv": [ 0.0, 0.0, 7.0, 6.5 ], "autoUv": false },
						"up": { "texture": "#gesammelt", "uv": [ 0.0, 0.0, 8.0, 8.0 ], "autoUv": false },
						"down": { "texture": "#gesammelt", "uv": [ 0.0, 0.0, 8.0, 6.0 ], "autoUv": false }
					}
				}
			]
		}
	]}