{
	"editor": {
		"allAngles": false,
		"entityTextureMode": false
	},
	"textureWidth": 16,
	"textureHeight": 16,
	"textureSizes": {
	},
	"textures": {
		"gesammelt": "omniummod:block/plant/mushroom/hengstpilz/gesammelt"
	},
	"elements": [
		{
			"name": "Pilz#2",
			"from": [ 6.29, 0.08, 6.05 ], 
			"to": [ 8.72, 0.647, 8.48 ], 
			"rotationOrigin": [ 6.29, 0.0, 6.05 ],
			"faces": {
				"north": { "texture": "#gesammelt", "uv": [ 0.0, 0.0, 7.0, 4.5 ], "autoUv": false },
				"east": { "texture": "#gesammelt", "uv": [ 0.0, 0.0, 5.0, 6.5 ], "autoUv": false },
				"south": { "texture": "#gesammelt", "uv": [ 0.0, 0.0, 8.0, 6.5 ], "autoUv": false },
				"west": { "texture": "#gesammelt", "uv": [ 0.0, 0.0, 7.0, 5.5 ], "autoUv": false },
				"up": { "texture": "#gesammelt", "uv": [ 0.0, 0.0, 8.0, 9.0 ], "autoUv": false },
				"down": { "texture": "#gesammelt", "uv": [ 0.0, 0.0, 7.0, 6.0 ], "autoUv": false }
			},
			"children": [
				{
					"name": "Cube1",
					"from": [ 0.0, 0.0, 0.486 ], 
					"to": [ 1.62, 1.04, 2.106 ], 
					"rotationOrigin": [ 0.0, 0.0, 2.43 ],
					"faces": {
						"north": { "texture": "#gesammelt", "uv": [ 0.0, 0.0, 5.62, 8.0 ], "autoUv": false },
						"east": { "texture": "#gesammelt", "uv": [ 0.0, 0.0, 5.5, 8.0 ], "autoUv": false },
						"south": { "texture": "#gesammelt", "uv": [ 0.0, 0.0, 6.5, 9.0 ], "autoUv": false },
						"west": { "texture": "#gesammelt", "uv": [ 0.0, 0.0, 5.5, 6.0 ], "autoUv": false },
						"up": { "texture": "#gesammelt", "uv": [ 9.5, 9.0, 16.0, 14.5 ], "autoUv": false },
						"down": { "texture": "#gesammelt", "uv": [ 0.0, 0.0, 6.5, 7.5 ], "autoUv": false }
					}
				}
			]
		},
		{
			"name": "Pilz#3",
			"from": [ 1.5, 0.0, 10.5 ], 
			"to": [ 2.5, 0.6, 11.5 ], 
			"rotationOrigin": [ 1.5, 0.0, 10.5 ],
			"rotationY": 45.0,
			"faces": {
				"north": { "texture": "#gesammelt", "uv": [ 0.0, 0.0, 6.0, 7.5 ], "autoUv": false },
				"east": { "texture": "#gesammelt", "uv": [ 0.0, 0.0, 7.0, 6.5 ], "autoUv": false },
				"south": { "texture": "#gesammelt", "uv": [ 0.0, 0.0, 8.0, 6.5 ], "autoUv": false },
				"west": { "texture": "#gesammelt", "uv": [ 0.0, 0.0, 7.0, 8.5 ], "autoUv": false },
				"up": { "texture": "#gesammelt", "uv": [ 9.0, 5.5, 15.0, 11.5 ], "autoUv": false },
				"down": { "texture": "#gesammelt", "uv": [ 0.0, 0.0, 6.0, 6.0 ], "autoUv": false }
			},
			"children": [
				{
					"name": "Cube24",
					"from": [ -0.25, 0.0, -0.25 ], 
					"to": [ 1.25, 0.35, 1.25 ], 
					"faces": {
						"north": { "texture": "#gesammelt", "uv": [ 0.0, 0.0, 7.5, 5.5 ], "autoUv": false },
						"east": { "texture": "#gesammelt", "uv": [ 0.0, 0.0, 4.5, 5.5 ], "autoUv": false },
						"south": { "texture": "#gesammelt", "uv": [ 0.0, 0.0, 7.5, 5.5 ], "autoUv": false },
						"west": { "texture": "#gesammelt", "uv": [ 0.0, 0.0, 7.5, 6.5 ], "autoUv": false },
						"up": { "texture": "#gesammelt", "uv": [ 0.0, 0.0, 7.5, 7.5 ], "autoUv": false },
						"down": { "texture": "#gesammelt", "uv": [ 0.0, 0.0, 6.5, 8.5 ], "autoUv": false }
					}
				}
			]
		},
		{
			"name": "Pilz#4",
			"from": [ 6.75, 0.0, 5.25 ], 
			"to": [ 8.25, 0.9, 6.75 ], 
			"rotationOrigin": [ 6.75, 0.0, 5.25 ],
			"rotationY": 157.5,
			"faces": {
				"north": { "texture": "#gesammelt", "uv": [ 0.0, 0.0, 6.5, 6.5 ], "autoUv": false },
				"east": { "texture": "#gesammelt", "uv": [ 0.0, 0.0, 6.5, 7.5 ], "autoUv": false },
				"south": { "texture": "#gesammelt", "uv": [ 0.0, 0.0, 6.5, 7.5 ], "autoUv": false },
				"west": { "texture": "#gesammelt", "uv": [ 0.0, 0.0, 7.5, 7.5 ], "autoUv": false },
				"up": { "texture": "#gesammelt", "uv": [ 9.5, 7.5, 15.0, 14.0 ], "autoUv": false },
				"down": { "texture": "#gesammelt", "uv": [ 0.0, 0.0, 6.5, 7.5 ], "autoUv": false }
			},
			"children": [
				{
					"name": "Cube35",
					"from": [ -0.375, 0.0, -0.375 ], 
					"to": [ 1.875, 0.525, 1.875 ], 
					"faces": {
						"north": { "texture": "#gesammelt", "uv": [ 0.0, 0.0, 7.25, 7.5 ], "autoUv": false },
						"east": { "texture": "#gesammelt", "uv": [ 0.0, 0.0, 7.0, 8.5 ], "autoUv": false },
						"south": { "texture": "#gesammelt", "uv": [ 0.0, 0.0, 7.0, 5.5 ], "autoUv": false },
						"west": { "texture": "#gesammelt", "uv": [ 0.0, 0.0, 8.0, 7.5 ], "autoUv": false },
						"up": { "texture": "#gesammelt", "uv": [ 0.0, 0.0, 7.0, 7.0 ], "autoUv": false },
						"down": { "texture": "#gesammelt", "uv": [ 0.0, 0.0, 6.0, 9.0 ], "autoUv": false }
					}
				}
			]
		},
		{
			"name": "Pilz#1",
			"from": [ 12.5, -0.3, 15.5 ], 
			"to": [ 13.5, 0.7, 15.9 ], 
			"rotationOrigin": [ 12.5, -0.3, 15.5 ],
			"rotationX": -67.5,
			"faces": {
				"north": { "texture": "#gesammelt", "uv": [ 0.0, 0.0, 7.0, 6.0 ], "autoUv": false },
				"east": { "texture": "#gesammelt", "uv": [ 0.0, 0.0, 6.5, 8.0 ], "autoUv": false },
				"south": { "texture": "#gesammelt", "uv": [ 8.5, 6.0, 15.5, 13.0 ], "autoUv": false },
				"west": { "texture": "#gesammelt", "uv": [ 0.0, 0.0, 6.5, 7.0 ], "autoUv": false },
				"up": { "texture": "#gesammelt", "uv": [ 0.0, 0.0, 5.0, 5.5 ], "autoUv": false },
				"down": { "texture": "#gesammelt", "uv": [ 0.0, 0.0, 6.0, 6.5 ], "autoUv": false }
			}
		}
	]}