{
	"editor": {
		"allAngles": false,
		"entityTextureMode": false
	},
	"textureWidth": 16,
	"textureHeight": 16,
	"textureSizes": {
	},
	"textures": {
		"augen": "omniummod:block/plant/mushroom/hengstpilz/augen",
		"stipe": "omniummod:block/plant/mushroom/hengstpilz/stipe",
		"pores": "omniummod:block/plant/mushroom/hengstpilz/pores"
	},
	"elements": [
		{
			"name": "Pilz#1",
			"from": [ 2.5, 0.0, 3.5 ], 
			"to": [ 3.5, 2.5, 4.5 ], 
			"rotationOrigin": [ 2.5, 0.0, 3.5 ],
			"faces": {
				"north": { "texture": "#stipe", "uv": [ 0.0, 0.0, 1.0, 2.5 ] },
				"east": { "texture": "#stipe", "uv": [ 0.0, 0.0, 1.0, 2.5 ] },
				"south": { "texture": "#stipe", "uv": [ 0.0, 0.0, 1.0, 2.5 ] },
				"west": { "texture": "#stipe", "uv": [ 0.0, 0.0, 1.0, 2.5 ] },
				"up": { "texture": "#stipe", "uv": [ 0.0, 0.0, 1.0, 1.0 ] },
				"down": { "texture": "#stipe", "uv": [ 0.0, 0.0, 1.0, 1.0 ] }
			},
			"children": [
				{
					"name": "Cube2",
					"from": [ -0.25, 0.0, -0.25 ], 
					"to": [ 1.25, 0.35, 1.25 ], 
					"faces": {
						"north": { "texture": "#stipe", "uv": [ 0.0, 0.0, 1.5, 0.25 ] },
						"east": { "texture": "#stipe", "uv": [ 0.0, 0.0, 1.5, 0.25 ] },
						"south": { "texture": "#stipe", "uv": [ 0.0, 0.0, 1.5, 0.25 ] },
						"west": { "texture": "#stipe", "uv": [ 0.0, 0.0, 1.5, 0.25 ] },
						"up": { "texture": "#stipe", "uv": [ 0.0, 0.0, 1.5, 1.5 ] },
						"down": { "texture": "#stipe", "uv": [ 0.0, 0.0, 1.5, 1.5 ] }
					}
				},
				{
					"name": "Cube3",
					"from": [ 0.0, 2.5, 0.0 ], 
					"to": [ 1.0, 3.5, 2.5 ], 
					"rotationOrigin": [ 0.0, 2.5, 0.0 ],
					"rotationX": 22.5,
					"faces": {
						"north": { "texture": "#stipe", "uv": [ 0.0, 0.0, 1.0, 1.0 ] },
						"east": { "texture": "#stipe", "uv": [ 0.0, 0.0, 2.5, 1.0 ] },
						"south": { "texture": "#stipe", "uv": [ 0.0, 0.0, 1.0, 1.0 ] },
						"west": { "texture": "#stipe", "uv": [ 0.0, 0.0, 2.5, 1.0 ] },
						"up": { "texture": "#stipe", "uv": [ 0.0, 0.0, 1.0, 2.5 ] },
						"down": { "texture": "#stipe", "uv": [ 0.0, 0.0, 1.0, 2.5 ] }
					},
					"children": [
						{
							"name": "Cube4",
							"from": [ 0.0, 1.0, 0.1 ], 
							"to": [ 0.1, 1.25, 0.6 ], 
							"rotationOrigin": [ 0.0, 1.0, 0.0 ],
							"faces": {
								"north": { "texture": "#stipe", "uv": [ 0.0, 0.0, 0.25, 0.25 ] },
								"east": { "texture": "#stipe", "uv": [ 0.0, 0.0, 0.5, 0.25 ] },
								"south": { "texture": "#stipe", "uv": [ 0.0, 0.0, 0.25, 0.25 ] },
								"west": { "texture": "#stipe", "uv": [ 0.0, 0.0, 0.5, 0.25 ] },
								"up": { "texture": "#stipe", "uv": [ 0.0, 0.0, 0.25, 0.5 ] },
								"down": { "texture": "#stipe", "uv": [ 0.0, 0.0, 0.25, 0.5 ] }
							},
							"children": [
								{
									"name": "Cube5",
									"from": [ 0.0, 0.25, 0.0 ], 
									"to": [ 0.1, 0.45, 0.35 ], 
									"rotationOrigin": [ 0.0, 0.5, 0.0 ],
									"faces": {
										"north": { "texture": "#stipe", "uv": [ 0.0, 0.0, 0.25, 0.25 ] },
										"east": { "texture": "#stipe", "uv": [ 0.0, 0.0, 0.25, 0.25 ] },
										"south": { "texture": "#stipe", "uv": [ 0.0, 0.0, 0.25, 0.25 ] },
										"west": { "texture": "#stipe", "uv": [ 0.0, 0.0, 0.25, 0.25 ] },
										"up": { "texture": "#stipe", "uv": [ 0.0, 0.0, 0.25, 0.25 ] },
										"down": { "texture": "#stipe", "uv": [ 0.0, 0.0, 0.25, 0.25 ] }
									}
								}
							]
						},
						{
							"name": "Cube6",
							"from": [ 0.9, 1.0, 0.1 ], 
							"to": [ 1.0, 1.25, 0.6 ], 
							"rotationOrigin": [ 1.0, 1.0, 0.0 ],
							"faces": {
								"north": { "texture": "#stipe", "uv": [ 0.0, 0.0, 0.25, 0.25 ] },
								"east": { "texture": "#stipe", "uv": [ 0.0, 0.0, 0.5, 0.25 ] },
								"south": { "texture": "#stipe", "uv": [ 0.0, 0.0, 0.25, 0.25 ] },
								"west": { "texture": "#stipe", "uv": [ 0.0, 0.0, 0.5, 0.25 ] },
								"up": { "texture": "#stipe", "uv": [ 0.0, 0.0, 0.25, 0.5 ] },
								"down": { "texture": "#stipe", "uv": [ 0.0, 0.0, 0.25, 0.5 ] }
							},
							"children": [
								{
									"name": "Cube7",
									"from": [ 0.0, 0.25, 0.0 ], 
									"to": [ 0.1, 0.45, 0.35 ], 
									"rotationOrigin": [ 0.0, 0.5, 0.0 ],
									"faces": {
										"north": { "texture": "#stipe", "uv": [ 0.0, 0.0, 0.25, 0.25 ] },
										"east": { "texture": "#stipe", "uv": [ 0.0, 0.0, 0.25, 0.25 ] },
										"south": { "texture": "#stipe", "uv": [ 0.0, 0.0, 0.25, 0.25 ] },
										"west": { "texture": "#stipe", "uv": [ 0.0, 0.0, 0.25, 0.25 ] },
										"up": { "texture": "#stipe", "uv": [ 0.0, 0.0, 0.25, 0.25 ] },
										"down": { "texture": "#stipe", "uv": [ 0.0, 0.0, 0.25, 0.25 ] }
									}
								}
							]
						},
						{
							"name": "Cube8",
							"from": [ 0.45, 0.0, -0.15 ], 
							"to": [ 0.55, 1.0, 0.0 ], 
							"faces": {
								"north": { "texture": "#stipe", "uv": [ 0.0, 0.0, 0.25, 1.0 ] },
								"east": { "texture": "#stipe", "uv": [ 0.0, 0.0, 0.25, 1.0 ] },
								"south": { "texture": "#stipe", "uv": [ 0.0, 0.0, 0.25, 1.0 ] },
								"west": { "texture": "#stipe", "uv": [ 0.0, 0.0, 0.25, 1.0 ] },
								"up": { "texture": "#stipe", "uv": [ 0.0, 0.0, 0.25, 0.25 ] },
								"down": { "texture": "#stipe", "uv": [ 0.0, 0.0, 0.25, 0.25 ] }
							},
							"children": [
								{
									"name": "Cube9",
									"from": [ 0.0, -1.5, 0.6 ], 
									"to": [ 0.1, 0.1, 0.75 ], 
									"rotationOrigin": [ 0.0, -1.5, 0.5 ],
									"rotationX": -22.5,
									"faces": {
										"north": { "texture": "#stipe", "uv": [ 0.0, 0.0, 0.25, 1.5 ] },
										"east": { "texture": "#stipe", "uv": [ 0.0, 0.0, 0.25, 1.5 ] },
										"south": { "texture": "#stipe", "uv": [ 0.0, 0.0, 0.25, 1.5 ] },
										"west": { "texture": "#stipe", "uv": [ 0.0, 0.0, 0.25, 1.5 ] },
										"up": { "texture": "#stipe", "uv": [ 0.0, 0.0, 0.25, 0.25 ] },
										"down": { "texture": "#stipe", "uv": [ 0.0, 0.0, 0.25, 0.25 ] }
									}
								}
							]
						},
						{
							"name": "Cube10",
							"from": [ -0.1, 0.5, 1.0 ], 
							"to": [ 0.0, 0.6, 1.1 ], 
							"rotationOrigin": [ 0.0, 0.5, 1.0 ],
							"faces": {
								"north": { "texture": "#augen", "uv": [ 0.0, 0.0, 0.25, 0.25 ] },
								"east": { "texture": "#augen", "uv": [ 0.0, 0.0, 0.25, 0.25 ] },
								"south": { "texture": "#augen", "uv": [ 0.0, 0.0, 0.25, 0.25 ] },
								"west": { "texture": "#augen", "uv": [ 0.0, 0.0, 0.25, 0.25 ] },
								"up": { "texture": "#augen", "uv": [ 0.0, 0.0, 0.25, 0.25 ] },
								"down": { "texture": "#augen", "uv": [ 0.0, 0.0, 0.25, 0.25 ] }
							}
						},
						{
							"name": "Cube11",
							"from": [ 1.0, 0.5, 1.0 ], 
							"to": [ 1.1, 0.6, 1.1 ], 
							"rotationOrigin": [ 1.0, 0.5, 1.0 ],
							"faces": {
								"north": { "texture": "#augen", "uv": [ 0.0, 0.0, 0.25, 0.25 ] },
								"east": { "texture": "#augen", "uv": [ 0.0, 0.0, 0.25, 0.25 ] },
								"south": { "texture": "#augen", "uv": [ 0.0, 0.0, 0.25, 0.25 ] },
								"west": { "texture": "#augen", "uv": [ 0.0, 0.0, 0.25, 0.25 ] },
								"up": { "texture": "#augen", "uv": [ 0.0, 0.0, 0.25, 0.25 ] },
								"down": { "texture": "#augen", "uv": [ 0.0, 0.0, 0.25, 0.25 ] }
							}
						}
					]
				}
			]
		},
		{
			"name": "Pilz#2",
			"from": [ 9.0, 0.1, 5.0 ], 
			"to": [ 12.0, 0.8, 8.0 ], 
			"rotationOrigin": [ 9.0, 0.0, 5.0 ],
			"rotationZ": -22.5,
			"faces": {
				"north": { "texture": "#stipe", "uv": [ 0.0, 0.0, 3.0, 0.5 ] },
				"east": { "texture": "#stipe", "uv": [ 0.0, 0.0, 3.0, 0.5 ] },
				"south": { "texture": "#stipe", "uv": [ 0.0, 0.0, 3.0, 0.5 ] },
				"west": { "texture": "#stipe", "uv": [ 0.0, 0.0, 3.0, 0.5 ] },
				"up": { "texture": "#stipe", "uv": [ 0.0, 0.0, 3.0, 3.0 ] },
				"down": { "texture": "#stipe", "uv": [ 0.0, 0.0, 3.0, 3.0 ] }
			},
			"children": [
				{
					"name": "Cube1",
					"from": [ 0.0, 0.0, 0.6 ], 
					"to": [ 2.0, 4.0, 2.6 ], 
					"rotationOrigin": [ 0.0, 0.0, 3.0 ],
					"faces": {
						"north": { "texture": "#stipe", "uv": [ 0.0, 0.0, 2.0, 4.0 ] },
						"east": { "texture": "#stipe", "uv": [ 0.0, 0.0, 2.0, 4.0 ] },
						"south": { "texture": "#stipe", "uv": [ 0.0, 0.0, 2.0, 4.0 ] },
						"west": { "texture": "#stipe", "uv": [ 0.0, 0.0, 2.0, 4.0 ] },
						"up": { "texture": "#stipe", "uv": [ 0.0, 0.0, 2.0, 2.0 ] },
						"down": { "texture": "#stipe", "uv": [ 0.0, 0.0, 2.0, 2.0 ] }
					},
					"children": [
						{
							"name": "Cube14",
							"from": [ -0.6, 4.0, 0.4 ], 
							"to": [ 4.4, 6.0, 2.4 ], 
							"rotationOrigin": [ -0.6, 4.0, 0.4 ],
							"rotationY": 22.5,
							"faces": {
								"north": { "texture": "#stipe", "uv": [ 0.0, 0.0, 10.0, 2.0 ], "autoUv": false },
								"east": { "texture": "#stipe", "uv": [ 0.0, 0.0, 2.0, 2.0 ] },
								"south": { "texture": "#stipe", "uv": [ 4.2, 5.5, 7.5, 8.5 ], "autoUv": false },
								"west": { "texture": "#stipe", "uv": [ 0.0, 0.0, 2.0, 2.0 ] },
								"up": { "texture": "#stipe", "uv": [ 0.0, 0.0, 5.0, 2.0 ] },
								"down": { "texture": "#stipe", "uv": [ 0.0, 0.0, 5.0, 2.0 ] }
							},
							"children": [
								{
									"name": "Cube15",
									"from": [ 0.0, 2.0, 0.0 ], 
									"to": [ 1.0, 2.5, 0.2 ], 
									"rotationOrigin": [ 0.0, 2.0, 0.0 ],
									"faces": {
										"north": { "texture": "#stipe", "uv": [ 0.0, 0.0, 1.0, 0.5 ] },
										"east": { "texture": "#stipe", "uv": [ 0.0, 0.0, 0.5, 0.5 ] },
										"south": { "texture": "#stipe", "uv": [ 0.0, 0.0, 1.0, 0.5 ] },
										"west": { "texture": "#stipe", "uv": [ 0.0, 0.0, 0.5, 0.5 ] },
										"up": { "texture": "#stipe", "uv": [ 0.0, 0.0, 1.0, 0.5 ] },
										"down": { "texture": "#stipe", "uv": [ 0.0, 0.0, 1.0, 0.5 ] }
									}
								},
								{
									"name": "Cube16",
									"from": [ 0.0, 2.0, 1.8 ], 
									"to": [ 1.0, 2.5, 2.0 ], 
									"rotationOrigin": [ 0.0, 2.0, 2.0 ],
									"faces": {
										"north": { "texture": "#stipe", "uv": [ 0.0, 0.0, 1.0, 0.5 ] },
										"east": { "texture": "#stipe", "uv": [ 0.0, 0.0, 0.5, 0.5 ] },
										"south": { "texture": "#stipe", "uv": [ 0.0, 0.0, 1.0, 0.5 ] },
										"west": { "texture": "#stipe", "uv": [ 0.0, 0.0, 0.5, 0.5 ] },
										"up": { "texture": "#stipe", "uv": [ 0.0, 0.0, 1.0, 0.5 ] },
										"down": { "texture": "#stipe", "uv": [ 0.0, 0.0, 1.0, 0.5 ] }
									},
									"children": [
										{
											"name": "Cube17",
											"from": [ 0.0, 0.0, 0.0 ], 
											"to": [ 0.6, 0.9, 0.2 ], 
											"faces": {
												"north": { "texture": "#stipe", "uv": [ 0.0, 0.0, 0.5, 0.5 ] },
												"east": { "texture": "#stipe", "uv": [ 0.0, 0.0, 0.5, 0.5 ] },
												"south": { "texture": "#stipe", "uv": [ 0.0, 0.0, 0.5, 0.5 ] },
												"west": { "texture": "#stipe", "uv": [ 0.0, 0.0, 0.5, 0.5 ] },
												"up": { "texture": "#stipe", "uv": [ 0.0, 0.0, 0.5, 0.5 ] },
												"down": { "texture": "#stipe", "uv": [ 0.0, 0.0, 0.5, 0.5 ] }
											}
										},
										{
											"name": "Cube18",
											"from": [ 0.0, 0.0, -1.8 ], 
											"to": [ 0.6, 0.9, -1.6 ], 
											"rotationOrigin": [ 0.0, 0.0, -1.8 ],
											"faces": {
												"north": { "texture": "#stipe", "uv": [ 0.0, 0.0, 0.5, 0.5 ] },
												"east": { "texture": "#stipe", "uv": [ 0.0, 0.0, 0.5, 0.5 ] },
												"south": { "texture": "#stipe", "uv": [ 0.0, 0.0, 0.5, 0.5 ] },
												"west": { "texture": "#stipe", "uv": [ 0.0, 0.0, 0.5, 0.5 ] },
												"up": { "texture": "#stipe", "uv": [ 0.0, 0.0, 0.5, 0.5 ] },
												"down": { "texture": "#stipe", "uv": [ 0.0, 0.0, 0.5, 0.5 ] }
											},
											"children": [
												{
													"name": "Cube19",
													"from": [ -0.3, -2.0, 0.9 ], 
													"to": [ 0.0, 0.0, 1.1 ], 
													"rotationOrigin": [ -0.3, -2.0, 0.9 ],
													"faces": {
														"north": { "texture": "#stipe", "uv": [ 0.0, 0.0, 0.5, 2.0 ] },
														"east": { "texture": "#stipe", "uv": [ 0.0, 0.0, 0.5, 2.0 ] },
														"south": { "texture": "#stipe", "uv": [ 0.0, 0.0, 0.5, 2.0 ] },
														"west": { "texture": "#stipe", "uv": [ 0.0, 0.0, 0.5, 2.0 ] },
														"up": { "texture": "#stipe", "uv": [ 0.0, 0.0, 0.5, 0.5 ] },
														"down": { "texture": "#stipe", "uv": [ 0.0, 0.0, 0.5, 0.5 ] }
													}
												}
											]
										}
									]
								},
								{
									"name": "Cube21",
									"from": [ 2.0, 1.0, -0.2 ], 
									"to": [ 2.2, 1.2, 0.0 ], 
									"rotationOrigin": [ 2.0, 1.0, -0.2 ],
									"faces": {
										"north": { "texture": "#augen", "uv": [ 0.0, 0.0, 0.5, 0.5 ] },
										"east": { "texture": "#augen", "uv": [ 0.0, 0.0, 0.5, 0.5 ] },
										"south": { "texture": "#augen", "uv": [ 0.0, 0.0, 0.5, 0.5 ] },
										"west": { "texture": "#augen", "uv": [ 0.0, 0.0, 0.5, 0.5 ] },
										"up": { "texture": "#augen", "uv": [ 0.0, 0.0, 0.5, 0.5 ] },
										"down": { "texture": "#augen", "uv": [ 0.0, 0.0, 0.5, 0.5 ] }
									}
								},
								{
									"name": "Cube22",
									"from": [ 2.0, 1.0, 2.0 ], 
									"to": [ 2.2, 1.2, 2.2 ], 
									"rotationOrigin": [ 2.0, 1.0, 2.0 ],
									"faces": {
										"north": { "texture": "#augen", "uv": [ 0.0, 0.0, 0.5, 0.5 ] },
										"east": { "texture": "#augen", "uv": [ 0.0, 0.0, 0.5, 0.5 ] },
										"south": { "texture": "#augen", "uv": [ 0.0, 0.0, 0.5, 0.5 ] },
										"west": { "texture": "#augen", "uv": [ 0.0, 0.0, 0.5, 0.5 ] },
										"up": { "texture": "#augen", "uv": [ 0.0, 0.0, 0.5, 0.5 ] },
										"down": { "texture": "#augen", "uv": [ 0.0, 0.0, 0.5, 0.5 ] }
									}
								},
								{
									"name": "Cube45",
									"from": [ 3.7, -0.2, -0.2 ], 
									"to": [ 5.1, 2.2, 2.2 ], 
									"rotationOrigin": [ 3.7, -0.2, -0.2 ],
									"faces": {
										"north": { "texture": "#pores", "uv": [ 16.0, 1.5, 3.0, 12.5 ], "autoUv": false },
										"east": { "texture": "#pores", "uv": [ 10.5, 4.0, 15.5, 10.0 ], "autoUv": false },
										"south": { "texture": "#pores", "uv": [ 3.5, 13.5, 15.5, 1.5 ], "autoUv": false },
										"west": { "texture": "#pores", "uv": [ 0.0, 0.0, 2.0, 2.0 ] },
										"up": { "texture": "#pores", "uv": [ 0.0, 0.0, 1.0, 2.0 ] },
										"down": { "texture": "#pores", "uv": [ 0.0, 0.0, 1.0, 2.0 ] }
									}
								}
							]
						},
						{
							"name": "Cube20",
							"from": [ -0.3, 0.0, 0.9 ], 
							"to": [ 0.0, 4.0, 1.1 ], 
							"rotationOrigin": [ -0.3, 0.0, 0.9 ],
							"faces": {
								"north": { "texture": "#stipe", "uv": [ 0.0, 0.0, 0.5, 4.0 ] },
								"east": { "texture": "#stipe", "uv": [ 0.0, 0.0, 0.5, 4.0 ] },
								"south": { "texture": "#stipe", "uv": [ 0.0, 0.0, 0.5, 4.0 ] },
								"west": { "texture": "#stipe", "uv": [ 0.0, 0.0, 0.5, 4.0 ] },
								"up": { "texture": "#stipe", "uv": [ 0.0, 0.0, 0.5, 0.5 ] },
								"down": { "texture": "#stipe", "uv": [ 0.0, 0.0, 0.5, 0.5 ] }
							}
						}
					]
				}
			]
		},
		{
			"name": "Pilz#3",
			"from": [ 4.5, 0.0, 12.5 ], 
			"to": [ 5.5, 2.5, 13.5 ], 
			"rotationOrigin": [ 4.5, 0.0, 12.5 ],
			"rotationY": 45.0,
			"faces": {
				"north": { "texture": "#stipe", "uv": [ 0.0, 0.0, 1.0, 2.5 ] },
				"east": { "texture": "#stipe", "uv": [ 0.0, 0.0, 1.0, 2.5 ] },
				"south": { "texture": "#stipe", "uv": [ 0.0, 0.0, 1.0, 2.5 ] },
				"west": { "texture": "#stipe", "uv": [ 0.0, 0.0, 1.0, 2.5 ] },
				"up": { "texture": "#stipe", "uv": [ 0.0, 0.0, 1.0, 1.0 ] },
				"down": { "texture": "#stipe", "uv": [ 0.0, 0.0, 1.0, 1.0 ] }
			},
			"children": [
				{
					"name": "Cube24",
					"from": [ -0.25, 0.0, -0.25 ], 
					"to": [ 1.25, 0.35, 1.25 ], 
					"faces": {
						"north": { "texture": "#stipe", "uv": [ 0.0, 0.0, 1.5, 0.5 ] },
						"east": { "texture": "#stipe", "uv": [ 0.0, 0.0, 1.5, 0.5 ] },
						"south": { "texture": "#stipe", "uv": [ 0.0, 0.0, 1.5, 0.5 ] },
						"west": { "texture": "#stipe", "uv": [ 0.0, 0.0, 1.5, 0.5 ] },
						"up": { "texture": "#stipe", "uv": [ 0.0, 0.0, 1.5, 1.5 ] },
						"down": { "texture": "#stipe", "uv": [ 0.0, 0.0, 1.5, 1.5 ] }
					}
				},
				{
					"name": "Cube25",
					"from": [ 0.0, 2.5, 0.0 ], 
					"to": [ 1.0, 3.5, 2.5 ], 
					"rotationOrigin": [ 0.0, 2.5, 0.0 ],
					"rotationX": 22.5,
					"faces": {
						"north": { "texture": "#stipe", "uv": [ 0.0, 0.0, 1.0, 1.0 ] },
						"east": { "texture": "#stipe", "uv": [ 0.0, 0.0, 2.5, 1.0 ] },
						"south": { "texture": "#stipe", "uv": [ 0.0, 0.0, 1.0, 1.0 ] },
						"west": { "texture": "#stipe", "uv": [ 0.0, 0.0, 2.5, 1.0 ] },
						"up": { "texture": "#stipe", "uv": [ 0.0, 0.0, 1.0, 2.5 ] },
						"down": { "texture": "#stipe", "uv": [ 0.0, 0.0, 1.0, 2.5 ] }
					},
					"children": [
						{
							"name": "Cube26",
							"from": [ 0.0, 1.0, 0.1 ], 
							"to": [ 0.1, 1.25, 0.6 ], 
							"rotationOrigin": [ 0.0, 1.0, 0.0 ],
							"faces": {
								"north": { "texture": "#stipe", "uv": [ 0.0, 0.0, 0.5, 0.5 ] },
								"east": { "texture": "#stipe", "uv": [ 0.0, 0.0, 0.5, 0.5 ] },
								"south": { "texture": "#stipe", "uv": [ 0.0, 0.0, 0.5, 0.5 ] },
								"west": { "texture": "#stipe", "uv": [ 0.0, 0.0, 0.5, 0.5 ] },
								"up": { "texture": "#stipe", "uv": [ 0.0, 0.0, 0.5, 0.5 ] },
								"down": { "texture": "#stipe", "uv": [ 0.0, 0.0, 0.5, 0.5 ] }
							},
							"children": [
								{
									"name": "Cube27",
									"from": [ 0.0, 0.25, 0.0 ], 
									"to": [ 0.1, 0.45, 0.35 ], 
									"rotationOrigin": [ 0.0, 0.5, 0.0 ],
									"faces": {
										"north": { "texture": "#stipe", "uv": [ 0.0, 0.0, 0.5, 0.5 ] },
										"east": { "texture": "#stipe", "uv": [ 0.0, 0.0, 0.5, 0.5 ] },
										"south": { "texture": "#stipe", "uv": [ 0.0, 0.0, 0.5, 0.5 ] },
										"west": { "texture": "#stipe", "uv": [ 0.0, 0.0, 0.5, 0.5 ] },
										"up": { "texture": "#stipe", "uv": [ 0.0, 0.0, 0.5, 0.5 ] },
										"down": { "texture": "#stipe", "uv": [ 0.0, 0.0, 0.5, 0.5 ] }
									}
								}
							]
						},
						{
							"name": "Cube28",
							"from": [ 0.9, 1.0, 0.1 ], 
							"to": [ 1.0, 1.25, 0.6 ], 
							"rotationOrigin": [ 1.0, 1.0, 0.0 ],
							"faces": {
								"north": { "texture": "#stipe", "uv": [ 0.0, 0.0, 0.5, 0.5 ] },
								"east": { "texture": "#stipe", "uv": [ 0.0, 0.0, 0.5, 0.5 ] },
								"south": { "texture": "#stipe", "uv": [ 0.0, 0.0, 0.5, 0.5 ] },
								"west": { "texture": "#stipe", "uv": [ 0.0, 0.0, 0.5, 0.5 ] },
								"up": { "texture": "#stipe", "uv": [ 0.0, 0.0, 0.5, 0.5 ] },
								"down": { "texture": "#stipe", "uv": [ 0.0, 0.0, 0.5, 0.5 ] }
							},
							"children": [
								{
									"name": "Cube29",
									"from": [ 0.0, 0.25, 0.0 ], 
									"to": [ 0.1, 0.45, 0.35 ], 
									"rotationOrigin": [ 0.0, 0.5, 0.0 ],
									"faces": {
										"north": { "texture": "#stipe", "uv": [ 0.0, 0.0, 0.5, 0.5 ] },
										"east": { "texture": "#stipe", "uv": [ 0.0, 0.0, 0.5, 0.5 ] },
										"south": { "texture": "#stipe", "uv": [ 0.0, 0.0, 0.5, 0.5 ] },
										"west": { "texture": "#stipe", "uv": [ 0.0, 0.0, 0.5, 0.5 ] },
										"up": { "texture": "#stipe", "uv": [ 0.0, 0.0, 0.5, 0.5 ] },
										"down": { "texture": "#stipe", "uv": [ 0.0, 0.0, 0.5, 0.5 ] }
									}
								}
							]
						},
						{
							"name": "Cube30",
							"from": [ 0.45, 0.0, -0.15 ], 
							"to": [ 0.55, 1.0, 0.0 ], 
							"faces": {
								"north": { "texture": "#stipe", "uv": [ 0.0, 0.0, 0.5, 1.0 ] },
								"east": { "texture": "#stipe", "uv": [ 0.0, 0.0, 0.5, 1.0 ] },
								"south": { "texture": "#stipe", "uv": [ 0.0, 0.0, 0.5, 1.0 ] },
								"west": { "texture": "#stipe", "uv": [ 0.0, 0.0, 0.5, 1.0 ] },
								"up": { "texture": "#stipe", "uv": [ 0.0, 0.0, 0.5, 0.5 ] },
								"down": { "texture": "#stipe", "uv": [ 0.0, 0.0, 0.5, 0.5 ] }
							},
							"children": [
								{
									"name": "Cube31",
									"from": [ 0.0, -1.5, 0.6 ], 
									"to": [ 0.1, 0.1, 0.75 ], 
									"rotationOrigin": [ 0.0, -1.5, 0.5 ],
									"rotationX": -22.5,
									"faces": {
										"north": { "texture": "#stipe", "uv": [ 0.0, 0.0, 0.5, 1.5 ] },
										"east": { "texture": "#stipe", "uv": [ 0.0, 0.0, 0.5, 1.5 ] },
										"south": { "texture": "#stipe", "uv": [ 0.0, 0.0, 0.5, 1.5 ] },
										"west": { "texture": "#stipe", "uv": [ 0.0, 0.0, 0.5, 1.5 ] },
										"up": { "texture": "#stipe", "uv": [ 0.0, 0.0, 0.5, 0.5 ] },
										"down": { "texture": "#stipe", "uv": [ 0.0, 0.0, 0.5, 0.5 ] }
									}
								}
							]
						},
						{
							"name": "Cube32",
							"from": [ -0.1, 0.5, 1.0 ], 
							"to": [ 0.0, 0.6, 1.1 ], 
							"rotationOrigin": [ 0.0, 0.5, 1.0 ],
							"faces": {
								"north": { "texture": "#augen", "uv": [ 0.0, 0.0, 0.5, 0.5 ] },
								"east": { "texture": "#augen", "uv": [ 0.0, 0.0, 0.5, 0.5 ] },
								"south": { "texture": "#augen", "uv": [ 0.0, 0.0, 0.5, 0.5 ] },
								"west": { "texture": "#augen", "uv": [ 0.0, 0.0, 0.5, 0.5 ] },
								"up": { "texture": "#augen", "uv": [ 0.0, 0.0, 0.5, 0.5 ] },
								"down": { "texture": "#augen", "uv": [ 0.0, 0.0, 0.5, 0.5 ] }
							}
						},
						{
							"name": "Cube33",
							"from": [ 1.0, 0.5, 1.0 ], 
							"to": [ 1.1, 0.6, 1.1 ], 
							"rotationOrigin": [ 1.0, 0.5, 1.0 ],
							"faces": {
								"north": { "texture": "#augen", "uv": [ 0.0, 0.0, 0.5, 0.5 ] },
								"east": { "texture": "#augen", "uv": [ 0.0, 0.0, 0.5, 0.5 ] },
								"south": { "texture": "#augen", "uv": [ 0.0, 0.0, 0.5, 0.5 ] },
								"west": { "texture": "#augen", "uv": [ 0.0, 0.0, 0.5, 0.5 ] },
								"up": { "texture": "#augen", "uv": [ 0.0, 0.0, 0.5, 0.5 ] },
								"down": { "texture": "#augen", "uv": [ 0.0, 0.0, 0.5, 0.5 ] }
							}
						}
					]
				}
			]
		},
		{
			"name": "Pilz#4",
			"from": [ 6.75, 0.0, 4.25 ], 
			"to": [ 8.25, 3.75, 5.75 ], 
			"rotationOrigin": [ 6.75, 0.0, 4.25 ],
			"rotationY": 157.5,
			"faces": {
				"north": { "texture": "#stipe", "uv": [ 0.0, 0.0, 1.5, 3.5 ] },
				"east": { "texture": "#stipe", "uv": [ 0.0, 0.0, 1.5, 3.5 ] },
				"south": { "texture": "#stipe", "uv": [ 0.0, 0.0, 1.5, 3.5 ] },
				"west": { "texture": "#stipe", "uv": [ 0.0, 0.0, 1.5, 3.5 ] },
				"up": { "texture": "#stipe", "uv": [ 0.0, 0.0, 1.5, 1.5 ] },
				"down": { "texture": "#stipe", "uv": [ 0.0, 0.0, 1.5, 1.5 ] }
			},
			"children": [
				{
					"name": "Cube35",
					"from": [ -0.375, 0.0, -0.375 ], 
					"to": [ 1.875, 0.525, 1.875 ], 
					"faces": {
						"north": { "texture": "#stipe", "uv": [ 0.0, 0.0, 2.25, 0.75 ] },
						"east": { "texture": "#stipe", "uv": [ 0.0, 0.0, 2.25, 0.75 ] },
						"south": { "texture": "#stipe", "uv": [ 0.0, 0.0, 2.25, 0.75 ] },
						"west": { "texture": "#stipe", "uv": [ 0.0, 0.0, 2.25, 0.75 ] },
						"up": { "texture": "#stipe", "uv": [ 0.0, 0.0, 2.25, 2.25 ] },
						"down": { "texture": "#stipe", "uv": [ 0.0, 0.0, 2.25, 2.25 ] }
					}
				},
				{
					"name": "Cube36",
					"from": [ 0.0, 3.75, 0.0 ], 
					"to": [ 1.5, 5.25, 3.75 ], 
					"rotationOrigin": [ 0.0, 3.75, 0.0 ],
					"rotationX": 22.5,
					"faces": {
						"north": { "texture": "#stipe", "uv": [ 0.0, 0.0, 1.5, 1.5 ] },
						"east": { "texture": "#stipe", "uv": [ 0.0, 0.0, 3.75, 1.5 ] },
						"south": { "texture": "#stipe", "uv": [ 0.0, 0.0, 1.5, 1.5 ] },
						"west": { "texture": "#stipe", "uv": [ 0.0, 0.0, 3.75, 1.5 ] },
						"up": { "texture": "#stipe", "uv": [ 0.0, 0.0, 1.5, 3.75 ] },
						"down": { "texture": "#stipe", "uv": [ 0.0, 0.0, 1.5, 3.75 ] }
					},
					"children": [
						{
							"name": "Cube37",
							"from": [ 0.0, 1.5, 0.15 ], 
							"to": [ 0.15, 1.875, 0.9 ], 
							"rotationOrigin": [ 0.0, 1.5, 0.0 ],
							"faces": {
								"north": { "texture": "#stipe", "uv": [ 0.0, 0.0, 0.75, 0.75 ] },
								"east": { "texture": "#stipe", "uv": [ 0.0, 0.0, 0.75, 0.75 ] },
								"south": { "texture": "#stipe", "uv": [ 0.0, 0.0, 0.75, 0.75 ] },
								"west": { "texture": "#stipe", "uv": [ 0.0, 0.0, 0.75, 0.75 ] },
								"up": { "texture": "#stipe", "uv": [ 0.0, 0.0, 0.75, 0.75 ] },
								"down": { "texture": "#stipe", "uv": [ 0.0, 0.0, 0.75, 0.75 ] }
							},
							"children": [
								{
									"name": "Cube38",
									"from": [ 0.0, 0.375, 0.0 ], 
									"to": [ 0.15, 0.675, 0.525 ], 
									"rotationOrigin": [ 0.0, 0.75, 0.0 ],
									"faces": {
										"north": { "texture": "#stipe", "uv": [ 0.0, 0.0, 0.75, 0.75 ] },
										"east": { "texture": "#stipe", "uv": [ 0.0, 0.0, 0.75, 0.75 ] },
										"south": { "texture": "#stipe", "uv": [ 0.0, 0.0, 0.75, 0.75 ] },
										"west": { "texture": "#stipe", "uv": [ 0.0, 0.0, 0.75, 0.75 ] },
										"up": { "texture": "#stipe", "uv": [ 0.0, 0.0, 0.75, 0.75 ] },
										"down": { "texture": "#stipe", "uv": [ 0.0, 0.0, 0.75, 0.75 ] }
									}
								}
							]
						},
						{
							"name": "Cube39",
							"from": [ 1.35, 1.5, 0.15 ], 
							"to": [ 1.5, 1.875, 0.9 ], 
							"rotationOrigin": [ 1.5, 1.5, 0.0 ],
							"faces": {
								"north": { "texture": "#stipe", "uv": [ 0.0, 0.0, 0.75, 0.75 ] },
								"east": { "texture": "#stipe", "uv": [ 0.0, 0.0, 0.75, 0.75 ] },
								"south": { "texture": "#stipe", "uv": [ 0.0, 0.0, 0.75, 0.75 ] },
								"west": { "texture": "#stipe", "uv": [ 0.0, 0.0, 0.75, 0.75 ] },
								"up": { "texture": "#stipe", "uv": [ 0.0, 0.0, 0.75, 0.75 ] },
								"down": { "texture": "#stipe", "uv": [ 0.0, 0.0, 0.75, 0.75 ] }
							},
							"children": [
								{
									"name": "Cube40",
									"from": [ 0.0, 0.375, 0.0 ], 
									"to": [ 0.15, 0.675, 0.525 ], 
									"rotationOrigin": [ 0.0, 0.75, 0.0 ],
									"faces": {
										"north": { "texture": "#stipe", "uv": [ 0.0, 0.0, 0.75, 0.75 ] },
										"east": { "texture": "#stipe", "uv": [ 0.0, 0.0, 0.75, 0.75 ] },
										"south": { "texture": "#stipe", "uv": [ 0.0, 0.0, 0.75, 0.75 ] },
										"west": { "texture": "#stipe", "uv": [ 0.0, 0.0, 0.75, 0.75 ] },
										"up": { "texture": "#stipe", "uv": [ 0.0, 0.0, 0.75, 0.75 ] },
										"down": { "texture": "#stipe", "uv": [ 0.0, 0.0, 0.75, 0.75 ] }
									}
								}
							]
						},
						{
							"name": "Cube41",
							"from": [ 0.675, 0.0, -0.225 ], 
							"to": [ 0.825, 1.5, 0.0 ], 
							"faces": {
								"north": { "texture": "#stipe", "uv": [ 0.0, 0.0, 0.75, 1.5 ] },
								"east": { "texture": "#stipe", "uv": [ 0.0, 0.0, 0.75, 1.5 ] },
								"south": { "texture": "#stipe", "uv": [ 0.0, 0.0, 0.75, 1.5 ] },
								"west": { "texture": "#stipe", "uv": [ 0.0, 0.0, 0.75, 1.5 ] },
								"up": { "texture": "#stipe", "uv": [ 0.0, 0.0, 0.75, 0.75 ] },
								"down": { "texture": "#stipe", "uv": [ 0.0, 0.0, 0.75, 0.75 ] }
							},
							"children": [
								{
									"name": "Cube42",
									"from": [ 0.0, -2.25, 0.9 ], 
									"to": [ 0.15, 0.15, 1.125 ], 
									"rotationOrigin": [ 0.0, -2.25, 0.75 ],
									"rotationX": -22.5,
									"faces": {
										"north": { "texture": "#stipe", "uv": [ 0.0, 0.0, 0.75, 2.25 ] },
										"east": { "texture": "#stipe", "uv": [ 0.0, 0.0, 0.75, 2.25 ] },
										"south": { "texture": "#stipe", "uv": [ 0.0, 0.0, 0.75, 2.25 ] },
										"west": { "texture": "#stipe", "uv": [ 0.0, 0.0, 0.75, 2.25 ] },
										"up": { "texture": "#stipe", "uv": [ 0.0, 0.0, 0.75, 0.75 ] },
										"down": { "texture": "#stipe", "uv": [ 0.0, 0.0, 0.75, 0.75 ] }
									}
								}
							]
						},
						{
							"name": "Cube43",
							"from": [ -0.15, 0.75, 1.5 ], 
							"to": [ 0.0, 0.9, 1.65 ], 
							"rotationOrigin": [ 0.0, 0.75, 1.5 ],
							"faces": {
								"north": { "texture": "#augen", "uv": [ 0.0, 0.0, 0.75, 0.75 ] },
								"east": { "texture": "#augen", "uv": [ 0.0, 0.0, 0.75, 0.75 ] },
								"south": { "texture": "#augen", "uv": [ 0.0, 0.0, 0.75, 0.75 ] },
								"west": { "texture": "#augen", "uv": [ 0.0, 0.0, 0.75, 0.75 ] },
								"up": { "texture": "#augen", "uv": [ 0.0, 0.0, 0.75, 0.75 ] },
								"down": { "texture": "#augen", "uv": [ 0.0, 0.0, 0.75, 0.75 ] }
							}
						},
						{
							"name": "Cube44",
							"from": [ 1.5, 0.75, 1.5 ], 
							"to": [ 1.65, 0.9, 1.65 ], 
							"rotationOrigin": [ 1.5, 0.75, 1.5 ],
							"faces": {
								"north": { "texture": "#augen", "uv": [ 0.0, 0.0, 0.75, 0.75 ] },
								"east": { "texture": "#augen", "uv": [ 0.0, 0.0, 0.75, 0.75 ] },
								"south": { "texture": "#augen", "uv": [ 0.0, 0.0, 0.75, 0.75 ] },
								"west": { "texture": "#augen", "uv": [ 0.0, 0.0, 0.75, 0.75 ] },
								"up": { "texture": "#augen", "uv": [ 0.0, 0.0, 0.75, 0.75 ] },
								"down": { "texture": "#augen", "uv": [ 0.0, 0.0, 0.75, 0.75 ] }
							}
						}
					]
				}
			]
		}
	]}