{
	"code": "blobfisch",
	"class": "DeepWaterFish",
	"habitat": "sea",
	"canclimbanywhere":false,
	"canclimb":false,
	"climbtouchdistance": 0,
	"hitboxSize": { x: 1.1, y: 0.4, z: 0.6 },
	"eyeHeight": 0.4,
	drops: [
			{
				type: "item",
				code: "blobfischitem-raw",
				quantity: { avg: 1.0, var: 0 }
			}
	],
	"client": {
		renderer: "Shape",
		"shape": { "base": "omniummod:entity/water/blobfisch" },
		"behaviors": [
			{ "code": "controlledphysics", "stepHeight": 0 }, 
			{ "code": "interpolateposition" },
			{ "code": "floatupwhenstuck", "onlyWhenDead": true },
			{ code: "repulseagents" },
			{ "code": "passivephysics" }
			],
	},
	"server": {
		"behaviors": [
			{ "code": "controlledphysics",  "stepHeight": 0 },
			{ "code": "health", "currenthealth": 2, "maxhealth": 2 },
	                { "code": "passivephysics", "gravityFactor": 5, "waterDragFallFactor": -1},
			{ "code": "despawn", "minPlayerDistance": 100, "minSeconds": 10 },
			{ 
				"code": "taskai",
				"aitasks": [	
					{
						code: "fleeentity",
						entityCodes: ["player"],
					        "chance": 100,
						priority: 1.5,
						movespeed: 0.05,
						seekingRange: 10,
						fleeingDistance: 64,
						maxduration: 5000,
						minduration: 5000,
						cancelOnHurt: false,
						fleeDurationMs: 1000,
						soundRange: 120,
						animation: "run",
						animationSpeed: 1.3
					},
					{ 
						code: "lookaround",
						priority: 0.5,
						animation: "idle1",
						maxduration: 10000,
						minduration: 5000,
						cancelOnHurt: true,
					}
				]
			}
		],
		spawnconditions: {
			worldgen: {
				TriesPerChunk: { avg: 0.7, var: 0 },
				tryOnlySurface: false,
				groupSize: { dist: "verynarrowgaussian", avg: 1, var: 1 },
				insideBlockCodes: ["game:water-still-7"],
				minTemp: -50,
				maxTemp: 50,
				maxLightLevel: 0,
				maxY: 0.6,
				minY: 0.2,
				companions: ["blobfisch"],
				requiresolidground: true
			},
			runtime: {
				group: "passive",
				tryOnlySurface: false,
				chance: 0.01,
				maxQuantity: 30,
				"__comment": "Make them spawn away from artifical light so they don't spawn inside farmland",
				maxLightLevel: 25,
				groupSize: { dist: "verynarrowgaussian", avg: 1, var: 1 },
				insideBlockCodes: ["game:water-still-7"],
				minTemp: -50,
				maxTemp: 50,
				maxY: 0.6,
				minY: 0.2,
				companions: ["blobfisch"],
				requiresolidground: true
			}
		}
	}
}