{
	"code": "geisterfisch",
	"class": "DeepWaterFish",
	"habitat": "sea",
	"canclimbanywhere":false,
	"canclimb":false,
	"climbtouchdistance": 0,
	"hitboxSize": { x: 1.5, y: 0.5, z: 0.5 },
	"eyeHeight": 0.4,
	drops:
	[
		{
				type: "item",
				code: "geisterfischitem-raw",
				quantity: { avg: 1.0, var: 0 }
		}
	],
	"client": {
		renderer: "Shape",
		"shape": { "base": "omniummod:entity/water/geisterfisch" },
		"behaviors": [{ "code": "controlledphysics", "stepHeight": 0.0 }, { "code": "interpolateposition" },
		{ "code": "passivephysics" }],
		animations: [
			{
				code: "hurt",
				animation: "hurt", 
				animationSpeed: 2,
				weight: 10,
				blendMode: "AddAverage" 
			},
			{
				code: "die",
				animation: "die", 
				animationSpeed: 1.5,
				weight: 10,
				blendMode: "Average",
				triggeredBy: { onControls: ["dead"] }
			}
			]
	},
	"server": {
		"behaviors": [
			{ "code": "controlledphysics",  "stepHeight": 0 },
			{ "code": "passivephysics" },
			{ "code": "health", "currenthealth": 6, "maxhealth": 6 },
			{ 
				code: "emotionstates",
				states: [
					{ code: "fleeondamage", duration: 60, chance: 1, slot: 2, priority: 5, accumType: "max", whenHealthRelBelow: 6 },
					],
			},
			{ "code": "despawn", "minPlayerDistance": 100, "minSeconds": 10 },
			{ 
				"code": "taskai",
				"aitasks": [
				          {
						code: "fleeentity",
						entityCodes: ["player"],
						priority: 2.5,
						movespeed: 0.2,
						seekingRange: 5,
						cancelOnHurt: false,
						soundRange: 120,
					        "animation": "run",
    					        animationSpeed: 1.3,
					},
					{ 
						code: "lookaround", 
						priority: 0.5,
						maxduration: 50000,
						minduration: 50000,
						mincooldown: 0,
						maxcooldown: 0
					}
				]
			}
		],
		spawnconditions: {
			worldgen: {
				TriesPerChunk: { avg: 0.7, var: 0 },
				tryOnlySurface: false,
				groupSize: { dist: "verynarrowgaussian", avg: 2, var: 3 },
				insideBlockCodes: ["game:water-still-7"],
				minTemp: -50,
				maxY: 0.6,
				minY: 0.2,
				maxTemp: 50,
				companions: ["geisterfisch"],
				requiresolidground: true
			},
			runtime: {
				group: "passive",
				tryOnlySurface: false,
				chance: 0.01,
				maxQuantity: 40,
				"__comment": "ghostfishes",
				groupSize: { dist: "verynarrowgaussian", avg: 0, var: 1 },
				insideBlockCodes: ["game:water-still-7"],
				companions: ["geisterfisch"],
				minTemp: -50,
				maxTemp: 50,
				maxY: 0.6,
				minY: 0.2,
				requiresolidground: true
			}
		}
	}
}