{
	"code": "hecht",
	"class": "EntityAgent",
	"habitat": "Sea",
	"canclimbanywhere":false,
	"canclimb":false,
	"climbtouchdistance": 0,
	"hitboxSize": { x: 2, y: 0.6, z: 0.7 },
	"eyeHeight": 0.5,
	drops: [
			{
				type: "item",
				code: "hechtitem-raw",
				quantity: { avg: 1.0, var: 0 }
			}
	],
	"client": {
		renderer: "Shape",
		"shape": { "base": "omniummod:entity/water/hecht" },
		texture: { "base": "omniummod:entity/hecht/hecht" },
		"behaviors": 
		[
			{ "code": "controlledphysics", "stepHeight": 0 },
			{ "code": "floatupwhenstuck", "onlyWhenDead": true },
			{ code: "repulseagents" },
			{ "code": "interpolateposition" },
			{ "code": "passivephysics" }
		],
		animations: [
			{
				code: "hurt",
				animation: "hurt", 
				animationSpeed: 2,
				weight: 10,
				blendMode: "AddAverage" 
			},
			{
				code: "die",
				animation: "die", 
				animationSpeed: 1.5,
				weight: 10,
				blendMode: "Average",
				triggeredBy: { onControls: ["dead"] }
			}
			]
	},
	"server": {
		"behaviors": [
			{ "code": "controlledphysics",  "stepHeight": 0 },
	                { "code": "passivephysics", "waterDragFactor": 4, "airDragFallingFactor": 1, "groundDragFactor": 1, "gravityFactor": 200},
			{ "code": "health", "currenthealth": 6, "maxhealth": 6 },
	                { code: "breathe" },
			{ 
				code: "emotionstates",
				states: [
					{ code: "aggressiveondamage", duration: 6000, chance: 1, slot: 2, priority: 2, accumType: "noaccum" },
				],
			},
			{ "code": "despawn", "minPlayerDistance": 100, "minSeconds": 10 },
		        { "code": "floatupwhenstuck", "onlyWhenDead": true },
			{ 
				"code": "taskai",
				"aitasks": [
				          {
				            "code": "wander",
				            "priority": 1.0,
				            "movespeed": 0.1,
					    "animation": "run"
				          },
				          {
				            "code": "wander",
				            "priority": 1.0,
				            "movespeed": 0.1,
					    "animation": "run"
				          },
				          {
				            "code": "wander",
				            "priority": 1.0,
				            "movespeed": 0.1,
					    "animation": "run"
				          },
					{ 
						code: "lookaround", 
						animation: "run",
						priority: 0.5,
						maxduration: 500,
						minduration: 500,
						mincooldown: 15,
						maxcooldown: 15
					},				
					{
						code: "seekentity",
						entityCodes: ["player"],
						priority: 2.5,
						movespeed: 0.2,
						seekingRange: 30,
						animation: "run",
						animationSpeed: 1,
						whenInEmotionState: "aggressiveondamage"
					},
					{
						code: "meleeattack",
						whenInEmotionState: "aggressiveondamage",
						entityCodes: ["player"],
						damageType: "SlashingAttack",
						priority: 6,
						damage: 2,
						damageTier: 2,
						slot: 1,
						mincooldown: 1000, 
						maxcooldown: 1000, 
						minDist: 1.5,
						minVerDist: 1.5,
						attackDurationMs: 1000,
						damagePlayerAtMs: 600,
						animation: "Attack",
						animationSpeed: 1
					}
				]
			}
		],
		spawnconditions: {
			worldgen: {
				TriesPerChunk: { avg: 0.5, var: 0 },
				tryOnlySurface: true,
				groupSize: { dist: "verynarrowgaussian", avg: 1, var: 1 },
				insideBlockCodes: ["game:water-still-7"],
				minTemp: 10,
				maxTemp: 40,
				companions: ["hecht"],
				requiresolidground: true
			},
			runtime: {
				group: "neutral",
				groupSize: { dist: "verynarrowgaussian", avg: 0, var: 1},	
				tryOnlySurface: true,
				chance: 0.008,
				maxQuantity: 15,											
				insideBlockCodes: [ "game:water-still-7"],
				minTemp: 0,
				maxTemp: 40,
				minshrubs:0,
				minforest:0,
				maxshrubs:0.3,
				maxforest:0.3		
			}
		}
	}
}