{
	"code": "höhlenfisch",
	"class": "EntityAgent",
	"habitat": "sea",
	"canclimbanywhere":false,
	"canclimb":false,
	"climbtouchdistance": 0,
	"hitboxSize": { x: 1.1, y: 0.4, z: 0.6 },
	"eyeHeight": 0.4,
	drops: [
			{
				type: "item",
				code: "höhlenfischitem-raw",
				quantity: { avg: 1.0, var: 0 }
			}
	],
	"client": {
		renderer: "Shape",
		"shape": { "base": "omniummod:entity/water/höhlenfisch" },
		texture: { "base": "omniummod:entity/höhlenfische/h1" },
		"behaviors": [{ "code": "controlledphysics", "stepHeight": 0.0 }, { "code": "interpolateposition" },
		{ "code": "passivephysics" }],
		animations: [
			{
				code: "hurt",
				animation: "hurt", 
				animationSpeed: 2,
				weight: 10,
				blendMode: "AddAverage" 
			},
			{
				code: "die",
				animation: "die", 
				animationSpeed: 1.5,
				weight: 10,
				blendMode: "Average",
				triggeredBy: { onControls: ["dead"] }
			}
			]
	},
	"server": {
		"behaviors": [
			{ "code": "controlledphysics",  "stepHeight": 0  },
			{ "code": "health", "currenthealth": 2, "maxhealth": 2 },
			{ 
				code: "emotionstates",
				states: [{ code: "fleeondamage", duration: 60, chance: 1, slot: 2, priority: 5, accumType: "max", whenHealthRelBelow: 11 },],
			},
			{ "code": "despawn", "minPlayerDistance": 100, "minSeconds": 10 },
			{ 
				"code": "taskai",
				"aitasks": [
				          {
				            "code": "wander",
				            "priority": 1.0,
				            "movespeed": 0.005,
					    "animation": "run"
				          },
				          {
						code: "fleeentity",
						entityCodes: ["player"],
						priority: 2.5,
						movespeed: 0.05,
						seekingRange: 5,
						cancelOnHurt: false,
						soundRange: 120,
						whenInEmotionState: "fleeondamage",
						animation: "run",
						animationSpeed: 1.3
					},
					{ 
						code: "lookaround", 
						animation: "run",
						priority: 0.5
					},				
					{
						code: "fleeentity",
						entityCodes: ["player"],
						priority: 2.4,
						movespeed: 0.05,
						seekingRange: 5,
						fleeingDistance: 64,
						cancelOnHurt: false,
						fleeDurationMs: 1000,
						soundRange: 120,
						animation: "run",
						animationSpeed: 1.3
					}
				]
			}
		],
		spawnconditions: {
			worldgen: {
				TriesPerChunk: { avg: 0.7, var: 0 },
				tryOnlySurface: false,
				groupSize: { dist: "verynarrowgaussian", avg: 2, var: 3 },
				insideBlockCodes: ["game:water-still-7"],
				minTemp: 20,
				maxTemp: 50,
				companions: ["höhlenfisch"],
				maxY: 0.2,
				maxtimeofdaylight: 0,
				requiresolidground: false
			},
			runtime: {
				group: "passive",
				tryOnlySurface: false,
				chance: 0.6,
				maxQuantity: 30,
				"__comment": "Make them spawn away from artifical light so they don't spawn inside farmland",
				maxtimeofdaylight: 0,
				lightLevelType: "onlyBlockLight",					
				groupSize: { dist: "verynarrowgaussian", avg: 2, var: 3 },
				insideBlockCodes: ["game:water-still-7"],
				minTemp: 20,
				maxTemp: 50,
				companions: ["höhlenfisch"],
				maxY: 0.2,
				requiresolidground: false
			}
		}
	}
}