{
	"code": "mastermade",
	"class": "Mastermade",
	"habitat": "sea",
	"canclimbanywhere":false,
	"canclimb":false,
	"climbtouchdistance": 0,
	"hitboxSize": { x: 0.2, y: 0.3, z: 0.2 },
	"eyeHeight": 0.4,
	"client": {
		renderer: "Shape",
		"shape": { "base": "omniummod:entity/water/butterflifish" },
		texture: { base: "entity/coral/butterflifish/butterflifish1", alternates: [ { base: "entity/coral/butterflifish/butterflifish2" } ] },
		"behaviors": [{ "code": "controlledphysics", "stepHeight": 0.0 }, { "code": "interpolateposition" },
		{ "code": "passivephysics" }],
		animations: [
			{
				code: "hurt",
				animation: "hurt", 
				animationSpeed: 2,
				weight: 10,
				blendMode: "AddAverage" 
			},
			{
				code: "die",
				animation: "die", 
				animationSpeed: 1.5,
				weight: 10,
				blendMode: "Average",
				triggeredBy: { onControls: ["dead"] }
			}
			]
	},
	"server": {
		"behaviors": [
			{ "code": "controlledphysics",  "stepHeight": 0 },
			{ "code": "passivephysics" },
			{ "code": "health", "currenthealth": 3, "maxhealth": 3 },
			{ 
				code: "emotionstates",
				states: [
					{ code: "fleeondamage", duration: 60, chance: 1, slot: 2, priority: 5, accumType: "max", whenHealthRelBelow: 3 },
					],
			},
			{ 
				"code": "taskai",
				"aitasks": [
				          {
				            "code": "wander",
				            "priority": 1.0,
				            "movespeed": 0.05,
					    "animation": "run",
    					    animationSpeed: 0.5,
					    mincooldown: 10000,
					    maxcooldown: 10000
				          },
				          {
						code: "fleeentity",
						entityCodes: ["player"],
						priority: 2.5,
						movespeed: 0.1,
						seekingRange: 5,
						cancelOnHurt: false,
					        "animation": "run",
    					        animationSpeed: 1.3,
					},
					{ 
						code: "lookaround", 
						priority: 0.5,
						maxduration: 5000,
						minduration: 5000,
						mincooldown: 0,
						maxcooldown: 0
					}
				]
			}
		],
	}
}