{
	"code": "whai",
	"class": "EntityAgent",
	"habitat": "sea",
	"canclimbanywhere":false,
	"canclimb":false,
	"climbtouchdistance": 0,
	"hitboxSize": { x: 4, y: 1, z: 1 },
	"eyeHeight": 0.4,
	"client": {
		renderer: "Shape",
		"shape": { "base": "omniummod:entity/water/weißer hai" },
		texture: { "base": "omniummod:entity/haie/weißer hai" },
		"behaviors": [
			{ "code": "controlledphysics", "stepHeight": 0.0 }, 
			{ "code": "interpolateposition" },
			{ "code": "passivephysics" },
			{ code: "harvestable", duration: 2}
		],	
		animations: [
			{
				code: "hurt",
				animation: "hurt", 
				animationSpeed: 2,
				weight: 10,
				blendMode: "AddAverage" 
			},
			{
				code: "die",
				animation: "die", 
				animationSpeed: 1.5,
				weight: 10,
				blendMode: "Average",
				triggeredBy: { onControls: ["dead"] }
			}
			]
	},
	"server": {
		"behaviors": [
			{ "code": "controlledphysics",  "stepHeight": 0 },
			{ "code": "passivephysics" },
			{ "code": "health", "currenthealth": 18, "maxhealth": 18 },
			{ code: "deaddecay", hoursToDecay: 3 },
			{ code: "harvestable", duration: 2, 
				drops: [
					{
						type: "item",
						code: "omniummod:sharkmeet-raw",
						quantity: { avg: 3, var: 1 }
					}
				],	
			},
			{ 
				code: "emotionstates",
				states: [
					{ code: "fleeondamage", duration: 60, chance: 1, slot: 2, priority: 5, accumType: "max", whenHealthRelBelow: 2 },
					{ code: "aggressiveondamage", duration: 30, chance: 1, slot: 2, priority: 2, accumType: "noaccum" }
					],
			},
			{ "code": "despawn", "minPlayerDistance": 100, "minSeconds": 10 },
			{ 
				"code": "taskai",
				"aitasks": [
				          {
				            "code": "wander",
				            "priority": 1.0,
				            "movespeed": 0.05,
					    "animation": "run",
    					    animationSpeed: 0.5,
				          },
				          {
				            "code": "wander",
				            "priority": 1.0,
				            "movespeed": 0.05,
					    "animation": "run",
    					    animationSpeed: 0.5,
				          },
				          {
				            "code": "wander",
				            "priority": 1.0,
				            "movespeed": 0.05,
					    "animation": "run",
    					    animationSpeed: 0.5,
				          },
				          {
				            "code": "wander",
				            "priority": 1.0,
				            "movespeed": 0.05,
					    "animation": "run",
    					    animationSpeed: 0.5,
				          },
				          {
				            "code": "wander",
				            "priority": 1.0,
				            "movespeed": 0.05,
					    "animation": "run",
    					    animationSpeed: 0.5,
				          },
				          {
				            "code": "wander",
				            "priority": 1.0,
				            "movespeed": 0.05,
					    "animation": "run",
    					    animationSpeed: 0.5,
				          },
				          {
						code: "meleeattack",
						entityCodes: ["player"],
						movespeed: 0.60,
						priority: 5,
						damage: 12,
						damageTier: 4,
						damageType: "SlashingAttack",
						slot: 1,
						mincooldown: 1000, 
						maxcooldown: 2000, 
						attackDurationMs: 1000,
						damagePlayerAtMs: 500,
						animationSpeed: 5,
					  },
				          {
						code: "fleeentity",
						entityCodes: ["player"],
						priority: 2.5,
						movespeed: 0.2,
						seekingRange: 5,
						cancelOnHurt: false,
						soundRange: 120,
						whenInEmotionState: "fleeondamage",
					        "animation": "run",
    					        animationSpeed: 1.3,
					},
					{
						code: "seekentity",
						entityCodes: ["player"],
						priority: 4,
						mincooldown: 0, 
						maxcooldown: 1200, 
						movespeed: 0.2,
						seekingRange: 50,
						animationSpeed: 3,
					        "animation": "run",
    					        animationSpeed: 1,
						maxFollowTime: 20
					},
					{ 
						code: "lookaround", 
						priority: 0.5,
						maxduration: 500,
						minduration: 500,
						mincooldown: 0,
						maxcooldown: 0
					}
				]
			}
		],
		spawnconditions: {
			worldgen: {
				TriesPerChunk: { avg: 0.7, var: 0 },
				tryOnlySurface: true,
				groupSize: { dist: "verynarrowgaussian", avg: 0, var: 1 },
				insideBlockCodes: ["game:water-still-7"],
				minTemp: -15,
				maxTemp: 30,
				maxLightLevel: 8,
				minLightLevel: 0,
				lightLevelType: "onlysunlight",					
				companions: ["whai"],
				requiresolidground: false
			},
			runtime: {
				group: "hostile",
				tryOnlySurface: false,
				chance: 0.001,
				maxQuantity: 10,
				"__comment": "agressive white sharks",
				maxLightLevel: 8,
				minLightLevel: 0,
				lightLevelType: "onlysunlight",					
				groupSize: { dist: "verynarrowgaussian", avg: 0, var: 1 },
				insideBlockCodes: ["game:water-still-7"],
				minTemp: -10,
				maxTemp: 15,
				minY: 0.90,
				maxY: 1.07,
				requiresolidground: false
			}
		}
	}
}