{
	"editor": {
		"allAngles": false,
		"entityTextureMode": false
	},
	"textureWidth": 16,
	"textureHeight": 16,
	"textureSizes": {
	},
	"textures": {
		"stipe": "omniummod:block/plant/mushroom/morchel/stipe"
	},
	"elements": [
		{
			"name": "Cube1",
			"from": [ 7.2, 0.0, 7.2 ], 
			"to": [ 8.64, 1.44, 8.64 ], 
			"rotationOrigin": [ 7.2, 0.0, 7.2 ],
			"faces": {
				"north": { "texture": "#stipe", "uv": [ 0.0, 0.0, 1.0, 1.0 ] },
				"east": { "texture": "#stipe", "uv": [ 0.0, 0.0, 1.0, 1.0 ] },
				"south": { "texture": "#stipe", "uv": [ 0.0, 0.0, 1.0, 1.0 ] },
				"west": { "texture": "#stipe", "uv": [ 0.0, 0.0, 1.0, 1.0 ] },
				"up": { "texture": "#stipe", "uv": [ 0.0, 0.0, 1.0, 1.0 ] },
				"down": { "texture": "#stipe", "uv": [ 0.0, 0.0, 1.0, 1.0 ] }
			}
		},
		{
			"name": "Cube6",
			"from": [ 5.0, 0.0, 6.6 ], 
			"to": [ 5.72, 0.72, 7.32 ], 
			"rotationOrigin": [ 5.0, 0.0, 6.6 ],
			"faces": {
				"north": { "texture": "#stipe", "uv": [ 0.0, 0.0, 0.5, 0.5 ] },
				"east": { "texture": "#stipe", "uv": [ 0.0, 0.0, 0.5, 0.5 ] },
				"south": { "texture": "#stipe", "uv": [ 0.0, 0.0, 0.5, 0.5 ] },
				"west": { "texture": "#stipe", "uv": [ 0.0, 0.0, 0.5, 0.5 ] },
				"up": { "texture": "#stipe", "uv": [ 0.0, 0.0, 0.5, 0.5 ] },
				"down": { "texture": "#stipe", "uv": [ 0.0, 0.0, 0.5, 0.5 ] }
			}
		},
		{
			"name": "Cube11",
			"from": [ 3.0, 0.0, 13.6 ], 
			"to": [ 3.72, 0.72, 14.32 ], 
			"rotationOrigin": [ 3.0, 0.0, 13.6 ],
			"faces": {
				"north": { "texture": "#stipe", "uv": [ 0.0, 0.0, 0.5, 0.5 ] },
				"east": { "texture": "#stipe", "uv": [ 0.0, 0.0, 0.5, 0.5 ] },
				"south": { "texture": "#stipe", "uv": [ 0.0, 0.0, 0.5, 0.5 ] },
				"west": { "texture": "#stipe", "uv": [ 0.0, 0.0, 0.5, 0.5 ] },
				"up": { "texture": "#stipe", "uv": [ 0.0, 0.0, 0.5, 0.5 ] },
				"down": { "texture": "#stipe", "uv": [ 0.0, 0.0, 0.5, 0.5 ] }
			}
		},
		{
			"name": "Cube16",
			"from": [ 10.5, 0.0, 10.9 ], 
			"to": [ 11.22, 0.72, 11.62 ], 
			"rotationOrigin": [ 10.5, 0.0, 10.9 ],
			"faces": {
				"north": { "texture": "#stipe", "uv": [ 0.0, 0.0, 0.5, 0.5 ] },
				"east": { "texture": "#stipe", "uv": [ 0.0, 0.0, 0.5, 0.5 ] },
				"south": { "texture": "#stipe", "uv": [ 0.0, 0.0, 0.5, 0.5 ] },
				"west": { "texture": "#stipe", "uv": [ 0.0, 0.0, 0.5, 0.5 ] },
				"up": { "texture": "#stipe", "uv": [ 0.0, 0.0, 0.5, 0.5 ] },
				"down": { "texture": "#stipe", "uv": [ 0.0, 0.0, 0.5, 0.5 ] }
			}
		},
		{
			"name": "Cube21",
			"from": [ 4.5, 0.0, 1.9 ], 
			"to": [ 5.22, 0.72, 2.62 ], 
			"rotationOrigin": [ 4.5, 0.0, 1.9 ],
			"faces": {
				"north": { "texture": "#stipe", "uv": [ 0.0, 0.0, 0.5, 0.5 ] },
				"east": { "texture": "#stipe", "uv": [ 0.0, 0.0, 0.5, 0.5 ] },
				"south": { "texture": "#stipe", "uv": [ 0.0, 0.0, 0.5, 0.5 ] },
				"west": { "texture": "#stipe", "uv": [ 0.0, 0.0, 0.5, 0.5 ] },
				"up": { "texture": "#stipe", "uv": [ 0.0, 0.0, 0.5, 0.5 ] },
				"down": { "texture": "#stipe", "uv": [ 0.0, 0.0, 0.5, 0.5 ] }
			}
		}
	]}