{
	"editor": {
		"allAngles": false,
		"entityTextureMode": false
	},
	"textureWidth": 16,
	"textureHeight": 16,
	"textureSizes": {
	},
	"textures": {
		"hut": "omniummod:block/plant/mushroom/morchel/hut",
		"stipe": "omniummod:block/plant/mushroom/morchel/stipe"
	},
	"elements": [
		{
			"name": "Cube1",
			"from": [ 7.2, 0.0, 7.2 ], 
			"to": [ 8.64, 1.44, 8.64 ], 
			"rotationOrigin": [ 7.2, 0.0, 7.2 ],
			"faces": {
				"north": { "texture": "#stipe", "uv": [ 0.0, 0.0, 1.0, 1.0 ] },
				"east": { "texture": "#stipe", "uv": [ 0.0, 0.0, 1.0, 1.0 ] },
				"south": { "texture": "#stipe", "uv": [ 0.0, 0.0, 1.0, 1.0 ] },
				"west": { "texture": "#stipe", "uv": [ 0.0, 0.0, 1.0, 1.0 ] },
				"up": { "texture": "#stipe", "uv": [ 0.0, 0.0, 1.0, 1.0 ] },
				"down": { "texture": "#stipe", "uv": [ 0.0, 0.0, 1.0, 1.0 ] }
			},
			"children": [
				{
					"name": "Cube2",
					"from": [ -0.72, 2.16, -0.72 ], 
					"to": [ 2.16, 4.32, 2.16 ], 
					"rotationOrigin": [ -0.72, 2.16, -0.72 ],
					"faces": {
						"north": { "texture": "#hut", "uv": [ 0.0, 0.0, 14.88, 15.0 ], "autoUv": false },
						"east": { "texture": "#hut", "uv": [ 0.0, 0.0, 15.5, 15.0 ], "autoUv": false },
						"south": { "texture": "#hut", "uv": [ 0.0, 0.0, 14.5, 14.0 ], "autoUv": false },
						"west": { "texture": "#hut", "uv": [ 0.0, 0.0, 15.5, 14.0 ], "autoUv": false },
						"up": { "texture": "#hut", "uv": [ 0.0, 0.0, 15.5, 14.5 ], "autoUv": false },
						"down": { "texture": "#hut", "uv": [ 0.0, 0.0, 15.5, 14.5 ], "autoUv": false }
					},
					"children": [
						{
							"name": "Cube3",
							"from": [ 0.36, 2.16, 0.36 ], 
							"to": [ 2.52, 2.88, 2.52 ], 
							"rotationOrigin": [ 0.36, 2.16, 0.36 ],
							"faces": {
								"north": { "texture": "#hut", "uv": [ 0.0, 0.0, 16.0, 15.5 ], "autoUv": false },
								"east": { "texture": "#hut", "uv": [ 0.0, 0.0, 16.0, 15.5 ], "autoUv": false },
								"south": { "texture": "#hut", "uv": [ 0.0, 0.0, 16.0, 15.5 ], "autoUv": false },
								"west": { "texture": "#hut", "uv": [ 0.0, 0.0, 16.0, 15.5 ], "autoUv": false },
								"up": { "texture": "#hut", "uv": [ 0.0, 0.0, 16.0, 16.0 ], "autoUv": false },
								"down": { "texture": "#hut", "uv": [ 0.0, 0.0, 16.0, 16.0 ], "autoUv": false }
							},
							"children": [
								{
									"name": "Cube4",
									"from": [ 0.36, 0.72, 0.36 ], 
									"to": [ 1.8, 1.44, 1.8 ], 
									"rotationOrigin": [ 0.36, 0.72, 0.36 ],
									"faces": {
										"north": { "texture": "#hut", "uv": [ 0.0, 0.0, 15.44, 15.5 ], "autoUv": false },
										"east": { "texture": "#hut", "uv": [ 0.0, 0.0, 16.0, 15.5 ], "autoUv": false },
										"south": { "texture": "#hut", "uv": [ 0.0, 0.0, 16.0, 15.5 ], "autoUv": false },
										"west": { "texture": "#hut", "uv": [ 0.0, 0.0, 16.0, 15.5 ], "autoUv": false },
										"up": { "texture": "#hut", "uv": [ 0.0, 0.0, 16.0, 16.0 ], "autoUv": false },
										"down": { "texture": "#hut", "uv": [ 0.0, 0.0, 16.0, 15.0 ], "autoUv": false }
									}
								}
							]
						},
						{
							"name": "Cube5",
							"from": [ 0.36, -0.72, 0.36 ], 
							"to": [ 2.52, 0.0, 2.52 ], 
							"rotationOrigin": [ 0.36, -0.72, 0.36 ],
							"faces": {
								"north": { "texture": "#hut", "uv": [ 0.0, 0.0, 15.16, 15.5 ], "autoUv": false },
								"east": { "texture": "#hut", "uv": [ 0.0, 0.5, 16.0, 16.0 ], "autoUv": false },
								"south": { "texture": "#hut", "uv": [ 0.0, 0.0, 16.0, 15.5 ], "autoUv": false },
								"west": { "texture": "#hut", "uv": [ 0.0, 0.0, 16.0, 15.5 ], "autoUv": false },
								"up": { "texture": "#hut", "uv": [ 0.0, 0.0, 16.0, 16.0 ], "autoUv": false },
								"down": { "texture": "#hut", "uv": [ 0.0, 0.0, 16.0, 15.0 ], "autoUv": false }
							}
						}
					]
				}
			]
		},
		{
			"name": "Cube6",
			"from": [ 5.0, 0.0, 6.6 ], 
			"to": [ 5.72, 0.72, 7.32 ], 
			"rotationOrigin": [ 5.0, 0.0, 6.6 ],
			"faces": {
				"north": { "texture": "#stipe", "uv": [ 0.0, 0.0, 0.5, 0.5 ] },
				"east": { "texture": "#stipe", "uv": [ 0.0, 0.0, 0.5, 0.5 ] },
				"south": { "texture": "#stipe", "uv": [ 0.0, 0.0, 0.5, 0.5 ] },
				"west": { "texture": "#stipe", "uv": [ 0.0, 0.0, 0.5, 0.5 ] },
				"up": { "texture": "#stipe", "uv": [ 0.0, 0.0, 0.5, 0.5 ] },
				"down": { "texture": "#stipe", "uv": [ 0.0, 0.0, 0.5, 0.5 ] }
			},
			"children": [
				{
					"name": "Cube7",
					"from": [ -0.36, 1.08, -0.36 ], 
					"to": [ 1.08, 2.16, 1.08 ], 
					"rotationOrigin": [ -0.36, 1.08, -0.36 ],
					"faces": {
						"north": { "texture": "#hut", "uv": [ 0.0, 0.0, 7.44, 7.5 ], "autoUv": false },
						"east": { "texture": "#hut", "uv": [ 0.0, 0.0, 7.75, 7.5 ], "autoUv": false },
						"south": { "texture": "#hut", "uv": [ 0.0, 0.0, 7.25, 7.0 ], "autoUv": false },
						"west": { "texture": "#hut", "uv": [ 0.0, 0.0, 7.75, 7.0 ], "autoUv": false },
						"up": { "texture": "#hut", "uv": [ 0.0, 0.0, 7.75, 7.25 ], "autoUv": false },
						"down": { "texture": "#hut", "uv": [ 0.0, 0.0, 7.75, 7.25 ], "autoUv": false }
					},
					"children": [
						{
							"name": "Cube8",
							"from": [ 0.18, 1.08, 0.18 ], 
							"to": [ 1.26, 1.44, 1.26 ], 
							"rotationOrigin": [ 0.18, 1.08, 0.18 ],
							"faces": {
								"north": { "texture": "#hut", "uv": [ 0.0, 0.0, 8.0, 7.75 ], "autoUv": false },
								"east": { "texture": "#hut", "uv": [ 0.0, 0.0, 8.0, 7.75 ], "autoUv": false },
								"south": { "texture": "#hut", "uv": [ 0.0, 0.0, 8.0, 7.75 ], "autoUv": false },
								"west": { "texture": "#hut", "uv": [ 0.0, 0.0, 8.0, 7.75 ], "autoUv": false },
								"up": { "texture": "#hut", "uv": [ 0.0, 0.0, 8.0, 8.0 ], "autoUv": false },
								"down": { "texture": "#hut", "uv": [ 0.0, 0.0, 8.0, 8.0 ], "autoUv": false }
							},
							"children": [
								{
									"name": "Cube9",
									"from": [ 0.18, 0.36, 0.18 ], 
									"to": [ 0.9, 0.72, 0.9 ], 
									"rotationOrigin": [ 0.18, 0.36, 0.18 ],
									"faces": {
										"north": { "texture": "#hut", "uv": [ 0.0, 0.0, 7.72, 7.75 ], "autoUv": false },
										"east": { "texture": "#hut", "uv": [ 0.0, 0.0, 8.0, 7.75 ], "autoUv": false },
										"south": { "texture": "#hut", "uv": [ 0.0, 0.0, 8.0, 7.75 ], "autoUv": false },
										"west": { "texture": "#hut", "uv": [ 0.0, 0.0, 8.0, 7.75 ], "autoUv": false },
										"up": { "texture": "#hut", "uv": [ 0.0, 0.0, 8.0, 8.0 ], "autoUv": false },
										"down": { "texture": "#hut", "uv": [ 0.0, 0.0, 8.0, 7.5 ], "autoUv": false }
									}
								}
							]
						},
						{
							"name": "Cube10",
							"from": [ 0.18, -0.36, 0.18 ], 
							"to": [ 1.26, 0.0, 1.26 ], 
							"rotationOrigin": [ 0.18, -0.36, 0.18 ],
							"faces": {
								"north": { "texture": "#hut", "uv": [ 0.0, 0.0, 7.58, 7.75 ], "autoUv": false },
								"east": { "texture": "#hut", "uv": [ 0.0, 0.5, 8.0, 8.25 ], "autoUv": false },
								"south": { "texture": "#hut", "uv": [ 0.0, 0.0, 8.0, 7.75 ], "autoUv": false },
								"west": { "texture": "#hut", "uv": [ 0.0, 0.0, 8.0, 7.75 ], "autoUv": false },
								"up": { "texture": "#hut", "uv": [ 0.0, 0.0, 8.0, 8.0 ], "autoUv": false },
								"down": { "texture": "#hut", "uv": [ 0.0, 0.0, 8.0, 7.5 ], "autoUv": false }
							}
						}
					]
				}
			]
		},
		{
			"name": "Cube11",
			"from": [ 3.0, 0.0, 13.6 ], 
			"to": [ 3.72, 0.72, 14.32 ], 
			"rotationOrigin": [ 3.0, 0.0, 13.6 ],
			"faces": {
				"north": { "texture": "#stipe", "uv": [ 0.0, 0.0, 0.5, 0.5 ] },
				"east": { "texture": "#stipe", "uv": [ 0.0, 0.0, 0.5, 0.5 ] },
				"south": { "texture": "#stipe", "uv": [ 0.0, 0.0, 0.5, 0.5 ] },
				"west": { "texture": "#stipe", "uv": [ 0.0, 0.0, 0.5, 0.5 ] },
				"up": { "texture": "#stipe", "uv": [ 0.0, 0.0, 0.5, 0.5 ] },
				"down": { "texture": "#stipe", "uv": [ 0.0, 0.0, 0.5, 0.5 ] }
			},
			"children": [
				{
					"name": "Cube12",
					"from": [ -0.36, 1.08, -0.36 ], 
					"to": [ 1.08, 2.16, 1.08 ], 
					"rotationOrigin": [ -0.36, 1.08, -0.36 ],
					"faces": {
						"north": { "texture": "#hut", "uv": [ 0.0, 0.0, 7.44, 7.5 ], "autoUv": false },
						"east": { "texture": "#hut", "uv": [ 0.0, 0.0, 7.75, 7.5 ], "autoUv": false },
						"south": { "texture": "#hut", "uv": [ 0.0, 0.0, 7.25, 7.0 ], "autoUv": false },
						"west": { "texture": "#hut", "uv": [ 0.0, 0.0, 7.75, 7.0 ], "autoUv": false },
						"up": { "texture": "#hut", "uv": [ 0.0, 0.0, 7.75, 7.25 ], "autoUv": false },
						"down": { "texture": "#hut", "uv": [ 0.0, 0.0, 7.75, 7.25 ], "autoUv": false }
					},
					"children": [
						{
							"name": "Cube13",
							"from": [ 0.18, 1.08, 0.18 ], 
							"to": [ 1.26, 1.44, 1.26 ], 
							"rotationOrigin": [ 0.18, 1.08, 0.18 ],
							"faces": {
								"north": { "texture": "#hut", "uv": [ 0.0, 0.0, 8.0, 7.75 ], "autoUv": false },
								"east": { "texture": "#hut", "uv": [ 0.0, 0.0, 8.0, 7.75 ], "autoUv": false },
								"south": { "texture": "#hut", "uv": [ 0.0, 0.0, 8.0, 7.75 ], "autoUv": false },
								"west": { "texture": "#hut", "uv": [ 0.0, 0.0, 8.0, 7.75 ], "autoUv": false },
								"up": { "texture": "#hut", "uv": [ 0.0, 0.0, 8.0, 8.0 ], "autoUv": false },
								"down": { "texture": "#hut", "uv": [ 0.0, 0.0, 8.0, 8.0 ], "autoUv": false }
							},
							"children": [
								{
									"name": "Cube14",
									"from": [ 0.18, 0.36, 0.18 ], 
									"to": [ 0.9, 0.72, 0.9 ], 
									"rotationOrigin": [ 0.18, 0.36, 0.18 ],
									"faces": {
										"north": { "texture": "#hut", "uv": [ 0.0, 0.0, 7.72, 7.75 ], "autoUv": false },
										"east": { "texture": "#hut", "uv": [ 0.0, 0.0, 8.0, 7.75 ], "autoUv": false },
										"south": { "texture": "#hut", "uv": [ 0.0, 0.0, 8.0, 7.75 ], "autoUv": false },
										"west": { "texture": "#hut", "uv": [ 0.0, 0.0, 8.0, 7.75 ], "autoUv": false },
										"up": { "texture": "#hut", "uv": [ 0.0, 0.0, 8.0, 8.0 ], "autoUv": false },
										"down": { "texture": "#hut", "uv": [ 0.0, 0.0, 8.0, 7.5 ], "autoUv": false }
									}
								}
							]
						},
						{
							"name": "Cube15",
							"from": [ 0.18, -0.36, 0.18 ], 
							"to": [ 1.26, 0.0, 1.26 ], 
							"rotationOrigin": [ 0.18, -0.36, 0.18 ],
							"faces": {
								"north": { "texture": "#hut", "uv": [ 0.0, 0.0, 7.58, 7.75 ], "autoUv": false },
								"east": { "texture": "#hut", "uv": [ 0.0, 0.5, 8.0, 8.25 ], "autoUv": false },
								"south": { "texture": "#hut", "uv": [ 0.0, 0.0, 8.0, 7.75 ], "autoUv": false },
								"west": { "texture": "#hut", "uv": [ 0.0, 0.0, 8.0, 7.75 ], "autoUv": false },
								"up": { "texture": "#hut", "uv": [ 0.0, 0.0, 8.0, 8.0 ], "autoUv": false },
								"down": { "texture": "#hut", "uv": [ 0.0, 0.0, 8.0, 7.5 ], "autoUv": false }
							}
						}
					]
				}
			]
		},
		{
			"name": "Cube16",
			"from": [ 10.5, 0.0, 10.9 ], 
			"to": [ 11.22, 0.72, 11.62 ], 
			"rotationOrigin": [ 10.5, 0.0, 10.9 ],
			"faces": {
				"north": { "texture": "#stipe", "uv": [ 0.0, 0.0, 0.5, 0.5 ] },
				"east": { "texture": "#stipe", "uv": [ 0.0, 0.0, 0.5, 0.5 ] },
				"south": { "texture": "#stipe", "uv": [ 0.0, 0.0, 0.5, 0.5 ] },
				"west": { "texture": "#stipe", "uv": [ 0.0, 0.0, 0.5, 0.5 ] },
				"up": { "texture": "#stipe", "uv": [ 0.0, 0.0, 0.5, 0.5 ] },
				"down": { "texture": "#stipe", "uv": [ 0.0, 0.0, 0.5, 0.5 ] }
			},
			"children": [
				{
					"name": "Cube17",
					"from": [ -0.36, 1.08, -0.36 ], 
					"to": [ 1.08, 2.16, 1.08 ], 
					"rotationOrigin": [ -0.36, 1.08, -0.36 ],
					"faces": {
						"north": { "texture": "#hut", "uv": [ 0.0, 0.0, 7.44, 7.5 ], "autoUv": false },
						"east": { "texture": "#hut", "uv": [ 0.0, 0.0, 7.75, 7.5 ], "autoUv": false },
						"south": { "texture": "#hut", "uv": [ 0.0, 0.0, 7.25, 7.0 ], "autoUv": false },
						"west": { "texture": "#hut", "uv": [ 0.0, 0.0, 7.75, 7.0 ], "autoUv": false },
						"up": { "texture": "#hut", "uv": [ 0.0, 0.0, 7.75, 7.25 ], "autoUv": false },
						"down": { "texture": "#hut", "uv": [ 0.0, 0.0, 7.75, 7.25 ], "autoUv": false }
					},
					"children": [
						{
							"name": "Cube18",
							"from": [ 0.18, 1.08, 0.18 ], 
							"to": [ 1.26, 1.44, 1.26 ], 
							"rotationOrigin": [ 0.18, 1.08, 0.18 ],
							"faces": {
								"north": { "texture": "#hut", "uv": [ 0.0, 0.0, 8.0, 7.75 ], "autoUv": false },
								"east": { "texture": "#hut", "uv": [ 0.0, 0.0, 8.0, 7.75 ], "autoUv": false },
								"south": { "texture": "#hut", "uv": [ 0.0, 0.0, 8.0, 7.75 ], "autoUv": false },
								"west": { "texture": "#hut", "uv": [ 0.0, 0.0, 8.0, 7.75 ], "autoUv": false },
								"up": { "texture": "#hut", "uv": [ 0.0, 0.0, 8.0, 8.0 ], "autoUv": false },
								"down": { "texture": "#hut", "uv": [ 0.0, 0.0, 8.0, 8.0 ], "autoUv": false }
							},
							"children": [
								{
									"name": "Cube19",
									"from": [ 0.18, 0.36, 0.18 ], 
									"to": [ 0.9, 0.72, 0.9 ], 
									"rotationOrigin": [ 0.18, 0.36, 0.18 ],
									"faces": {
										"north": { "texture": "#hut", "uv": [ 0.0, 0.0, 7.72, 7.75 ], "autoUv": false },
										"east": { "texture": "#hut", "uv": [ 0.0, 0.0, 8.0, 7.75 ], "autoUv": false },
										"south": { "texture": "#hut", "uv": [ 0.0, 0.0, 8.0, 7.75 ], "autoUv": false },
										"west": { "texture": "#hut", "uv": [ 0.0, 0.0, 8.0, 7.75 ], "autoUv": false },
										"up": { "texture": "#hut", "uv": [ 0.0, 0.0, 8.0, 8.0 ], "autoUv": false },
										"down": { "texture": "#hut", "uv": [ 0.0, 0.0, 8.0, 7.5 ], "autoUv": false }
									}
								}
							]
						},
						{
							"name": "Cube20",
							"from": [ 0.18, -0.36, 0.18 ], 
							"to": [ 1.26, 0.0, 1.26 ], 
							"rotationOrigin": [ 0.18, -0.36, 0.18 ],
							"faces": {
								"north": { "texture": "#hut", "uv": [ 0.0, 0.0, 7.58, 7.75 ], "autoUv": false },
								"east": { "texture": "#hut", "uv": [ 0.0, 0.5, 8.0, 8.25 ], "autoUv": false },
								"south": { "texture": "#hut", "uv": [ 0.0, 0.0, 8.0, 7.75 ], "autoUv": false },
								"west": { "texture": "#hut", "uv": [ 0.0, 0.0, 8.0, 7.75 ], "autoUv": false },
								"up": { "texture": "#hut", "uv": [ 0.0, 0.0, 8.0, 8.0 ], "autoUv": false },
								"down": { "texture": "#hut", "uv": [ 0.0, 0.0, 8.0, 7.5 ], "autoUv": false }
							}
						}
					]
				}
			]
		},
		{
			"name": "Cube21",
			"from": [ 4.5, 0.0, 1.9 ], 
			"to": [ 5.22, 0.72, 2.62 ], 
			"rotationOrigin": [ 4.5, 0.0, 1.9 ],
			"faces": {
				"north": { "texture": "#stipe", "uv": [ 0.0, 0.0, 0.5, 0.5 ] },
				"east": { "texture": "#stipe", "uv": [ 0.0, 0.0, 0.5, 0.5 ] },
				"south": { "texture": "#stipe", "uv": [ 0.0, 0.0, 0.5, 0.5 ] },
				"west": { "texture": "#stipe", "uv": [ 0.0, 0.0, 0.5, 0.5 ] },
				"up": { "texture": "#stipe", "uv": [ 0.0, 0.0, 0.5, 0.5 ] },
				"down": { "texture": "#stipe", "uv": [ 0.0, 0.0, 0.5, 0.5 ] }
			},
			"children": [
				{
					"name": "Cube22",
					"from": [ -0.36, 1.08, -0.36 ], 
					"to": [ 1.08, 2.16, 1.08 ], 
					"rotationOrigin": [ -0.36, 1.08, -0.36 ],
					"faces": {
						"north": { "texture": "#hut", "uv": [ 0.0, 0.0, 7.44, 7.5 ], "autoUv": false },
						"east": { "texture": "#hut", "uv": [ 0.0, 0.0, 7.75, 7.5 ], "autoUv": false },
						"south": { "texture": "#hut", "uv": [ 0.0, 0.0, 7.25, 7.0 ], "autoUv": false },
						"west": { "texture": "#hut", "uv": [ 0.0, 0.0, 7.75, 7.0 ], "autoUv": false },
						"up": { "texture": "#hut", "uv": [ 0.0, 0.0, 7.75, 7.25 ], "autoUv": false },
						"down": { "texture": "#hut", "uv": [ 0.0, 0.0, 7.75, 7.25 ], "autoUv": false }
					},
					"children": [
						{
							"name": "Cube23",
							"from": [ 0.18, 1.08, 0.18 ], 
							"to": [ 1.26, 1.44, 1.26 ], 
							"rotationOrigin": [ 0.18, 1.08, 0.18 ],
							"faces": {
								"north": { "texture": "#hut", "uv": [ 0.0, 0.0, 8.0, 7.75 ], "autoUv": false },
								"east": { "texture": "#hut", "uv": [ 0.0, 0.0, 8.0, 7.75 ], "autoUv": false },
								"south": { "texture": "#hut", "uv": [ 0.0, 0.0, 8.0, 7.75 ], "autoUv": false },
								"west": { "texture": "#hut", "uv": [ 0.0, 0.0, 8.0, 7.75 ], "autoUv": false },
								"up": { "texture": "#hut", "uv": [ 0.0, 0.0, 8.0, 8.0 ], "autoUv": false },
								"down": { "texture": "#hut", "uv": [ 0.0, 0.0, 8.0, 8.0 ], "autoUv": false }
							},
							"children": [
								{
									"name": "Cube24",
									"from": [ 0.18, 0.36, 0.18 ], 
									"to": [ 0.9, 0.72, 0.9 ], 
									"rotationOrigin": [ 0.18, 0.36, 0.18 ],
									"faces": {
										"north": { "texture": "#hut", "uv": [ 0.0, 0.0, 7.72, 7.75 ], "autoUv": false },
										"east": { "texture": "#hut", "uv": [ 0.0, 0.0, 8.0, 7.75 ], "autoUv": false },
										"south": { "texture": "#hut", "uv": [ 0.0, 0.0, 8.0, 7.75 ], "autoUv": false },
										"west": { "texture": "#hut", "uv": [ 0.0, 0.0, 8.0, 7.75 ], "autoUv": false },
										"up": { "texture": "#hut", "uv": [ 0.0, 0.0, 8.0, 8.0 ], "autoUv": false },
										"down": { "texture": "#hut", "uv": [ 0.0, 0.0, 8.0, 7.5 ], "autoUv": false }
									}
								}
							]
						},
						{
							"name": "Cube25",
							"from": [ 0.18, -0.36, 0.18 ], 
							"to": [ 1.26, 0.0, 1.26 ], 
							"rotationOrigin": [ 0.18, -0.36, 0.18 ],
							"faces": {
								"north": { "texture": "#hut", "uv": [ 0.0, 0.0, 7.58, 7.75 ], "autoUv": false },
								"east": { "texture": "#hut", "uv": [ 0.0, 0.5, 8.0, 8.25 ], "autoUv": false },
								"south": { "texture": "#hut", "uv": [ 0.0, 0.0, 8.0, 7.75 ], "autoUv": false },
								"west": { "texture": "#hut", "uv": [ 0.0, 0.0, 8.0, 7.75 ], "autoUv": false },
								"up": { "texture": "#hut", "uv": [ 0.0, 0.0, 8.0, 8.0 ], "autoUv": false },
								"down": { "texture": "#hut", "uv": [ 0.0, 0.0, 8.0, 7.5 ], "autoUv": false }
							}
						}
					]
				}
			]
		}
	]}