{
	code: "souldrinker",
	class: "Souldrinker",
	habitat: "Air",
	canClimb: true,
	hitboxSize: { x: 1, y: 1, z: 1 },
	eyeHeight: 1,
	attributes: {
		glitchAffected: false,
		spawnCloserDuringLowStability: true,
		onDeathStabilityRecovery: -0.1,
	},
	drops: [],
	client: {
		renderer: "Shape",
		shape: { base: "omniummod:entity/land/temporalstorm/souldrinker" },
		texture: { base: "omniummod:entity/temporalstorm/souldrinker/souldrinker" },
		behaviors: [

			{ code: "controlledphysics", stepHeight: 1.1251 },
	                { "code": "passivephysics", "gravityFactor": 0, "waterDragFallFactor": 0, "groundDragFactor": 0},
			{ code: "floatupwhenstuck", onlyWhenDead: true },
			{ code: "interpolateposition" },
			{ code: "harvestable", duration: 2}
		],
		animations: [
			{
				code: "hurt",
				animation: "hurt", 
				animationSpeed: 2,
				weight: 10,
				blendMode: "AddAverage" 
			},
			{
				code: "die",
				animation: "die", 
				animationSpeed: 0.7,
				weight: 10,
				blendMode: "Average",
				triggeredBy: { onControls: ["dead"] }
			},
			{ 
				code: "idle", 
				animation: "idle",
				blendMode: "Average", 
				triggeredBy: { defaultAnim: true },
			}
		]
	},
	server: {
		behaviors: [

			{ code: "controlledphysics", stepHeight: 1.1251 },
			{ code: "health", 
				currenthealth: 10,
				maxhealth: 10
			},
			{ code: "deaddecay", hoursToDecay: 3 },
			{ code: "harvestable", duration: 2, 
				drops: [
					{
						type: "item",
						code: "omniummod:temporalheart-raw",
						quantity: { avg: 0.05, var: 0 }
					}
				],	
			},
			{ code: "floatupwhenstuck", onlyWhenDead: true },
			{ code: "despawn", minPlayerDistance: 24, minSeconds: 30 },
			{ code: "despawn", minPlayerDistance: 48, minSeconds: 5 },
			{
				code: "taskai",
				aitasks: [
					{
						code: "meleeattack",
						entityCodes: ["player"],
						priority: 2,
						damage: 2.5,
						damageTier: 0,
						mincooldown: 500, 
						maxcooldown: 1750, 
						damagePlayerAtMs: 400,
						attackDurationMs: 1000,
						animation: "rotate",
						animationSpeed: 1.5
					},
					{
						code: "seekentity",
						entityCodes: ["player"],
						priority: 1.5,
						mincooldown: 400, 
						maxcooldown: 800, 
						movespeed: 0.018,
						seekingRange: 30,
						animationSpeed: 1.3,
						animation: "rotate",
					},
					{
						code: "idle",
						priority: 1.4,
						mincooldown: 0,
						maxcooldown: 0, 
						animation: "rotate",
					},
					{ 
						code: "lookaround",
						priority: 1.4,
						animation: "rotate",
						maxduration: 10000,
						minduration: 5000,
						cancelOnHurt: true,
					}
				]
			},
			],

		spawnconditions: {
			runtime: {
				group: "hostile",
				chance: 0.008,
				"__comment": "horrible creatures, that drink your soul out",
				groupSize: { dist: "uniform", avg: 1.5, var: 0.5 },
				insideBlockCodes: ["game:air", "game:tallgrass-*"],
				companions: ["souldrinker"],
				maxLightLevel: 5,
				minLightLevel: 0,
				requiresolidground: true
			}
		
	},
}