{
	code: "omniummodnugget",
	maxstacksize: 128,
	dimensions: { width: 0.0625, height: 0.0625, length: 0.0625 },
	attributes: {
		handbook: {
			groupBy: ["ore-{ore}-*"],
		},
		displaycaseable: true,
		shelvable: true
	},
	variantgroups: [
		{ code: "ore", states: ["temporalalloy"] },
	],
	storageFlags: 5,
	shape: { base: "game:item/nugget" },
	textures: {
		"ore": { base: "omniummod:block/metal/ingot/{ore}" }
	},
	creativeinventory: { "general": ["*"], "items": ["*"], "DieMod": ["*"] },
	combustiblePropsByType: {
		"*-temporalalloy": {
			meltingPoint: 100,
			meltingDuration: 10,
			smeltedRatio: 20,
			smeltedStack: { type: "item", code: "game:ingot-temporalalloy" }
		},
	},
	guiTransform: {
		translation: { x: 0, y: 0, z: 0 },
		rotation: { x: 176, y: 132, z: -21 },
		origin: { x: 0.5, y: 0.07, z: 0.5 },
		scale: 5.61
	},
	fpHandTransform: {
		translation: { x: 0, y: 0.2, z: 0 },
		rotation: { x: 0, y: 24, z: 20 },
		origin: { x: 0.5, y: 0.1, z: 0.5 },
		scale: 2.68
	},
	groundTransform: {
		translation: { x: 0, y: 0, z: 0 },
		rotation: { x: 0, y: 0, z: 0 },
		origin: { x: 0.5, y: 0, z: 0.5 },
		scale: 3.4
	},
	tpHandTransform: {
		translation: { x: -0.8, y: -0.1, z: -0.7 },
		rotation: { x: 5, y: 82, z: 16 },
		origin: { x: 0.5, y: 0.1, z: 0.5 },
		scale: 0.7
	}
}