﻿{
	"code": "dungeondoor_ph",
	"class": "Dungeondoor_PH",
	drops: [],
	"variantgroups": [
		{
			"code": "state",
			"states": [ "close", "open" ]
		},
		{ "loadFromProperties": "game:abstract/horizontalorientation" }
	],
	"shapebytype": {
		"*": {
			"base": "block/dungeondoor_ph",
		},
	},
	"blockmaterial": "stone",
	"renderer": "Shape",
	"drawtype": "json",
	"faceCullMode": "NeverCull",
	"sidesolid": {
		"all": false
	},
	"sideopaque": {
		"all": false
	},
	"collisionBoxByType": {
		"*-close-*": {
			"x1": 0,
			"y1": 0,
			"z1": 0,
			"x2": 1,
			"y2": 1,
			"z2": 1,
		},
		"*-open-*": null			
	},
	"selectionBoxByType": {
		"*-south": {
			"x1": 0,
			"y1": 0,
			"z1": 0.0,
			"x2": 1,
			"y2": 1,
			"z2": 1,
			"rotateY": 180
		},
		"*-north": {
			"x1": 0,
			"y1": 0,
			"z1": 0.0,
			"x2": 1,
			"y2": 1,
			"z2": 1,
			"rotateY": 0
		},
		"*-west": {
			"x1": 0,
			"y1": 0,
			"z1": 0.0,
			"x2": 1,
			"y2": 1,
			"z2": 1,
			"rotateY": 90
		},
		"*-east": {
			"x1": 0,
			"y1": 0,
			"z1": 0.0,
			"x2": 1,
			"y2": 1,
			"z2": 1,
			"rotateY": 270
		}
	},
	"resistance": 5,
	requiredMiningTier: 7,
	"lightAbsorption": 50,
	"sounds": {
		"place": "game:block/stone",
		"walk": "game:walk/stone"
	},
	"sideao": { "all": false },
	"guiTransform": {
		"translation": {
			"x": -14,
			"y": 10,
			"z": 0
		},
		"origin": {
			"x": 0,
			"y": 0,
			"z": 2
		},
		"scale": 0.2
	},
	"groundTransform": {
		"scale": 0.4
	}
}