﻿{
	"code": "dungeondoor",
	"class": "Dungeondoor",
	"creativeinventory": { "general": [ "*-close-north" ], "DieMod":[ "*-close-north" ] },
	"variantgroups": [
		{
			"code": "state",
			"states": [ "close", "open" ]
		},
		{ "loadFromProperties": "game:abstract/horizontalorientation" }
	],
	"drops": [ { "code": "dungeondoor-close-north" } ],
	"shapebytype": {
		"*-north": {
			"base": "block/dungeondoor_{state}",
			"rotateY": 0
		},
		"*-east": {
			"base": "block/dungeondoor_{state}",
			"rotateY": 270
		},
		"*-south": {
			"base": "block/dungeondoor_{state}",
			"rotateY": 180
		},
		"*-west": {
			"base": "block/dungeondoor_{state}",
			"rotateY": 90
		}
	},
	"blockmaterial": "stone",
	"collisionBoxByType": {
		"*-close-south": {
			"x1": 0,
			"y1": 0,
			"z1": 0.0,
			"x2": 3,
			"y2": 2,
			"z2": 1,
			"rotateY": 180
		},
		"*-close-north": {
			"x1": 0.1,
			"y1": 0.1,
			"z1": 0,
			"x2": 2,
			"y2": 2,
			"z2": 1,
			"rotateY": 0
		},
		"*-close-west": {
			"x1": 0,
			"y1": 0,
			"z1": 0.0,
			"x2": 3,
			"y2": 2,
			"z2": 1,
			"rotateY": 90
		},
		"*-close-east": {
			"x1": 0,
			"y1": 0,
			"z1": 0.0,
			"x2": 3,
			"y2": 2,
			"z2": 1,
			"rotateY": 270
		},
		"*-open-*": null
	},
	"selectionBoxByType": {
		"*-south": {
			"x1": 0,
			"y1": 0,
			"z1": 0.0,
			"x2": 3,
			"y2": 2,
			"z2": 1,
			"rotateY": 180
		},
		"*-north": {
			"x1": 0,
			"y1": 0,
			"z1": 0.0,
			"x2": 3,
			"y2": 2,
			"z2": 1,
			"rotateY": 0
		},
		"*-west": {
			"x1": 0,
			"y1": 0,
			"z1": 0.0,
			"x2": 3,
			"y2": 2,
			"z2": 1,
			"rotateY": 90
		},
		"*-east": {
			"x1": 0,
			"y1": 0,
			"z1": 0.0,
			"x2": 3,
			"y2": 2,
			"z2": 1,
			"rotateY": 270
		}
	},
	"resistance": 5,
	requiredMiningTier: 7,
	"lightAbsorption": 50,
	"faceCullMode": "NeverCull",
	"renderer": "Shape",
	"drawtype": "json",
	"sidesolid": {
		"all": false
	},
	"sideopaque": {
		"all": false
	},
	"sounds": {
		"place": "game:block/stone",
		"walk": "game:walk/stone"
	},
	"sideao": { "all": false },
	tpHandTransform: {
		translation: { x: 1.5, y: -0.3, z: 1.2 },
		rotation: { x: -162, y: -161, z: 166 },
		origin: { x: 0, y: 0, z: 0 },
		scale: 0.37
	},
	fpHandTransform: {
		translation: { x: 0.5, y: 0.4, z: 0 },
		rotation: { x: 18, y: -125, z: 0 },
		origin: { x: 0, y: 0, z: 0 },
		scale: 1.08
	},
	guiTransform: {
		translation: { x: 5, y: 19, z: 0 },
		rotation: { x: -162, y: 50, z: -180 },
		origin: { x: 0, y: 0, z: 0 },
		scale: 0.49
	},
	groundTransform: {
		translation: { x: 0, y: 0, z: 0 },
		rotation: { x: 0, y: -14, z: 0 },
		origin: { x: 0, y: 0, z: 0 },
		scale: 3.02
	},
	heldTpIdleAnimation: "holdunderarm"
}