﻿{
	"code": "firetrap_ph",
	"class": "Firetrap_PH",
	"shapebytype": {
		"*": {
			"base": "block/dungeondoor_ph",
		},
	},
	"blockmaterial": "stone",
	"renderer": "Shape",
	"drawtype": "json",
	"faceCullMode": "NeverCull",
	"sidesolid": {
		"all": false
	},
	"sideopaque": {
		"all": false
	},
	"collisionBox": null,
	"selectionBox": {
			"x1": 0,
			"y1": 0,
			"z1": 0,
			"x2": 1,
			"y2": 0.1,
			"z2": 1,
	},
	"resistance": 1,
	"lightAbsorption": 0,
	"sideao": { "all": false },
	drops: []
}