﻿{
	"code": "firetrap",
	"class": "Firetrap",
	"creativeinventory": { "general": [ "*" ], "DieMod":[ "*" ] },
	"shapebytype": {
		"*": {
			"base": "block/firetrap",
		},
	},
	"blockmaterial": "stone",
	"renderer": "Shape",
	"drawtype": "json",
	"faceCullMode": "NeverCull",
	"resistance": 10,
	"lightAbsorption": 50,
	"sounds": {
		"*": "game:block/stone"
	},
	"sideao": { "all": false },
	guiTransform: {
		translation: { x: 0, y: 21, z: 0 },
		origin: { x: 0, y: 0, z: 0 },
		scale: 0.97
	},
	fpHandTransform: {
		translation: { x: 0, y: 0, z: 0.5 },
		origin: { x: 0, y: 0, z: 0 }
	},
	groundTransform: {
		translation: { x: 0, y: 0, z: 0 },
		rotation: { x: 0, y: -45, z: 0 },
		origin: { x: 0, y: 0, z: 0 },
		scale: 1.7
	},
	tpHandTransform: {
		translation: { x: 0, y: 0, z: 1.7 },
		rotation: { x: 1, y: -69, z: -22 },
		origin: { x: 0, y: 0, z: 0 }
	},
	heldTpIdleAnimation: "holdbothhandslarge", heldTpUseAnimation: "twohandplaceblock",
}