﻿{
	"code": "soulgolem",
	"class": "Soulgolem",
	"creativeinventory": { "general": [ "*-buttom-north" ], "DieMod":[ "*-buttom-north" ] },
	"variantgroups": [
		{
			"code": "state",
			"states": [ "buttom", "middle", "top" ]
		},
		{ "loadFromProperties": "game:abstract/horizontalorientation" }
	],
	"drops": [],
	"shapeByType": {
		"*-buttom-north": {
			"base": "block/soulgolem",
			"rotateY": 0
		},
		"*-buttom-east": {
			"base": "block/soulgolem",
			"rotateY": 270
		},
		"*-buttom-south": {
			"base": "block/soulgolem",
			"rotateY": 180
		},
		"*-buttom-west": {
			"base": "block/soulgolem",
			"rotateY": 90
		},
		"*-top-*": {
			"base": "block/dungeondoor_ph",
		},
		"*-middle-*": {
			"base": "block/dungeondoor_ph",
		}
	},
	"blockmaterial": "stone",
	"collisionBoxByType": {
		"*": {
			"x1": 0,
			"y1": 0,
			"z1": 0,
			"x2": 1,
			"y2": 1,
			"z2": 1,
		}
	},
	"selectionBoxByType": {
		"*": {
			"x1": 0,
			"y1": 0,
			"z1": 0,
			"x2": 1,
			"y2": 1,
			"z2": 1,
		}
	},
	"resistance": 1,
	"lightAbsorption": 0,
	"faceCullMode": "NeverCull",
	"renderer": "Shape",
	"drawtype": "json",
	"sidesolid": {
		"all": false
	},
	"sideopaque": {
		"all": false
	},
	"sounds": {
		"place": "game:block/stone",
		"walk": "game:walk/stone"
	},
	"sideao": { "all": false },
	guiTransform: {
		translation: { x: -7, y: 2, z: 0 },
		rotation: { x: 7, y: 0, z: -42 },
		origin: { x: 0.5, y: 1, z: 0 },
		scale: 0.76
	}
}