﻿{
	"code": "spikes",
	"class": "Spikes",
	"creativeinventory": { "general": [ "*" ], "DieMod":[ "*" ] },
	"shapebytype": {
		"*": {
			"base": "block/spikes",
		},
	},
	"blockmaterial": "wood",
	"renderer": "Shape",
	"drawtype": "json",
	"faceCullMode": "NeverCull",
	"resistance": 4,
	"lightAbsorption": 0,
	"collisionBox": {
			"x1": 0.1,
			"y1": 0.1,
			"z1": 0.1,
			"x2": 0.9,
			"y2": 0.9,
			"z2": 0.9,
	},
	"selectionBox": {
			"x1": 0.1,
			"y1": 0.1,
			"z1": 0.1,
			"x2": 0.9,
			"y2": 0.9,
			"z2": 0.9,
	},
	"sounds": {
		"hit": "game:block/planks",
		"break": "game:block/planks",
		"place": "game:block/planks"
	},
	"sidesolid": {
		"all": false
	},
	"sideopaque": {
		"all": false
	},
	"sideao": { "all": false },
	heldTpIdleAnimation: "holdbothhandslarge", heldTpUseAnimation: "twohandplaceblock",
}