{
	"editor": {
		"allAngles": false,
		"entityTextureMode": false
	},
	"textureWidth": 16,
	"textureHeight": 16,
	"textureSizes": {
	},
	"textures": {
		"blobfischmund": "entity/blobfisch/blobfischmund"
	},
	"elements": [
		{
			"name": "Cube1",
			"from": [ 0.0, 0.0, 5.0 ], 
			"to": [ 5.0, 4.0, 11.0 ], 
			"rotationOrigin": [ 0.0, 0.0, 5.0 ],
			"faces": {
				"north": { "texture": "#blobfischmund", "uv": [ 0.0, 0.5, 6.0, 12.5 ], "autoUv": false },
				"east": { "texture": "#blobfischmund", "uv": [ 0.0, 0.0, 6.0, 4.0 ] },
				"south": { "texture": "#blobfischmund", "uv": [ 8.5, 2.0, 14.5, 13.0 ], "autoUv": false },
				"west": { "texture": "#blobfischmund", "uv": [ 3.5, 3.0, 9.5, 13.0 ], "autoUv": false },
				"up": { "texture": "#blobfischmund", "uv": [ 0.0, 0.0, 5.0, 6.0 ] },
				"down": { "texture": "#blobfischmund", "uv": [ 0.0, 0.0, 5.0, 6.0 ] }
			},
			"children": [
				{
					"name": "Cube2",
					"from": [ 5.0, 0.0, 0.5 ], 
					"to": [ 9.0, 3.5, 5.5 ], 
					"rotationOrigin": [ 5.0, 0.0, 0.5 ],
					"faces": {
						"north": { "texture": "#blobfischmund", "uv": [ 0.0, 0.0, 4.0, 3.5 ] },
						"east": { "texture": "#blobfischmund", "uv": [ 0.0, 0.0, 5.0, 3.5 ] },
						"south": { "texture": "#blobfischmund", "uv": [ 0.0, 0.0, 4.0, 3.5 ] },
						"west": { "texture": "#blobfischmund", "uv": [ 0.0, 0.0, 5.0, 3.5 ] },
						"up": { "texture": "#blobfischmund", "uv": [ 0.0, 0.0, 4.0, 5.0 ] },
						"down": { "texture": "#blobfischmund", "uv": [ 0.0, 0.0, 4.0, 5.0 ] }
					},
					"children": [
						{
							"name": "Cube3",
							"from": [ 4.0, 0.25, 0.5 ], 
							"to": [ 6.0, 3.25, 4.5 ], 
							"rotationOrigin": [ 4.0, 0.2, 0.5 ],
							"faces": {
								"north": { "texture": "#blobfischmund", "uv": [ 0.0, 0.0, 2.0, 3.0 ] },
								"east": { "texture": "#blobfischmund", "uv": [ 0.0, 0.0, 4.0, 3.0 ] },
								"south": { "texture": "#blobfischmund", "uv": [ 0.0, 0.0, 2.0, 3.0 ] },
								"west": { "texture": "#blobfischmund", "uv": [ 0.0, 0.0, 4.0, 3.0 ] },
								"up": { "texture": "#blobfischmund", "uv": [ 0.0, 0.0, 2.0, 4.0 ] },
								"down": { "texture": "#blobfischmund", "uv": [ 0.0, 0.0, 2.0, 4.0 ] }
							},
							"children": [
								{
									"name": "Cube4",
									"from": [ 2.0, 0.5, 0.5 ], 
									"to": [ 4.0, 2.5, 3.5 ], 
									"rotationOrigin": [ 2.0, 0.5, 0.5 ],
									"faces": {
										"north": { "texture": "#blobfischmund", "uv": [ 0.0, 0.0, 2.0, 2.0 ] },
										"east": { "texture": "#blobfischmund", "uv": [ 0.0, 0.0, 3.0, 2.0 ] },
										"south": { "texture": "#blobfischmund", "uv": [ 0.0, 0.0, 2.0, 2.0 ] },
										"west": { "texture": "#blobfischmund", "uv": [ 0.0, 0.0, 3.0, 2.0 ] },
										"up": { "texture": "#blobfischmund", "uv": [ 0.0, 0.0, 2.0, 3.0 ] },
										"down": { "texture": "#blobfischmund", "uv": [ 0.0, 0.0, 2.0, 3.0 ] }
									},
									"children": [
										{
											"name": "Cube8",
											"from": [ 0.0, 2.0, 1.225 ], 
											"to": [ 2.0, 3.0, 1.475 ], 
											"rotationOrigin": [ 0.0, 2.05, 1.225 ],
											"faces": {
												"north": { "texture": "#blobfischmund", "uv": [ 0.0, 0.0, 2.0, 1.0 ] },
												"east": { "texture": "#blobfischmund", "uv": [ 0.0, 0.0, 0.5, 1.0 ] },
												"south": { "texture": "#blobfischmund", "uv": [ 0.0, 0.0, 2.0, 1.0 ] },
												"west": { "texture": "#blobfischmund", "uv": [ 0.0, 0.0, 0.5, 1.0 ] },
												"up": { "texture": "#blobfischmund", "uv": [ 0.0, 0.0, 2.0, 0.5 ] },
												"down": { "texture": "#blobfischmund", "uv": [ 0.0, 0.0, 2.0, 0.5 ] }
											}
										},
										{
											"name": "Cube9",
											"from": [ 2.0, 0.0, 0.5 ], 
											"to": [ 4.0, 2.0, 2.5 ], 
											"rotationOrigin": [ 2.0, 0.0, 0.5 ],
											"faces": {
												"north": { "texture": "#blobfischmund", "uv": [ 0.0, 0.0, 2.0, 2.0 ] },
												"east": { "texture": "#blobfischmund", "uv": [ 0.0, 0.0, 2.0, 2.0 ] },
												"south": { "texture": "#blobfischmund", "uv": [ 0.0, 0.0, 2.0, 2.0 ] },
												"west": { "texture": "#blobfischmund", "uv": [ 0.0, 0.0, 2.0, 2.0 ] },
												"up": { "texture": "#blobfischmund", "uv": [ 0.0, 0.0, 2.0, 2.0 ] },
												"down": { "texture": "#blobfischmund", "uv": [ 0.0, 0.0, 2.0, 2.0 ] }
											},
											"children": [
												{
													"name": "Cube10",
													"from": [ 0.0, 2.0, 0.725 ], 
													"to": [ 2.0, 3.0, 0.975 ], 
													"rotationOrigin": [ 0.0, 2.05, 0.725 ],
													"faces": {
														"north": { "texture": "#blobfischmund", "uv": [ 0.0, 0.0, 2.0, 1.0 ] },
														"east": { "texture": "#blobfischmund", "uv": [ 0.0, 0.0, 0.5, 1.0 ] },
														"south": { "texture": "#blobfischmund", "uv": [ 0.0, 0.0, 2.0, 1.0 ] },
														"west": { "texture": "#blobfischmund", "uv": [ 0.0, 0.0, 0.5, 1.0 ] },
														"up": { "texture": "#blobfischmund", "uv": [ 0.0, 0.0, 2.0, 0.5 ] },
														"down": { "texture": "#blobfischmund", "uv": [ 0.0, 0.0, 2.0, 0.5 ] }
													}
												},
												{
													"name": "Cube11",
													"from": [ 2.0, -0.3, 0.725 ], 
													"to": [ 4.0, 3.2, 0.975 ], 
													"rotationOrigin": [ 2.0, 1.75, 0.725 ],
													"faces": {
														"north": { "texture": "#blobfischmund", "uv": [ 0.0, 0.0, 2.0, 3.5 ] },
														"east": { "texture": "#blobfischmund", "uv": [ 0.0, 0.0, 0.5, 3.5 ] },
														"south": { "texture": "#blobfischmund", "uv": [ 0.0, 0.0, 2.0, 3.5 ] },
														"west": { "texture": "#blobfischmund", "uv": [ 0.0, 0.0, 0.5, 3.5 ] },
														"up": { "texture": "#blobfischmund", "uv": [ 0.0, 0.0, 2.0, 0.5 ] },
														"down": { "texture": "#blobfischmund", "uv": [ 0.0, 0.0, 2.0, 0.5 ] }
													}
												}
											]
										}
									]
								},
								{
									"name": "Cube7",
									"from": [ 0.0, 3.0, 1.725 ], 
									"to": [ 2.0, 4.0, 1.975 ], 
									"rotationOrigin": [ 0.0, 3.05, 1.725 ],
									"faces": {
										"north": { "texture": "#blobfischmund", "uv": [ 0.0, 0.0, 2.0, 1.0 ] },
										"east": { "texture": "#blobfischmund", "uv": [ 0.0, 0.0, 0.5, 1.0 ] },
										"south": { "texture": "#blobfischmund", "uv": [ 0.0, 0.0, 2.0, 1.0 ] },
										"west": { "texture": "#blobfischmund", "uv": [ 0.0, 0.0, 0.5, 1.0 ] },
										"up": { "texture": "#blobfischmund", "uv": [ 0.0, 0.0, 2.0, 0.5 ] },
										"down": { "texture": "#blobfischmund", "uv": [ 0.0, 0.0, 2.0, 0.5 ] }
									}
								}
							]
						},
						{
							"name": "Cube6",
							"from": [ 0.0, 3.5, 2.225 ], 
							"to": [ 4.0, 4.5, 2.475 ], 
							"rotationOrigin": [ 0.0, 3.5, 2.225 ],
							"faces": {
								"north": { "texture": "#blobfischmund", "uv": [ 0.0, 0.0, 4.0, 1.0 ] },
								"east": { "texture": "#blobfischmund", "uv": [ 0.0, 0.0, 0.5, 1.0 ] },
								"south": { "texture": "#blobfischmund", "uv": [ 0.0, 0.0, 4.0, 1.0 ] },
								"west": { "texture": "#blobfischmund", "uv": [ 0.0, 0.0, 0.5, 1.0 ] },
								"up": { "texture": "#blobfischmund", "uv": [ 0.0, 0.0, 4.0, 0.5 ] },
								"down": { "texture": "#blobfischmund", "uv": [ 0.0, 0.0, 4.0, 0.5 ] }
							}
						}
					]
				},
				{
					"name": "Cube5",
					"from": [ 3.0, 4.0, 2.725 ], 
					"to": [ 5.0, 5.0, 2.975 ], 
					"rotationOrigin": [ 3.0, 4.0, 2.725 ],
					"faces": {
						"north": { "texture": "#blobfischmund", "uv": [ 0.0, 0.0, 2.0, 1.0 ] },
						"east": { "texture": "#blobfischmund", "uv": [ 0.0, 0.0, 0.5, 1.0 ] },
						"south": { "texture": "#blobfischmund", "uv": [ 0.0, 0.0, 2.0, 1.0 ] },
						"west": { "texture": "#blobfischmund", "uv": [ 0.0, 0.0, 0.5, 1.0 ] },
						"up": { "texture": "#blobfischmund", "uv": [ 0.0, 0.0, 2.0, 0.5 ] },
						"down": { "texture": "#blobfischmund", "uv": [ 0.0, 0.0, 2.0, 0.5 ] }
					}
				},
				{
					"name": "Cube12",
					"from": [ 5.0, 0.0, 6.0 ], 
					"to": [ 8.0, 3.0, 6.2 ], 
					"rotationOrigin": [ 5.0, 0.0, 6.0 ],
					"rotationX": -22.5,
					"rotationY": -22.5,
					"faces": {
						"north": { "texture": "#blobfischmund", "uv": [ 0.0, 0.0, 3.0, 3.0 ] },
						"east": { "texture": "#blobfischmund", "uv": [ 0.0, 0.0, 0.5, 3.0 ] },
						"south": { "texture": "#blobfischmund", "uv": [ 0.0, 0.0, 3.0, 3.0 ] },
						"west": { "texture": "#blobfischmund", "uv": [ 0.0, 0.0, 0.5, 3.0 ] },
						"up": { "texture": "#blobfischmund", "uv": [ 0.0, 0.0, 3.0, 0.5 ] },
						"down": { "texture": "#blobfischmund", "uv": [ 0.0, 0.0, 3.0, 0.5 ] }
					}
				},
				{
					"name": "Cube13",
					"from": [ 5.0, 0.0, -0.2 ], 
					"to": [ 8.0, 3.0, 0.0 ], 
					"rotationOrigin": [ 5.0, 0.0, -0.2 ],
					"rotationX": 22.5,
					"rotationY": 22.5,
					"faces": {
						"north": { "texture": "#blobfischmund", "uv": [ 0.0, 0.0, 3.0, 3.0 ] },
						"east": { "texture": "#blobfischmund", "uv": [ 0.0, 0.0, 0.5, 3.0 ] },
						"south": { "texture": "#blobfischmund", "uv": [ 0.0, 0.0, 3.0, 3.0 ] },
						"west": { "texture": "#blobfischmund", "uv": [ 0.0, 0.0, 0.5, 3.0 ] },
						"up": { "texture": "#blobfischmund", "uv": [ 0.0, 0.0, 3.0, 0.5 ] },
						"down": { "texture": "#blobfischmund", "uv": [ 0.0, 0.0, 3.0, 0.5 ] }
					}
				},
				{
					"name": "Cube16",
					"from": [ -0.5, 1.6, 2.5 ], 
					"to": [ 0.5, 3.1, 3.5 ], 
					"rotationOrigin": [ -0.5, 3.1, 3.0 ],
					"rotationZ": -22.5,
					"faces": {
						"north": { "texture": "#blobfischmund", "uv": [ 0.0, 0.0, 1.0, 1.5 ] },
						"east": { "texture": "#blobfischmund", "uv": [ 0.0, 0.0, 1.0, 1.5 ] },
						"south": { "texture": "#blobfischmund", "uv": [ 0.0, 0.0, 1.0, 1.5 ] },
						"west": { "texture": "#blobfischmund", "uv": [ 0.0, 0.0, 1.0, 1.5 ] },
						"up": { "texture": "#blobfischmund", "uv": [ 0.0, 0.0, 1.0, 1.0 ] },
						"down": { "texture": "#blobfischmund", "uv": [ 0.0, 0.0, 1.0, 1.0 ] }
					}
				}
			]
		}
	]}