{
	"editor": {
		"allAngles": false,
		"entityTextureMode": false
	},
	"textureWidth": 16,
	"textureHeight": 16,
	"textureSizes": {
	},
	"textures": {
		"dungeonkey_many": "item/dungeonkey_many"
	},
	"elements": [
		{
			"name": "Cube5",
			"from": [ 6.0, 3.5, 7.5 ], 
			"to": [ 16.0, 4.5, 8.5 ], 
			"rotationOrigin": [ 6.0, 3.5, 7.5 ],
			"faces": {
				"north": { "texture": "#dungeonkey_many", "uv": [ 13.5, 2.0, 0.5, 1.0 ], "autoUv": false },
				"east": { "texture": "#dungeonkey_many", "uv": [ 13.5, 2.5, 14.5, 3.5 ] },
				"south": { "texture": "#dungeonkey_many", "uv": [ 4.0, 0.0, 14.0, 1.0 ] },
				"west": { "texture": "#dungeonkey_many", "uv": [ 0.0, 0.0, 1.0, 1.0 ] },
				"up": { "texture": "#dungeonkey_many", "uv": [ 4.0, 1.0, 14.0, 2.0 ] },
				"down": { "texture": "#dungeonkey_many", "uv": [ 3.0, 1.5, 13.0, 2.5 ] }
			},
			"children": [
				{
					"name": "Cube1",
					"from": [ -6.0, 0.5, 0.0 ], 
					"to": [ -1.0, 5.5, 1.0 ], 
					"rotationOrigin": [ -6.0, 0.5, 0.0 ],
					"rotationZ": -44.99999632180179,
					"faces": {
						"north": { "texture": "#dungeonkey_many", "uv": [ 0.0, 0.0, 16.0, 16.0 ], "autoUv": false },
						"east": { "texture": "#dungeonkey_many", "uv": [ 0.0, 0.0, 1.0, 5.0 ] },
						"south": { "texture": "#dungeonkey_many", "uv": [ 0.0, 0.0, 16.0, 16.0 ], "autoUv": false },
						"west": { "texture": "#dungeonkey_many", "uv": [ 0.0, 0.0, 1.0, 5.0 ] },
						"up": { "texture": "#dungeonkey_many", "uv": [ 0.0, 0.0, 5.0, 1.0 ] },
						"down": { "texture": "#dungeonkey_many", "uv": [ 0.0, 0.0, 5.0, 1.0 ] }
					},
					"children": [
						{
							"name": "Cube9",
							"from": [ 1.6, 1.7, 1.0 ], 
							"to": [ 3.3, 3.2, 1.5 ], 
							"rotationOrigin": [ 1.6, 1.7, 1.0 ],
							"faces": {
								"north": { "texture": "#dungeonkey_many", "uv": [ 7.5, 8.0, 9.0, 9.5 ] },
								"east": { "texture": "#dungeonkey_many", "uv": [ 7.5, 7.5, 8.0, 9.0 ] },
								"south": { "texture": "#dungeonkey_many", "uv": [ 5.0, 5.5, 10.5, 10.5 ], "autoUv": false },
								"west": { "texture": "#dungeonkey_many", "uv": [ 6.0, 6.5, 6.5, 8.0 ] },
								"up": { "texture": "#dungeonkey_many", "uv": [ 8.0, 8.0, 9.5, 8.5 ] },
								"down": { "texture": "#dungeonkey_many", "uv": [ 7.0, 9.0, 8.5, 9.5 ] }
							}
						},
						{
							"name": "Cube12",
							"from": [ 1.6, 1.7, -0.5 ], 
							"to": [ 3.3, 3.2, 0.0 ], 
							"rotationOrigin": [ 1.6, 1.7, -0.5 ],
							"faces": {
								"north": { "texture": "#dungeonkey_many", "uv": [ 5.0, 5.5, 10.5, 10.5 ], "autoUv": false },
								"east": { "texture": "#dungeonkey_many", "uv": [ 7.5, 7.5, 8.0, 9.0 ] },
								"south": { "texture": "#dungeonkey_many", "uv": [ 8.0, 8.0, 9.5, 9.5 ] },
								"west": { "texture": "#dungeonkey_many", "uv": [ 6.5, 8.0, 7.0, 9.5 ] },
								"up": { "texture": "#dungeonkey_many", "uv": [ 6.5, 6.0, 8.0, 6.5 ] },
								"down": { "texture": "#dungeonkey_many", "uv": [ 8.5, 8.0, 10.0, 8.5 ] }
							}
						}
					]
				},
				{
					"name": "Cube6",
					"from": [ 9.0, -2.0, 0.0 ], 
					"to": [ 10.0, 0.0, 1.0 ], 
					"rotationOrigin": [ 9.0, -2.0, 0.0 ],
					"faces": {
						"north": { "texture": "#dungeonkey_many", "uv": [ 12.5, 0.5, 13.5, 2.5 ] },
						"east": { "texture": "#dungeonkey_many", "uv": [ 13.5, 0.5, 14.5, 2.5 ] },
						"south": { "texture": "#dungeonkey_many", "uv": [ 12.0, 0.5, 13.0, 2.5 ] },
						"west": { "texture": "#dungeonkey_many", "uv": [ 11.5, 0.5, 12.5, 2.5 ] },
						"up": { "texture": "#dungeonkey_many", "uv": [ 14.0, 2.0, 15.0, 3.0 ] },
						"down": { "texture": "#dungeonkey_many", "uv": [ 12.5, 2.5, 13.5, 3.5 ] }
					}
				},
				{
					"name": "Cube7",
					"from": [ 7.0, -1.0, 0.0 ], 
					"to": [ 8.0, 0.0, 1.0 ], 
					"rotationOrigin": [ 7.0, -1.0, 0.0 ],
					"faces": {
						"north": { "texture": "#dungeonkey_many", "uv": [ 0.0, 0.0, 1.0, 1.0 ] },
						"east": { "texture": "#dungeonkey_many", "uv": [ 0.0, 0.0, 1.0, 1.0 ] },
						"south": { "texture": "#dungeonkey_many", "uv": [ 0.0, 0.0, 1.0, 1.0 ] },
						"west": { "texture": "#dungeonkey_many", "uv": [ 0.0, 0.0, 1.0, 1.0 ] },
						"up": { "texture": "#dungeonkey_many", "uv": [ 0.0, 0.0, 1.0, 1.0 ] },
						"down": { "texture": "#dungeonkey_many", "uv": [ 0.0, 0.0, 1.0, 1.0 ] }
					}
				},
				{
					"name": "Cube8",
					"from": [ 5.0, -2.0, 0.0 ], 
					"to": [ 6.0, 0.0, 1.0 ], 
					"rotationOrigin": [ 5.0, -2.0, 0.0 ],
					"faces": {
						"north": { "texture": "#dungeonkey_many", "uv": [ 0.0, 0.0, 1.0, 2.0 ] },
						"east": { "texture": "#dungeonkey_many", "uv": [ 0.0, 0.0, 1.0, 2.0 ] },
						"south": { "texture": "#dungeonkey_many", "uv": [ 0.0, 0.0, 1.0, 2.0 ] },
						"west": { "texture": "#dungeonkey_many", "uv": [ 0.0, 0.0, 1.0, 2.0 ] },
						"up": { "texture": "#dungeonkey_many", "uv": [ 0.0, 0.0, 1.0, 1.0 ] },
						"down": { "texture": "#dungeonkey_many", "uv": [ 0.0, 0.0, 1.0, 1.0 ] }
					}
				},
				{
					"name": "Cube10",
					"from": [ 7.0, 1.0, 0.0 ], 
					"to": [ 8.0, 2.0, 1.0 ], 
					"rotationOrigin": [ 7.0, 1.0, 0.0 ],
					"faces": {
						"north": { "texture": "#dungeonkey_many", "uv": [ 0.0, 0.0, 1.0, 1.0 ] },
						"east": { "texture": "#dungeonkey_many", "uv": [ 0.0, 0.0, 1.0, 1.0 ] },
						"south": { "texture": "#dungeonkey_many", "uv": [ 0.0, 0.0, 1.0, 1.0 ] },
						"west": { "texture": "#dungeonkey_many", "uv": [ 0.0, 0.0, 1.0, 1.0 ] },
						"up": { "texture": "#dungeonkey_many", "uv": [ 0.0, 0.0, 1.0, 1.0 ] },
						"down": { "texture": "#dungeonkey_many", "uv": [ 0.0, 0.0, 1.0, 1.0 ] }
					}
				},
				{
					"name": "Cube11",
					"from": [ 5.0, 1.0, 0.0 ], 
					"to": [ 6.0, 2.0, 1.0 ], 
					"rotationOrigin": [ 5.0, 1.0, 0.0 ],
					"faces": {
						"north": { "texture": "#dungeonkey_many", "uv": [ 0.0, 0.0, 1.0, 1.0 ] },
						"east": { "texture": "#dungeonkey_many", "uv": [ 0.0, 0.0, 1.0, 1.0 ] },
						"south": { "texture": "#dungeonkey_many", "uv": [ 0.0, 0.0, 1.0, 1.0 ] },
						"west": { "texture": "#dungeonkey_many", "uv": [ 0.0, 0.0, 1.0, 1.0 ] },
						"up": { "texture": "#dungeonkey_many", "uv": [ 0.0, 0.0, 1.0, 1.0 ] },
						"down": { "texture": "#dungeonkey_many", "uv": [ 0.0, 0.0, 1.0, 1.0 ] }
					}
				}
			]
		}
	]}