{
	"editor": {
		"allAngles": false,
		"entityTextureMode": false
	},
	"textureWidth": 16,
	"textureHeight": 16,
	"textureSizes": {
	},
	"textures": {
		"altar2": "block/altar2"
	},
	"elements": [
		{
			"name": "Cube18",
			"from": [ 7.0, 5.0, 7.0 ], 
			"to": [ 9.0, 6.0, 9.0 ], 
			"rotationOrigin": [ 7.0, 5.0, 7.0 ],
			"faces": {
				"north": { "texture": "#altar2", "uv": [ 0.0, 0.0, 2.0, 1.0 ], "glow": 255 },
				"east": { "texture": "#altar2", "uv": [ 0.0, 0.0, 2.0, 1.0 ], "glow": 255 },
				"south": { "texture": "#altar2", "uv": [ 0.0, 0.0, 2.0, 1.0 ], "glow": 255 },
				"west": { "texture": "#altar2", "uv": [ 0.0, 0.0, 2.0, 1.0 ], "glow": 255 },
				"up": { "texture": "#altar2", "uv": [ 0.0, 0.0, 2.0, 2.0 ], "glow": 255 },
				"down": { "texture": "#altar2", "uv": [ 0.0, 0.0, 2.0, 2.0 ], "glow": 255 }
			},
			"children": [
				{
					"name": "Cube19",
					"from": [ -1.0, 1.0, -1.0 ], 
					"to": [ 3.0, 2.0, 3.0 ], 
					"rotationOrigin": [ -1.0, 1.0, -1.0 ],
					"faces": {
						"north": { "texture": "#altar2", "uv": [ 0.0, 0.0, 4.0, 1.0 ], "glow": 255 },
						"east": { "texture": "#altar2", "uv": [ 0.0, 0.0, 4.0, 1.0 ], "glow": 255 },
						"south": { "texture": "#altar2", "uv": [ 0.0, 0.0, 4.0, 1.0 ], "glow": 255 },
						"west": { "texture": "#altar2", "uv": [ 0.0, 0.0, 4.0, 1.0 ], "glow": 255 },
						"up": { "texture": "#altar2", "uv": [ 0.0, 0.0, 4.0, 4.0 ], "glow": 255 },
						"down": { "texture": "#altar2", "uv": [ 0.0, 0.0, 4.0, 4.0 ], "glow": 255 }
					},
					"children": [
						{
							"name": "Cube20",
							"from": [ -1.0, 1.0, -1.0 ], 
							"to": [ 5.0, 2.0, 5.0 ], 
							"rotationOrigin": [ -1.0, 1.0, -1.0 ],
							"faces": {
								"north": { "texture": "#altar2", "uv": [ 0.0, 0.0, 6.0, 1.0 ], "glow": 255 },
								"east": { "texture": "#altar2", "uv": [ 0.0, 0.0, 6.0, 1.0 ], "glow": 255 },
								"south": { "texture": "#altar2", "uv": [ 0.0, 0.0, 6.0, 1.0 ], "glow": 255 },
								"west": { "texture": "#altar2", "uv": [ 0.0, 0.0, 6.0, 1.0 ], "glow": 255 },
								"up": { "texture": "#altar2", "uv": [ 0.0, 0.0, 6.0, 6.0 ], "glow": 255 },
								"down": { "texture": "#altar2", "uv": [ 0.0, 0.0, 6.0, 6.0 ], "glow": 255 }
							},
							"children": [
								{
									"name": "Cube21",
									"from": [ -1.0, 1.0, -1.0 ], 
									"to": [ 7.0, 3.0, 7.0 ], 
									"rotationOrigin": [ -1.0, 1.0, -1.0 ],
									"faces": {
										"north": { "texture": "#altar2", "uv": [ 0.0, 0.0, 8.0, 2.0 ], "glow": 255 },
										"east": { "texture": "#altar2", "uv": [ 0.0, 0.0, 8.0, 2.0 ], "glow": 255 },
										"south": { "texture": "#altar2", "uv": [ 0.0, 0.0, 8.0, 2.0 ], "glow": 255 },
										"west": { "texture": "#altar2", "uv": [ 0.0, 0.0, 8.0, 2.0 ], "glow": 255 },
										"up": { "texture": "#altar2", "uv": [ 0.0, 0.0, 8.0, 8.0 ], "glow": 255 },
										"down": { "texture": "#altar2", "uv": [ 0.0, 0.0, 8.0, 8.0 ], "glow": 255 }
									},
									"children": [
										{
											"name": "Cube22",
											"from": [ -1.0, 2.0, -1.0 ], 
											"to": [ 9.0, 6.0, 9.0 ], 
											"rotationOrigin": [ -1.0, 2.0, -1.0 ],
											"faces": {
												"north": { "texture": "#altar2", "uv": [ 0.0, 0.0, 10.0, 4.0 ], "glow": 255 },
												"east": { "texture": "#altar2", "uv": [ 0.0, 0.0, 10.0, 4.0 ], "glow": 255 },
												"south": { "texture": "#altar2", "uv": [ 0.0, 0.0, 10.0, 4.0 ], "glow": 255 },
												"west": { "texture": "#altar2", "uv": [ 0.0, 0.0, 10.0, 4.0 ], "glow": 255 },
												"up": { "texture": "#altar2", "uv": [ 0.0, 0.0, 10.0, 10.0 ], "glow": 255 },
												"down": { "texture": "#altar2", "uv": [ 0.0, 0.0, 10.0, 10.0 ], "glow": 255 }
											}
										}
									]
								}
							]
						}
					]
				}
			]
		}
	]}