{
	"editor": {
		"allAngles": false,
		"entityTextureMode": false
	},
	"textureWidth": 16,
	"textureHeight": 16,
	"textureSizes": {
	},
	"textures": {
		"hecht": "omniummod:item/hecht-raw"
	},
	"elements": [
		{
			"name": "Cube1",
			"from": [ 6.0, 1.5, 3.0 ], 
			"to": [ 12.5, 4.0, 6.0 ], 
			"rotationOrigin": [ 6.0, 1.5, 6.0 ],
			"faces": {
				"north": { "texture": "#hecht", "uv": [ 0.15, 3.2, 3.65, 5.7 ], "autoUv": false },
				"east": { "texture": "#hecht", "uv": [ 2.7, 3.2, 5.7, 5.7 ] },
				"south": { "texture": "#hecht", "uv": [ 1.8, 3.2, 5.8, 5.7 ], "autoUv": false },
				"west": { "texture": "#hecht", "uv": [ 0.0, 0.0, 3.0, 2.5 ] },
				"up": { "texture": "#hecht", "uv": [ 2.0, 0.3, 4.0, 2.8 ], "autoUv": false },
				"down": { "texture": "#hecht", "uv": [ 2.1, 7.7, 6.6, 9.2 ], "autoUv": false }
			},
			"children": [
				{
					"name": "Cube2",
					"from": [ -3.0, 0.5, -0.5 ], 
					"to": [ 6.0, 2.0, 3.5 ], 
					"rotationOrigin": [ -3.0, 0.5, 3.5 ],
					"faces": {
						"north": { "texture": "#hecht", "uv": [ 4.1, 4.1, 7.6, 5.6 ], "autoUv": false },
						"east": { "texture": "#hecht", "uv": [ 4.1, 4.2, 8.1, 5.7 ] },
						"south": { "texture": "#hecht", "uv": [ 2.3, 4.2, 5.8, 5.7 ], "autoUv": false },
						"west": { "texture": "#hecht", "uv": [ 6.55, 4.0, 10.55, 5.5 ] },
						"up": { "texture": "#hecht", "uv": [ 0.0, 0.0, 3.0, 3.0 ], "autoUv": false },
						"down": { "texture": "#hecht", "uv": [ 3.3, 7.2, 5.8, 10.2 ], "autoUv": false }
					}
				},
				{
					"name": "Cube3",
					"from": [ 6.5, 0.5, 0.5 ], 
					"to": [ 8.5, 2.0, 2.5 ], 
					"rotationOrigin": [ 6.5, 1.25, 1.5 ],
					"faces": {
						"north": { "texture": "#hecht", "uv": [ 6.45, 4.3, 8.45, 5.8 ] },
						"east": { "texture": "#hecht", "uv": [ 7.3, 4.5, 9.3, 6.0 ] },
						"south": { "texture": "#hecht", "uv": [ 6.5, 4.3, 8.5, 5.8 ] },
						"west": { "texture": "#hecht", "uv": [ 0.0, 0.0, 2.0, 1.5 ] },
						"up": { "texture": "#hecht", "uv": [ 0.0, 0.0, 1.5, 1.0 ], "autoUv": false },
						"down": { "texture": "#hecht", "uv": [ 6.7, 9.0, 8.7, 7.95 ], "autoUv": false }
					},
					"children": [
						{
							"name": "Cube4",
							"from": [ 1.5, 1.0, 0.625 ], 
							"to": [ 3.0, 3.5, 1.375 ], 
							"rotationOrigin": [ 1.5, 1.0, 1.0 ],
							"rotationX": 1.0E-6,
							"rotationZ": -22.499998,
							"faces": {
								"north": { "texture": "#hecht", "uv": [ 0.0, 0.0, 1.5, 2.5 ] },
								"east": { "texture": "#hecht", "uv": [ 0.0, 0.0, 0.75, 2.5 ] },
								"south": { "texture": "#hecht", "uv": [ 0.0, 0.0, 1.5, 2.5 ] },
								"west": { "texture": "#hecht", "uv": [ 0.0, 0.0, 0.75, 2.5 ] },
								"up": { "texture": "#hecht", "uv": [ 0.0, 0.0, 1.5, 0.75 ] },
								"down": { "texture": "#hecht", "uv": [ 0.0, 0.0, 1.5, 0.75 ] }
							}
						},
						{
							"name": "Cube5",
							"from": [ 1.5, 1.0, 0.75 ], 
							"to": [ 3.0, 3.0, 1.25 ], 
							"rotationOrigin": [ 1.5, 1.0, 1.0 ],
							"rotationX": -179.999989,
							"rotationY": -5.0E-6,
							"rotationZ": -22.499999,
							"faces": {
								"north": { "texture": "#hecht", "uv": [ 4.35, 7.1, 5.85, 9.1 ] },
								"east": { "texture": "#hecht", "uv": [ 4.9, 7.4, 5.4, 9.4 ] },
								"south": { "texture": "#hecht", "uv": [ 7.5, 9.8, 9.0, 11.8 ] },
								"west": { "texture": "#hecht", "uv": [ 2.6, 8.0, 3.1, 10.0 ] },
								"up": { "texture": "#hecht", "uv": [ 3.05, 8.6, 4.55, 9.1 ] },
								"down": { "texture": "#hecht", "uv": [ 5.25, 8.4, 6.75, 8.9 ] }
							}
						}
					]
				}
			]
		},
		{
			"name": "Cube6",
			"from": [ 2.0, 1.5, 3.0 ], 
			"to": [ 6.0, 4.0, 6.0 ], 
			"rotationOrigin": [ 2.0, 1.5, 6.0 ],
			"faces": {
				"north": { "texture": "#hecht", "uv": [ 4.1, 3.0, 8.1, 5.5 ] },
				"east": { "texture": "#hecht", "uv": [ 0.0, 0.0, 3.0, 2.5 ] },
				"south": { "texture": "#hecht", "uv": [ 5.0, 3.2, 9.0, 5.7 ] },
				"west": { "texture": "#hecht", "uv": [ 9.2, 3.0, 12.2, 5.5 ] },
				"up": { "texture": "#hecht", "uv": [ 0.0, 0.0, 1.0, 3.0 ], "autoUv": false },
				"down": { "texture": "#hecht", "uv": [ 6.1, 7.1, 10.1, 8.6 ], "autoUv": false }
			},
			"children": [
				{
					"name": "Cube7",
					"from": [ 2.5, 0.5, -0.5 ], 
					"to": [ 4.0, 2.5, 0.0 ], 
					"rotationOrigin": [ 2.5, 0.5, 0.0 ],
					"rotationX": 179.999968,
					"rotationY": -45.000001,
					"rotationZ": -89.999976,
					"faces": {
						"north": { "texture": "#hecht", "uv": [ 0.0, 0.0, 1.5, 2.0 ] },
						"east": { "texture": "#hecht", "uv": [ 0.0, 0.0, 0.5, 2.0 ] },
						"south": { "texture": "#hecht", "uv": [ 0.0, 0.0, 1.5, 2.0 ] },
						"west": { "texture": "#hecht", "uv": [ 0.0, 0.0, 0.5, 2.0 ] },
						"up": { "texture": "#hecht", "uv": [ 0.0, 0.0, 1.5, 0.5 ] },
						"down": { "texture": "#hecht", "uv": [ 0.0, 0.0, 1.5, 0.5 ] }
					}
				},
				{
					"name": "Cube8",
					"from": [ 2.5, 0.5, 3.0 ], 
					"to": [ 4.0, 2.5, 3.5 ], 
					"rotationOrigin": [ 2.5, 0.5, 3.0 ],
					"rotationX": -179.999986,
					"rotationY": 45.0,
					"rotationZ": -89.999968,
					"faces": {
						"north": { "texture": "#hecht", "uv": [ 0.0, 0.0, 1.5, 2.0 ] },
						"east": { "texture": "#hecht", "uv": [ 0.0, 0.0, 0.5, 2.0 ] },
						"south": { "texture": "#hecht", "uv": [ 0.0, 0.0, 1.5, 2.0 ] },
						"west": { "texture": "#hecht", "uv": [ 0.0, 0.0, 0.5, 2.0 ] },
						"up": { "texture": "#hecht", "uv": [ 0.0, 0.0, 1.5, 0.5 ] },
						"down": { "texture": "#hecht", "uv": [ 0.0, 0.0, 1.5, 0.5 ] }
					}
				}
			]
		},
		{
			"name": "Cube9",
			"from": [ 11.0, 1.5, 4.25 ], 
			"to": [ 12.5, 2.5, 4.75 ], 
			"rotationOrigin": [ 11.0, 1.5, 5.0 ],
			"rotationX": 2.0E-6,
			"rotationY": 1.0E-6,
			"rotationZ": -44.999996,
			"faces": {
				"north": { "texture": "#hecht", "uv": [ 2.5, 7.3, 4.0, 8.3 ] },
				"east": { "texture": "#hecht", "uv": [ 5.5, 6.8, 6.0, 7.8 ] },
				"south": { "texture": "#hecht", "uv": [ 2.8, 8.3, 4.3, 9.3 ] },
				"west": { "texture": "#hecht", "uv": [ 3.0, 6.3, 3.5, 7.3 ] },
				"up": { "texture": "#hecht", "uv": [ 3.3, 6.3, 4.8, 6.8 ] },
				"down": { "texture": "#hecht", "uv": [ 3.9, 7.9, 5.4, 8.4 ] }
			}
		},
		{
			"name": "Cube10",
			"from": [ 0.0, 2.5, 3.5 ], 
			"to": [ 2.0, 3.5, 5.5 ], 
			"rotationOrigin": [ 0.0, 2.5, 5.5 ],
			"faces": {
				"north": { "texture": "#hecht", "uv": [ 0.0, 0.0, 2.0, 1.0 ] },
				"east": { "texture": "#hecht", "uv": [ 0.0, 0.0, 2.0, 1.0 ] },
				"south": { "texture": "#hecht", "uv": [ 0.0, 0.0, 2.0, 1.0 ] },
				"west": { "texture": "#hecht", "uv": [ 0.0, 0.0, 2.0, 1.0 ] },
				"up": { "texture": "#hecht", "uv": [ 0.0, 0.0, 2.0, 2.0 ] },
				"down": { "texture": "#hecht", "uv": [ 0.0, 0.0, 2.0, 2.0 ] }
			},
			"children": [
				{
					"name": "Cube11",
					"from": [ 0.0, -0.5, 0.0 ], 
					"to": [ 2.0, 0.0, 2.0 ], 
					"rotationOrigin": [ 2.0, -0.5, 1.0 ],
					"faces": {
						"north": { "texture": "#hecht", "uv": [ 8.0, 6.2, 10.0, 6.7 ] },
						"east": { "texture": "#hecht", "uv": [ 0.0, 0.0, 2.0, 0.5 ] },
						"south": { "texture": "#hecht", "uv": [ 7.3, 6.2, 9.3, 6.7 ] },
						"west": { "texture": "#hecht", "uv": [ 3.5, 6.2, 5.5, 6.7 ] },
						"up": { "texture": "#hecht", "uv": [ 2.8, 11.5, 4.8, 13.5 ] },
						"down": { "texture": "#hecht", "uv": [ 0.8, 10.0, 2.8, 12.0 ] }
					}
				},
				{
					"name": "Cube13",
					"from": [ 1.5, 0.25, -0.125 ], 
					"to": [ 1.625, 0.375, 2.125 ], 
					"rotationOrigin": [ 1.5, 0.5, -0.5 ],
					"faces": {
						"north": { "texture": "#hecht", "uv": [ 5.05, 6.3, 5.175, 6.4 ] },
						"east": { "texture": "#hecht", "uv": [ 1.85, 6.3, 1.1, 6.4 ], "autoUv": false },
						"south": { "texture": "#hecht", "uv": [ 3.7, 6.2, 3.825, 6.3 ] },
						"west": { "texture": "#hecht", "uv": [ 5.5, 6.2, 7.75, 6.3 ] },
						"up": { "texture": "#hecht", "uv": [ 6.0, 5.9, 6.125, 6.15 ], "autoUv": false },
						"down": { "texture": "#hecht", "uv": [ 4.65, 6.4, 4.775, 6.65 ], "autoUv": false }
					}
				}
			]
		},
		{
			"name": "Cube12",
			"from": [ 10.5, 4.0, 4.25 ], 
			"to": [ 11.5, 5.5, 4.75 ], 
			"rotationOrigin": [ 10.5, 4.0, 4.5 ],
			"rotationX": 1.0E-6,
			"rotationZ": -22.499998,
			"faces": {
				"north": { "texture": "#hecht", "uv": [ 0.0, 0.0, 1.0, 1.5 ] },
				"east": { "texture": "#hecht", "uv": [ 0.0, 0.0, 0.5, 1.5 ] },
				"south": { "texture": "#hecht", "uv": [ 0.0, 0.0, 1.0, 1.5 ] },
				"west": { "texture": "#hecht", "uv": [ 0.0, 0.0, 0.5, 1.5 ] },
				"up": { "texture": "#hecht", "uv": [ 0.0, 0.0, 1.0, 0.5 ] },
				"down": { "texture": "#hecht", "uv": [ 0.0, 0.0, 1.0, 0.5 ] }
			}
		}
	]}