{
	"editor": {
		"allAngles": false,
		"entityTextureMode": false
	},
	"textureWidth": 16,
	"textureHeight": 16,
	"textureSizes": {
	},
	"textures": {
	},
	"elements": [
		{
			"name": "Pilz#4",
			"from": [ 7.75, 0.0, 7.25 ], 
			"to": [ 9.25, 3.75, 8.75 ], 
			"rotationOrigin": [ 7.75, 0.0, 7.25 ],
			"faces": {
				"north": { "texture": "#stipe", "uv": [ 0.0, 0.0, 1.5, 3.5 ] },
				"east": { "texture": "#stipe", "uv": [ 0.0, 0.0, 1.5, 3.5 ] },
				"south": { "texture": "#stipe", "uv": [ 0.0, 0.0, 1.5, 3.5 ] },
				"west": { "texture": "#stipe", "uv": [ 0.0, 0.0, 1.5, 3.5 ] },
				"up": { "texture": "#stipe", "uv": [ 0.0, 0.0, 1.5, 1.5 ] },
				"down": { "texture": "#stipe", "uv": [ 0.0, 0.0, 1.5, 1.5 ] }
			},
			"children": [
				{
					"name": "Cube35",
					"from": [ -0.375, 0.0, -0.375 ], 
					"to": [ 1.875, 0.525, 1.875 ], 
					"faces": {
						"north": { "texture": "#stipe", "uv": [ 0.0, 0.0, 2.25, 0.75 ] },
						"east": { "texture": "#stipe", "uv": [ 0.0, 0.0, 2.25, 0.75 ] },
						"south": { "texture": "#stipe", "uv": [ 0.0, 0.0, 2.25, 0.75 ] },
						"west": { "texture": "#stipe", "uv": [ 0.0, 0.0, 2.25, 0.75 ] },
						"up": { "texture": "#stipe", "uv": [ 0.0, 0.0, 2.25, 2.25 ] },
						"down": { "texture": "#stipe", "uv": [ 0.0, 0.0, 2.25, 2.25 ] }
					}
				},
				{
					"name": "Cube36",
					"from": [ 0.0, 3.75, 0.0 ], 
					"to": [ 1.5, 5.25, 3.75 ], 
					"rotationOrigin": [ 0.0, 3.75, 0.0 ],
					"rotationX": 22.5,
					"faces": {
						"north": { "texture": "#stipe", "uv": [ 0.0, 0.0, 1.5, 1.5 ] },
						"east": { "texture": "#stipe", "uv": [ 0.0, 0.0, 3.75, 1.5 ] },
						"south": { "texture": "#stipe", "uv": [ 0.0, 0.0, 1.5, 1.5 ] },
						"west": { "texture": "#stipe", "uv": [ 0.0, 0.0, 3.75, 1.5 ] },
						"up": { "texture": "#stipe", "uv": [ 0.0, 0.0, 1.5, 3.75 ] },
						"down": { "texture": "#stipe", "uv": [ 0.0, 0.0, 1.5, 3.75 ] }
					},
					"children": [
						{
							"name": "Cube37",
							"from": [ 0.0, 1.5, 0.15 ], 
							"to": [ 0.15, 1.875, 0.9 ], 
							"rotationOrigin": [ 0.0, 1.5, 0.0 ],
							"faces": {
								"north": { "texture": "#stipe", "uv": [ 0.0, 0.0, 0.75, 0.75 ] },
								"east": { "texture": "#stipe", "uv": [ 0.0, 0.0, 0.75, 0.75 ] },
								"south": { "texture": "#stipe", "uv": [ 0.0, 0.0, 0.75, 0.75 ] },
								"west": { "texture": "#stipe", "uv": [ 0.0, 0.0, 0.75, 0.75 ] },
								"up": { "texture": "#stipe", "uv": [ 0.0, 0.0, 0.75, 0.75 ] },
								"down": { "texture": "#stipe", "uv": [ 0.0, 0.0, 0.75, 0.75 ] }
							},
							"children": [
								{
									"name": "Cube38",
									"from": [ 0.0, 0.375, 0.0 ], 
									"to": [ 0.15, 0.675, 0.525 ], 
									"rotationOrigin": [ 0.0, 0.75, 0.0 ],
									"faces": {
										"north": { "texture": "#stipe", "uv": [ 0.0, 0.0, 0.75, 0.75 ] },
										"east": { "texture": "#stipe", "uv": [ 0.0, 0.0, 0.75, 0.75 ] },
										"south": { "texture": "#stipe", "uv": [ 0.0, 0.0, 0.75, 0.75 ] },
										"west": { "texture": "#stipe", "uv": [ 0.0, 0.0, 0.75, 0.75 ] },
										"up": { "texture": "#stipe", "uv": [ 0.0, 0.0, 0.75, 0.75 ] },
										"down": { "texture": "#stipe", "uv": [ 0.0, 0.0, 0.75, 0.75 ] }
									}
								}
							]
						},
						{
							"name": "Cube39",
							"from": [ 1.35, 1.5, 0.15 ], 
							"to": [ 1.5, 1.875, 0.9 ], 
							"rotationOrigin": [ 1.5, 1.5, 0.0 ],
							"faces": {
								"north": { "texture": "#stipe", "uv": [ 0.0, 0.0, 0.75, 0.75 ] },
								"east": { "texture": "#stipe", "uv": [ 0.0, 0.0, 0.75, 0.75 ] },
								"south": { "texture": "#stipe", "uv": [ 0.0, 0.0, 0.75, 0.75 ] },
								"west": { "texture": "#stipe", "uv": [ 0.0, 0.0, 0.75, 0.75 ] },
								"up": { "texture": "#stipe", "uv": [ 0.0, 0.0, 0.75, 0.75 ] },
								"down": { "texture": "#stipe", "uv": [ 0.0, 0.0, 0.75, 0.75 ] }
							},
							"children": [
								{
									"name": "Cube40",
									"from": [ 0.0, 0.375, 0.0 ], 
									"to": [ 0.15, 0.675, 0.525 ], 
									"rotationOrigin": [ 0.0, 0.75, 0.0 ],
									"faces": {
										"north": { "texture": "#stipe", "uv": [ 0.0, 0.0, 0.75, 0.75 ] },
										"east": { "texture": "#stipe", "uv": [ 0.0, 0.0, 0.75, 0.75 ] },
										"south": { "texture": "#stipe", "uv": [ 0.0, 0.0, 0.75, 0.75 ] },
										"west": { "texture": "#stipe", "uv": [ 0.0, 0.0, 0.75, 0.75 ] },
										"up": { "texture": "#stipe", "uv": [ 0.0, 0.0, 0.75, 0.75 ] },
										"down": { "texture": "#stipe", "uv": [ 0.0, 0.0, 0.75, 0.75 ] }
									}
								}
							]
						},
						{
							"name": "Cube41",
							"from": [ 0.675, 0.0, -0.225 ], 
							"to": [ 0.825, 1.5, 0.0 ], 
							"faces": {
								"north": { "texture": "#stipe", "uv": [ 0.0, 0.0, 0.75, 1.5 ] },
								"east": { "texture": "#stipe", "uv": [ 0.0, 0.0, 0.75, 1.5 ] },
								"south": { "texture": "#stipe", "uv": [ 0.0, 0.0, 0.75, 1.5 ] },
								"west": { "texture": "#stipe", "uv": [ 0.0, 0.0, 0.75, 1.5 ] },
								"up": { "texture": "#stipe", "uv": [ 0.0, 0.0, 0.75, 0.75 ] },
								"down": { "texture": "#stipe", "uv": [ 0.0, 0.0, 0.75, 0.75 ] }
							},
							"children": [
								{
									"name": "Cube42",
									"from": [ 0.0, -2.25, 0.9 ], 
									"to": [ 0.15, 0.15, 1.125 ], 
									"rotationOrigin": [ 0.0, -2.25, 0.75 ],
									"rotationX": -22.5,
									"faces": {
										"north": { "texture": "#stipe", "uv": [ 0.0, 0.0, 0.75, 2.25 ] },
										"east": { "texture": "#stipe", "uv": [ 0.0, 0.0, 0.75, 2.25 ] },
										"south": { "texture": "#stipe", "uv": [ 0.0, 0.0, 0.75, 2.25 ] },
										"west": { "texture": "#stipe", "uv": [ 0.0, 0.0, 0.75, 2.25 ] },
										"up": { "texture": "#stipe", "uv": [ 0.0, 0.0, 0.75, 0.75 ] },
										"down": { "texture": "#stipe", "uv": [ 0.0, 0.0, 0.75, 0.75 ] }
									}
								}
							]
						},
						{
							"name": "Cube43",
							"from": [ -0.15, 0.75, 1.5 ], 
							"to": [ 0.0, 0.9, 1.65 ], 
							"rotationOrigin": [ 0.0, 0.75, 1.5 ],
							"faces": {
								"north": { "texture": "#augen", "uv": [ 0.0, 0.0, 0.75, 0.75 ] },
								"east": { "texture": "#augen", "uv": [ 0.0, 0.0, 0.75, 0.75 ] },
								"south": { "texture": "#augen", "uv": [ 0.0, 0.0, 0.75, 0.75 ] },
								"west": { "texture": "#augen", "uv": [ 0.0, 0.0, 0.75, 0.75 ] },
								"up": { "texture": "#augen", "uv": [ 0.0, 0.0, 0.75, 0.75 ] },
								"down": { "texture": "#augen", "uv": [ 0.0, 0.0, 0.75, 0.75 ] }
							}
						},
						{
							"name": "Cube44",
							"from": [ 1.5, 0.75, 1.5 ], 
							"to": [ 1.65, 0.9, 1.65 ], 
							"rotationOrigin": [ 1.5, 0.75, 1.5 ],
							"faces": {
								"north": { "texture": "#augen", "uv": [ 0.0, 0.0, 0.75, 0.75 ] },
								"east": { "texture": "#augen", "uv": [ 0.0, 0.0, 0.75, 0.75 ] },
								"south": { "texture": "#augen", "uv": [ 0.0, 0.0, 0.75, 0.75 ] },
								"west": { "texture": "#augen", "uv": [ 0.0, 0.0, 0.75, 0.75 ] },
								"up": { "texture": "#augen", "uv": [ 0.0, 0.0, 0.75, 0.75 ] },
								"down": { "texture": "#augen", "uv": [ 0.0, 0.0, 0.75, 0.75 ] }
							}
						}
					]
				}
			]
		}
	]}