{
	"editor": {
		"allAngles": false,
		"entityTextureMode": false
	},
	"textureWidth": 16,
	"textureHeight": 16,
	"textureSizes": {
	},
	"textures": {
		"hut": "omniummod:block/plant/mushroom/H�hlenpilz/hut",
		"stipe": "omniummod:block/plant/mushroom/H�hlenpilz/stipe"
	},
	"elements": [
		{
			"name": "Cube1",
			"from": [ 7.0, 0.0, 8.0 ], 
			"to": [ 8.0, 6.0, 9.0 ], 
			"rotationOrigin": [ 7.0, 0.0, 8.0 ],
			"faces": {
				"north": { "texture": "#stipe", "uv": [ 0.0, 0.0, 1.0, 6.0 ] },
				"east": { "texture": "#stipe", "uv": [ 0.0, 0.0, 1.0, 6.0 ] },
				"south": { "texture": "#stipe", "uv": [ 0.0, 0.0, 1.0, 6.0 ] },
				"west": { "texture": "#stipe", "uv": [ 0.0, 0.0, 1.0, 6.0 ] },
				"up": { "texture": "#stipe", "uv": [ 0.0, 0.0, 1.0, 1.0 ] },
				"down": { "texture": "#stipe", "uv": [ 0.0, 0.0, 1.0, 1.0 ] }
			},
			"children": [
				{
					"name": "Cube2",
					"from": [ -2.0, 4.0, 2.0 ], 
					"to": [ 3.0, 6.0, 3.0 ], 
					"rotationOrigin": [ -2.0, 4.0, 2.0 ],
					"faces": {
						"north": { "texture": "#hut", "uv": [ 0.0, 0.0, 5.0, 2.0 ], "glow": 100 },
						"east": { "texture": "#hut", "uv": [ 0.0, 0.0, 1.0, 2.0 ] },
						"south": { "texture": "#hut", "uv": [ 0.0, 0.0, 5.0, 2.0 ] },
						"west": { "texture": "#hut", "uv": [ 0.0, 0.0, 1.0, 2.0 ] },
						"up": { "texture": "#hut", "uv": [ 0.0, 0.0, 5.0, 1.0 ] },
						"down": { "texture": "#hut", "uv": [ 0.0, 0.0, 5.0, 1.0 ] }
					}
				},
				{
					"name": "Cube3",
					"from": [ -2.0, 4.0, -2.0 ], 
					"to": [ 3.0, 6.0, -1.0 ], 
					"rotationOrigin": [ -2.0, 4.0, -2.0 ],
					"faces": {
						"north": { "texture": "#hut", "uv": [ 0.0, 0.0, 5.0, 2.0 ], "glow": 100 },
						"east": { "texture": "#hut", "uv": [ 0.0, 0.0, 1.0, 2.0 ] },
						"south": { "texture": "#hut", "uv": [ 0.0, 0.0, 5.0, 2.0 ] },
						"west": { "texture": "#hut", "uv": [ 0.0, 0.0, 1.0, 2.0 ] },
						"up": { "texture": "#hut", "uv": [ 0.0, 0.0, 5.0, 1.0 ] },
						"down": { "texture": "#hut", "uv": [ 0.0, 0.0, 5.0, 1.0 ] }
					}
				},
				{
					"name": "Cube4",
					"from": [ 2.0, 4.0, -1.0 ], 
					"to": [ 3.0, 6.0, 2.0 ], 
					"rotationOrigin": [ 2.0, 4.0, -1.0 ],
					"faces": {
						"north": { "texture": "#hut", "uv": [ 0.0, 0.0, 1.0, 2.0 ], "glow": 100 },
						"east": { "texture": "#hut", "uv": [ 0.0, 0.0, 3.0, 2.0 ] },
						"south": { "texture": "#hut", "uv": [ 0.0, 0.0, 1.0, 2.0 ] },
						"west": { "texture": "#hut", "uv": [ 0.0, 0.0, 3.0, 2.0 ] },
						"up": { "texture": "#hut", "uv": [ 0.0, 0.0, 1.0, 3.0 ] },
						"down": { "texture": "#hut", "uv": [ 0.0, 0.0, 1.0, 3.0 ] }
					}
				},
				{
					"name": "Cube5",
					"from": [ -2.0, 4.0, -1.0 ], 
					"to": [ -1.0, 6.0, 2.0 ], 
					"rotationOrigin": [ -2.0, 4.0, -1.0 ],
					"faces": {
						"north": { "texture": "#hut", "uv": [ 0.0, 0.0, 1.0, 2.0 ], "glow": 100 },
						"east": { "texture": "#hut", "uv": [ 0.0, 0.0, 3.0, 2.0 ] },
						"south": { "texture": "#hut", "uv": [ 0.0, 0.0, 1.0, 2.0 ] },
						"west": { "texture": "#hut", "uv": [ 0.0, 0.0, 3.0, 2.0 ] },
						"up": { "texture": "#hut", "uv": [ 0.0, 0.0, 1.0, 3.0 ] },
						"down": { "texture": "#hut", "uv": [ 0.0, 0.0, 1.0, 3.0 ] }
					}
				},
				{
					"name": "Cube6",
					"from": [ -1.0, 6.0, -1.0 ], 
					"to": [ 2.0, 7.0, 2.0 ], 
					"rotationOrigin": [ -1.0, 6.0, -1.0 ],
					"faces": {
						"north": { "texture": "#hut", "uv": [ 0.0, 0.0, 3.0, 1.0 ], "glow": 100 },
						"east": { "texture": "#hut", "uv": [ 0.0, 0.0, 3.0, 1.0 ] },
						"south": { "texture": "#hut", "uv": [ 0.0, 0.0, 3.0, 1.0 ] },
						"west": { "texture": "#hut", "uv": [ 0.0, 0.0, 3.0, 1.0 ] },
						"up": { "texture": "#hut", "uv": [ 0.0, 0.0, 3.0, 3.0 ] },
						"down": { "texture": "#hut", "uv": [ 0.0, 0.0, 3.0, 3.0 ] }
					}
				}
			]
		}
	]}