{
	"editor": {
		"allAngles": false,
		"entityTextureMode": false
	},
	"textureWidth": 16,
	"textureHeight": 16,
	"textureSizes": {
	},
	"textures": {
		"hut": "omniummod:block/plant/mushroom/Morchel/hut",
		"stipe": "omniummod:block/plant/mushroom/Morchel/stipe"
	},
	"elements": [
		{
			"name": "Cube1",
			"from": [ 7.2, 0.0, 7.2 ], 
			"to": [ 8.64, 1.44, 8.64 ], 
			"rotationOrigin": [ 7.2, 0.0, 7.2 ],
			"faces": {
				"north": { "texture": "#stipe", "uv": [ 0.0, 0.0, 1.0, 1.0 ] },
				"east": { "texture": "#stipe", "uv": [ 0.0, 0.0, 1.0, 1.0 ] },
				"south": { "texture": "#stipe", "uv": [ 0.0, 0.0, 1.0, 1.0 ] },
				"west": { "texture": "#stipe", "uv": [ 0.0, 0.0, 1.0, 1.0 ] },
				"up": { "texture": "#stipe", "uv": [ 0.0, 0.0, 1.0, 1.0 ] },
				"down": { "texture": "#stipe", "uv": [ 0.0, 0.0, 1.0, 1.0 ] }
			},
			"children": [
				{
					"name": "Cube2",
					"from": [ -0.72, 2.16, -0.72 ], 
					"to": [ 2.16, 4.32, 2.16 ], 
					"rotationOrigin": [ -0.72, 2.16, -0.72 ],
					"faces": {
						"north": { "texture": "#hut", "uv": [ 0.0, 0.0, 14.88, 15.0 ], "autoUv": false },
						"east": { "texture": "#hut", "uv": [ 0.0, 0.0, 15.5, 15.0 ], "autoUv": false },
						"south": { "texture": "#hut", "uv": [ 0.0, 0.0, 14.5, 14.0 ], "autoUv": false },
						"west": { "texture": "#hut", "uv": [ 0.0, 0.0, 15.5, 14.0 ], "autoUv": false },
						"up": { "texture": "#hut", "uv": [ 0.0, 0.0, 15.5, 14.5 ], "autoUv": false },
						"down": { "texture": "#hut", "uv": [ 0.0, 0.0, 15.5, 14.5 ], "autoUv": false }
					},
					"children": [
						{
							"name": "Cube3",
							"from": [ 0.36, 2.16, 0.36 ], 
							"to": [ 2.52, 2.88, 2.52 ], 
							"rotationOrigin": [ 0.36, 2.16, 0.36 ],
							"faces": {
								"north": { "texture": "#hut", "uv": [ 0.0, 0.0, 16.0, 15.5 ], "autoUv": false },
								"east": { "texture": "#hut", "uv": [ 0.0, 0.0, 16.0, 15.5 ], "autoUv": false },
								"south": { "texture": "#hut", "uv": [ 0.0, 0.0, 16.0, 15.5 ], "autoUv": false },
								"west": { "texture": "#hut", "uv": [ 0.0, 0.0, 16.0, 15.5 ], "autoUv": false },
								"up": { "texture": "#hut", "uv": [ 0.0, 0.0, 16.0, 16.0 ], "autoUv": false },
								"down": { "texture": "#hut", "uv": [ 0.0, 0.0, 16.0, 16.0 ], "autoUv": false }
							},
							"children": [
								{
									"name": "Cube4",
									"from": [ 0.36, 0.72, 0.36 ], 
									"to": [ 1.8, 1.44, 1.8 ], 
									"rotationOrigin": [ 0.36, 0.72, 0.36 ],
									"faces": {
										"north": { "texture": "#hut", "uv": [ 0.0, 0.0, 15.44, 15.5 ], "autoUv": false },
										"east": { "texture": "#hut", "uv": [ 0.0, 0.0, 16.0, 15.5 ], "autoUv": false },
										"south": { "texture": "#hut", "uv": [ 0.0, 0.0, 16.0, 15.5 ], "autoUv": false },
										"west": { "texture": "#hut", "uv": [ 0.0, 0.0, 16.0, 15.5 ], "autoUv": false },
										"up": { "texture": "#hut", "uv": [ 0.0, 0.0, 16.0, 16.0 ], "autoUv": false },
										"down": { "texture": "#hut", "uv": [ 0.0, 0.0, 16.0, 15.0 ], "autoUv": false }
									}
								}
							]
						},
						{
							"name": "Cube5",
							"from": [ 0.36, -0.72, 0.36 ], 
							"to": [ 2.52, 0.0, 2.52 ], 
							"rotationOrigin": [ 0.36, -0.72, 0.36 ],
							"faces": {
								"north": { "texture": "#hut", "uv": [ 0.0, 0.0, 15.16, 15.5 ], "autoUv": false },
								"east": { "texture": "#hut", "uv": [ 0.0, 0.5, 16.0, 16.0 ], "autoUv": false },
								"south": { "texture": "#hut", "uv": [ 0.0, 0.0, 16.0, 15.5 ], "autoUv": false },
								"west": { "texture": "#hut", "uv": [ 0.0, 0.0, 16.0, 15.5 ], "autoUv": false },
								"up": { "texture": "#hut", "uv": [ 0.0, 0.0, 16.0, 16.0 ], "autoUv": false },
								"down": { "texture": "#hut", "uv": [ 0.0, 0.0, 16.0, 15.0 ], "autoUv": false }
							}
						}
					]
				}
			]
		}
	]}