{
	"editor": {
		"allAngles": false,
		"entityTextureMode": false
	},
	"textureWidth": 16,
	"textureHeight": 16,
	"textureSizes": {
	},
	"textures": {
		"olbundel": "omniummod:item/resource/olbundel"
	},
	"elements": [
		{
			"name": "Cube1",
			"from": [ 5.0, 0.5, 4.0 ], 
			"to": [ 11.0, 4.5, 10.0 ], 
			"rotationOrigin": [ 5.0, 1.0, 4.0 ],
			"faces": {
				"north": { "texture": "#olbundel", "uv": [ 6.0, 6.0, 12.0, 10.0 ] },
				"east": { "texture": "#olbundel", "uv": [ 5.5, 8.0, 11.5, 12.0 ] },
				"south": { "texture": "#olbundel", "uv": [ 6.0, 8.0, 12.0, 12.0 ] },
				"west": { "texture": "#olbundel", "uv": [ 7.0, 7.5, 13.0, 11.5 ] },
				"up": { "texture": "#olbundel", "uv": [ 5.0, 6.5, 11.0, 12.5 ] },
				"down": { "texture": "#olbundel", "uv": [ 4.5, 6.5, 10.5, 12.5 ] }
			},
			"children": [
				{
					"name": "Cube2",
					"from": [ 2.0, 4.0, 2.0 ], 
					"to": [ 4.0, 5.0, 4.0 ], 
					"rotationOrigin": [ 2.0, 4.0, 2.0 ],
					"faces": {
						"north": { "texture": "#olbundel", "uv": [ 7.5, 8.0, 9.5, 9.0 ] },
						"east": { "texture": "#olbundel", "uv": [ 7.5, 10.5, 9.5, 11.5 ] },
						"south": { "texture": "#olbundel", "uv": [ 8.0, 13.0, 10.0, 14.0 ] },
						"west": { "texture": "#olbundel", "uv": [ 7.5, 11.5, 9.5, 12.5 ] },
						"up": { "texture": "#olbundel", "uv": [ 9.0, 9.5, 11.0, 11.5 ] },
						"down": { "texture": "#olbundel", "uv": [ 6.0, 8.5, 8.0, 10.5 ] }
					}
				},
				{
					"name": "Cube4",
					"from": [ 0.5, -0.5, 0.5 ], 
					"to": [ 5.5, 0.0, 5.5 ], 
					"rotationOrigin": [ 1.0, -1.0, 1.0 ],
					"faces": {
						"north": { "texture": "#olbundel", "uv": [ 7.5, 8.5, 12.5, 9.0 ] },
						"east": { "texture": "#olbundel", "uv": [ 8.0, 11.0, 13.0, 11.5 ] },
						"south": { "texture": "#olbundel", "uv": [ 4.5, 10.0, 9.5, 10.5 ] },
						"west": { "texture": "#olbundel", "uv": [ 5.0, 8.0, 10.0, 8.5 ] },
						"up": { "texture": "#olbundel", "uv": [ 5.5, 8.0, 10.5, 13.0 ] },
						"down": { "texture": "#olbundel", "uv": [ 7.0, 6.0, 12.0, 11.0 ] }
					}
				},
				{
					"name": "Cube5",
					"from": [ 0.5, 4.0, 0.5 ], 
					"to": [ 5.5, 4.5, 5.5 ], 
					"rotationOrigin": [ 0.0, 4.0, 0.0 ],
					"faces": {
						"north": { "texture": "#olbundel", "uv": [ 6.0, 9.5, 11.0, 10.0 ] },
						"east": { "texture": "#olbundel", "uv": [ 6.5, 9.0, 11.5, 9.5 ] },
						"south": { "texture": "#olbundel", "uv": [ 7.0, 9.0, 12.0, 9.5 ] },
						"west": { "texture": "#olbundel", "uv": [ 5.5, 7.5, 10.5, 8.0 ] },
						"up": { "texture": "#olbundel", "uv": [ 6.5, 7.5, 11.5, 12.5 ] },
						"down": { "texture": "#olbundel", "uv": [ 4.5, 6.0, 9.5, 11.0 ] }
					}
				},
				{
					"name": "Cube6",
					"from": [ 2.0, 5.0, 2.0 ], 
					"to": [ 2.5, 6.0, 4.0 ], 
					"rotationOrigin": [ 2.0, 5.0, 2.0 ],
					"rotationZ": 22.5,
					"faces": {
						"north": { "texture": "#olbundel", "uv": [ 10.0, 10.0, 10.5, 11.0 ] },
						"east": { "texture": "#olbundel", "uv": [ 6.0, 5.5, 8.0, 6.5 ] },
						"south": { "texture": "#olbundel", "uv": [ 11.0, 8.5, 11.5, 9.5 ] },
						"west": { "texture": "#olbundel", "uv": [ 9.0, 8.0, 11.0, 9.0 ] },
						"up": { "texture": "#olbundel", "uv": [ 11.0, 9.0, 11.5, 11.0 ] },
						"down": { "texture": "#olbundel", "uv": [ 9.5, 7.0, 10.0, 9.0 ] }
					}
				},
				{
					"name": "Cube7",
					"from": [ 2.0, 5.0, 2.0 ], 
					"to": [ 4.0, 6.0, 2.5 ], 
					"rotationOrigin": [ 2.0, 5.0, 2.0 ],
					"rotationX": -22.5,
					"faces": {
						"north": { "texture": "#olbundel", "uv": [ 10.5, 11.0, 12.5, 12.0 ] },
						"east": { "texture": "#olbundel", "uv": [ 7.5, 10.5, 8.0, 11.5 ] },
						"south": { "texture": "#olbundel", "uv": [ 8.5, 9.5, 10.5, 10.5 ] },
						"west": { "texture": "#olbundel", "uv": [ 9.5, 7.5, 10.0, 8.5 ] },
						"up": { "texture": "#olbundel", "uv": [ 9.0, 11.0, 11.0, 11.5 ] },
						"down": { "texture": "#olbundel", "uv": [ 9.0, 7.5, 11.0, 8.0 ] }
					}
				},
				{
					"name": "Cube8",
					"from": [ 3.5, 5.0, 2.0 ], 
					"to": [ 4.0, 6.0, 4.0 ], 
					"rotationOrigin": [ 4.0, 5.0, 2.0 ],
					"rotationZ": -22.5,
					"faces": {
						"north": { "texture": "#olbundel", "uv": [ 9.5, 9.5, 10.0, 10.5 ] },
						"east": { "texture": "#olbundel", "uv": [ 9.0, 9.0, 11.0, 10.0 ] },
						"south": { "texture": "#olbundel", "uv": [ 8.5, 11.5, 9.0, 12.5 ] },
						"west": { "texture": "#olbundel", "uv": [ 8.0, 7.5, 10.0, 8.5 ] },
						"up": { "texture": "#olbundel", "uv": [ 6.5, 7.5, 7.0, 9.5 ] },
						"down": { "texture": "#olbundel", "uv": [ 11.0, 7.5, 11.5, 9.5 ] }
					}
				},
				{
					"name": "Cube9",
					"from": [ 2.0, 5.0, 3.5 ], 
					"to": [ 4.0, 6.0, 4.0 ], 
					"rotationOrigin": [ 2.0, 5.0, 4.0 ],
					"rotationX": 22.5,
					"faces": {
						"north": { "texture": "#olbundel", "uv": [ 7.5, 11.0, 9.5, 12.0 ] },
						"east": { "texture": "#olbundel", "uv": [ 9.0, 9.0, 9.5, 10.0 ] },
						"south": { "texture": "#olbundel", "uv": [ 8.5, 8.5, 10.5, 9.5 ] },
						"west": { "texture": "#olbundel", "uv": [ 8.5, 7.5, 9.0, 8.5 ] },
						"up": { "texture": "#olbundel", "uv": [ 8.0, 9.0, 10.0, 9.5 ] },
						"down": { "texture": "#olbundel", "uv": [ 9.0, 7.5, 11.0, 8.0 ] }
					}
				}
			]
		}
	]}