{
	"editor": {
		"allAngles": false,
		"entityTextureMode": false
	},
	"textureWidth": 16,
	"textureHeight": 16,
	"textureSizes": {
	},
	"textures": {
		"scourgethrower": "item/scourgethrower"
	},
	"elements": [
		{
			"name": "Cube1",
			"from": [ 0.0, 0.0, 7.0 ], 
			"to": [ 5.0, 1.0, 8.0 ], 
			"rotationOrigin": [ 0.0, 0.0, 7.0 ],
			"faces": {
				"north": { "texture": "#scourgethrower", "uv": [ 0.0, 0.0, 5.0, 1.0 ] },
				"east": { "texture": "#scourgethrower", "uv": [ 0.0, 0.0, 1.0, 1.0 ] },
				"south": { "texture": "#scourgethrower", "uv": [ 0.0, 0.0, 5.0, 1.0 ] },
				"west": { "texture": "#scourgethrower", "uv": [ 0.0, 0.0, 1.0, 1.0 ] },
				"up": { "texture": "#scourgethrower", "uv": [ 1.5, 10.0, 10.5, 13.5 ], "autoUv": false },
				"down": { "texture": "#scourgethrower", "uv": [ 11.0, 12.5, 3.0, 9.5 ], "autoUv": false }
			},
			"children": [
				{
					"name": "Cube2",
					"from": [ 4.0, 0.25, -1.0 ], 
					"to": [ 7.0, 0.75, 2.0 ], 
					"rotationOrigin": [ 4.0, 0.2, -1.0 ],
					"faces": {
						"north": { "texture": "#scourgethrower", "uv": [ 0.0, 0.0, 3.0, 0.5 ] },
						"east": { "texture": "#scourgethrower", "uv": [ 0.0, 0.0, 3.0, 0.5 ] },
						"south": { "texture": "#scourgethrower", "uv": [ 0.0, 0.0, 3.0, 0.5 ] },
						"west": { "texture": "#scourgethrower", "uv": [ 0.0, 0.0, 3.0, 0.5 ] },
						"up": { "texture": "#scourgethrower", "uv": [ 8.5, 8.5, 16.0, 15.5 ], "autoUv": false },
						"down": { "texture": "#scourgethrower", "uv": [ 15.5, 15.5, 8.5, 8.5 ], "autoUv": false }
					},
					"children": [
						{
							"name": "Cube3",
							"from": [ 3.0, 0.25, 0.6 ], 
							"to": [ 10.0, 0.25, 2.6 ], 
							"rotationOrigin": [ 3.0, 0.2, 0.6 ],
							"faces": {
								"north": { "texture": "#scourgethrower", "uv": [ 0.0, 0.0, 7.0, 0.5 ] },
								"east": { "texture": "#scourgethrower", "uv": [ 0.0, 0.0, 2.0, 0.5 ] },
								"south": { "texture": "#scourgethrower", "uv": [ 0.0, 0.0, 7.0, 0.5 ] },
								"west": { "texture": "#scourgethrower", "uv": [ 0.0, 0.0, 2.0, 0.5 ] },
								"up": { "texture": "#scourgethrower", "uv": [ 0.0, 0.0, 15.0, 8.0 ], "glow": 255, "autoUv": false },
								"down": { "texture": "#scourgethrower", "uv": [ 0.0, 0.0, 15.5, 7.0 ], "glow": 255, "autoUv": false }
							},
							"children": [
								{
									"name": "Cube4",
									"from": [ 6.0, 0.0, 0.0 ], 
									"to": [ 9.0, 0.0, 2.0 ], 
									"rotationOrigin": [ 6.0, 0.0, 0.0 ],
									"rotationY": 22.5,
									"faces": {
										"north": { "texture": "#scourgethrower", "uv": [ 0.0, 0.0, 3.0, 0.5 ] },
										"east": { "texture": "#scourgethrower", "uv": [ 0.0, 0.0, 2.0, 0.5 ] },
										"south": { "texture": "#scourgethrower", "uv": [ 0.0, 0.0, 3.0, 0.5 ] },
										"west": { "texture": "#scourgethrower", "uv": [ 0.0, 0.0, 2.0, 0.5 ] },
										"up": { "texture": "#scourgethrower", "uv": [ 0.0, 0.0, 15.0, 8.0 ], "glow": 255, "autoUv": false },
										"down": { "texture": "#scourgethrower", "uv": [ 0.0, 0.0, 14.0, 8.5 ], "glow": 255, "autoUv": false }
									},
									"children": [
										{
											"name": "Cube5",
											"from": [ 2.0, 0.0, 0.0 ], 
											"to": [ 4.0, 0.0, 1.0 ], 
											"rotationOrigin": [ 2.0, 0.0, 0.0 ],
											"rotationY": 22.5,
											"faces": {
												"north": { "texture": "#scourgethrower", "uv": [ 0.0, 0.0, 2.0, 0.5 ] },
												"east": { "texture": "#scourgethrower", "uv": [ 0.0, 0.0, 1.0, 0.5 ] },
												"south": { "texture": "#scourgethrower", "uv": [ 0.0, 0.0, 2.0, 0.5 ] },
												"west": { "texture": "#scourgethrower", "uv": [ 0.0, 0.0, 1.0, 0.5 ] },
												"up": { "texture": "#scourgethrower", "uv": [ 0.0, 0.0, 13.0, 8.0 ], "glow": 255, "autoUv": false },
												"down": { "texture": "#scourgethrower", "uv": [ 0.0, 0.0, 15.5, 8.5 ], "glow": 255, "autoUv": false }
											}
										}
									]
								},
								{
									"name": "Cube6",
									"from": [ 1.0, 0.0, -1.0 ], 
									"to": [ 1.5, 0.0, 0.0 ], 
									"rotationOrigin": [ 1.0, 0.0, -1.0 ],
									"faces": {
										"north": { "texture": "#scourgethrower", "uv": [ 0.0, 0.0, 0.5, 0.5 ] },
										"east": { "texture": "#scourgethrower", "uv": [ 0.0, 0.0, 1.0, 0.5 ] },
										"south": { "texture": "#scourgethrower", "uv": [ 0.0, 0.0, 0.5, 0.5 ] },
										"west": { "texture": "#scourgethrower", "uv": [ 0.0, 0.0, 1.0, 0.5 ] },
										"up": { "texture": "#scourgethrower", "uv": [ 0.0, 0.0, 0.5, 1.0 ], "glow": 255 },
										"down": { "texture": "#scourgethrower", "uv": [ 0.0, 0.0, 0.5, 1.0 ], "glow": 255 }
									}
								},
								{
									"name": "Cube7",
									"from": [ 6.0, 0.0, -1.0 ], 
									"to": [ 6.5, 0.0, 0.0 ], 
									"rotationOrigin": [ 6.0, 0.0, -1.0 ],
									"rotationY": 22.5,
									"faces": {
										"north": { "texture": "#scourgethrower", "uv": [ 0.0, 0.0, 0.5, 0.5 ] },
										"east": { "texture": "#scourgethrower", "uv": [ 0.0, 0.0, 1.0, 0.5 ] },
										"south": { "texture": "#scourgethrower", "uv": [ 0.0, 0.0, 0.5, 0.5 ] },
										"west": { "texture": "#scourgethrower", "uv": [ 0.0, 0.0, 1.0, 0.5 ] },
										"up": { "texture": "#scourgethrower", "uv": [ 0.0, 0.0, 0.5, 1.0 ], "glow": 255 },
										"down": { "texture": "#scourgethrower", "uv": [ 0.0, 0.0, 0.5, 1.0 ], "glow": 255 }
									}
								},
								{
									"name": "Cube8",
									"from": [ 3.0, 0.0, 2.0 ], 
									"to": [ 3.5, 0.0, 3.0 ], 
									"rotationOrigin": [ 3.0, 0.0, 2.0 ],
									"faces": {
										"north": { "texture": "#scourgethrower", "uv": [ 0.0, 0.0, 0.5, 0.5 ] },
										"east": { "texture": "#scourgethrower", "uv": [ 0.0, 0.0, 1.0, 0.5 ] },
										"south": { "texture": "#scourgethrower", "uv": [ 0.0, 0.0, 0.5, 0.5 ] },
										"west": { "texture": "#scourgethrower", "uv": [ 0.0, 0.0, 1.0, 0.5 ] },
										"up": { "texture": "#scourgethrower", "uv": [ 0.0, 0.0, 0.5, 1.0 ], "glow": 255 },
										"down": { "texture": "#scourgethrower", "uv": [ 0.0, 0.0, 0.5, 1.0 ], "glow": 255 }
									}
								},
								{
									"name": "Cube9",
									"from": [ 8.0, 0.0, 1.0 ], 
									"to": [ 8.5, 0.0, 2.0 ], 
									"rotationOrigin": [ 8.0, 0.0, 1.0 ],
									"faces": {
										"north": { "texture": "#scourgethrower", "uv": [ 0.0, 0.0, 0.5, 0.5 ] },
										"east": { "texture": "#scourgethrower", "uv": [ 0.0, 0.0, 1.0, 0.5 ] },
										"south": { "texture": "#scourgethrower", "uv": [ 0.0, 0.0, 0.5, 0.5 ] },
										"west": { "texture": "#scourgethrower", "uv": [ 0.0, 0.0, 1.0, 0.5 ] },
										"up": { "texture": "#scourgethrower", "uv": [ 0.0, 0.0, 0.5, 1.0 ], "glow": 255 },
										"down": { "texture": "#scourgethrower", "uv": [ 0.0, 0.0, 0.5, 1.0 ], "glow": 255 }
									}
								}
							]
						}
					]
				}
			]
		}
	]}