{
	"editor": {
		"allAngles": false,
		"entityTextureMode": false
	},
	"textureWidth": 16,
	"textureHeight": 16,
	"textureSizes": {
	},
	"textures": {
		"scullsparkle": "item/scullsparkle"
	},
	"elements": [
		{
			"name": "Cube1",
			"from": [ 4.0, 16.0, 4.0 ], 
			"to": [ 12.0, 24.0, 10.0 ], 
			"rotationOrigin": [ 4.0, 5.0, 4.0 ],
			"faces": {
				"north": { "texture": "#scullsparkle", "uv": [ 0.0, 0.0, 8.0, 8.0 ] },
				"east": { "texture": "#scullsparkle", "uv": [ 0.5, 0.5, 10.0, 9.5 ], "autoUv": false },
				"south": { "texture": "#scullsparkle", "uv": [ 12.5, 13.0, 15.5, 16.0 ], "autoUv": false },
				"west": { "texture": "#scullsparkle", "uv": [ 0.0, 0.0, 6.0, 8.0 ] },
				"up": { "texture": "#scullsparkle", "uv": [ 0.0, 0.0, 8.0, 6.0 ] },
				"down": { "texture": "#scullsparkle", "uv": [ 0.0, 0.0, 8.0, 6.0 ] }
			},
			"children": [
				{
					"name": "Cube2",
					"from": [ 0.0, 0.0, 6.0 ], 
					"to": [ 1.5, 8.0, 8.0 ], 
					"rotationOrigin": [ 0.0, 0.0, 6.0 ],
					"faces": {
						"north": { "texture": "#scullsparkle", "uv": [ 2.0, 2.5, 12.0, 11.0 ], "autoUv": false },
						"east": { "texture": "#scullsparkle", "uv": [ 13.0, 13.0, 15.0, 16.0 ], "autoUv": false },
						"south": { "texture": "#scullsparkle", "uv": [ 0.0, 0.0, 1.5, 8.0 ] },
						"west": { "texture": "#scullsparkle", "uv": [ 1.0, 2.5, 3.0, 10.5 ] },
						"up": { "texture": "#scullsparkle", "uv": [ 0.5, 5.5, 2.0, 7.5 ] },
						"down": { "texture": "#scullsparkle", "uv": [ 3.0, 1.0, 4.5, 3.0 ] }
					}
				},
				{
					"name": "Cube3",
					"from": [ 6.5, 0.0, 6.0 ], 
					"to": [ 8.0, 8.0, 8.0 ], 
					"rotationOrigin": [ 6.5, 0.0, 6.0 ],
					"faces": {
						"north": { "texture": "#scullsparkle", "uv": [ 0.0, 0.0, 1.5, 8.0 ] },
						"east": { "texture": "#scullsparkle", "uv": [ 1.0, 3.0, 3.0, 10.5 ], "autoUv": false },
						"south": { "texture": "#scullsparkle", "uv": [ 0.0, 0.0, 12.5, 11.0 ], "autoUv": false },
						"west": { "texture": "#scullsparkle", "uv": [ 13.0, 13.0, 15.5, 15.0 ], "autoUv": false },
						"up": { "texture": "#scullsparkle", "uv": [ 2.0, 5.5, 3.5, 7.5 ] },
						"down": { "texture": "#scullsparkle", "uv": [ 0.0, 0.0, 1.5, 2.0 ] }
					}
				},
				{
					"name": "Cube4",
					"from": [ 3.0, 3.0, 6.0 ], 
					"to": [ 5.0, 7.0, 8.0 ], 
					"rotationOrigin": [ 3.5, 3.0, 6.0 ],
					"faces": {
						"north": { "texture": "#scullsparkle", "uv": [ 1.5, 0.0, 10.5, 10.0 ], "autoUv": false },
						"east": { "texture": "#scullsparkle", "uv": [ 13.5, 12.5, 15.5, 15.0 ], "autoUv": false },
						"south": { "texture": "#scullsparkle", "uv": [ 1.0, 0.5, 7.5, 9.5 ], "autoUv": false },
						"west": { "texture": "#scullsparkle", "uv": [ 13.5, 13.0, 15.0, 15.0 ], "autoUv": false },
						"up": { "texture": "#scullsparkle", "uv": [ 2.5, 1.5, 4.5, 3.5 ] },
						"down": { "texture": "#scullsparkle", "uv": [ 13.5, 13.0, 15.5, 15.0 ] }
					}
				},
				{
					"name": "Cube5",
					"from": [ 1.5, 0.0, 6.0 ], 
					"to": [ 6.5, 1.0, 8.0 ], 
					"rotationOrigin": [ 1.5, 0.0, 6.0 ],
					"faces": {
						"north": { "texture": "#scullsparkle", "uv": [ 0.0, 0.0, 5.0, 1.0 ] },
						"east": { "texture": "#scullsparkle", "uv": [ 0.0, 0.0, 2.0, 1.0 ] },
						"south": { "texture": "#scullsparkle", "uv": [ 0.0, 0.0, 5.0, 1.0 ] },
						"west": { "texture": "#scullsparkle", "uv": [ 0.0, 0.0, 2.0, 1.0 ] },
						"up": { "texture": "#scullsparkle", "uv": [ 13.5, 13.5, 16.0, 15.5 ], "autoUv": false },
						"down": { "texture": "#scullsparkle", "uv": [ 0.0, 0.0, 5.0, 2.0 ] }
					},
					"children": [
						{
							"name": "Cube21",
							"from": [ 0.0, -1.0, 2.0 ], 
							"to": [ 1.0, 0.0, 2.0 ], 
							"rotationOrigin": [ 0.0, -1.0, 2.0 ],
							"faces": {
								"north": { "texture": "#scullsparkle", "uv": [ 9.5, 14.5, 10.5, 15.5 ] },
								"east": { "texture": "#scullsparkle", "uv": [ 9.0, 15.0, 9.5, 16.0 ] },
								"south": { "texture": "#scullsparkle", "uv": [ 9.0, 14.5, 10.0, 15.5 ] },
								"west": { "texture": "#scullsparkle", "uv": [ 13.5, 13.0, 14.0, 14.0 ] },
								"up": { "texture": "#scullsparkle", "uv": [ 10.0, 15.0, 11.0, 15.5 ] },
								"down": { "texture": "#scullsparkle", "uv": [ 9.5, 15.0, 10.5, 15.5 ] }
							}
						}
					]
				},
				{
					"name": "Cube6",
					"from": [ 1.5, 7.0, 6.0 ], 
					"to": [ 6.5, 8.0, 8.0 ], 
					"rotationOrigin": [ 1.5, 7.0, 6.0 ],
					"faces": {
						"north": { "texture": "#scullsparkle", "uv": [ 0.0, 0.0, 5.0, 1.0 ] },
						"east": { "texture": "#scullsparkle", "uv": [ 0.0, 0.0, 2.0, 1.0 ] },
						"south": { "texture": "#scullsparkle", "uv": [ 0.0, 0.0, 5.0, 1.0 ] },
						"west": { "texture": "#scullsparkle", "uv": [ 0.0, 0.0, 2.0, 1.0 ] },
						"up": { "texture": "#scullsparkle", "uv": [ 1.5, 6.5, 6.5, 8.5 ] },
						"down": { "texture": "#scullsparkle", "uv": [ 13.5, 13.0, 15.5, 15.0 ], "autoUv": false }
					}
				},
				{
					"name": "Cube7",
					"from": [ 1.5, 3.0, 6.0 ], 
					"to": [ 6.5, 5.0, 8.0 ], 
					"rotationOrigin": [ 1.5, 3.0, 6.0 ],
					"faces": {
						"north": { "texture": "#scullsparkle", "uv": [ 0.0, 0.0, 5.0, 2.0 ] },
						"east": { "texture": "#scullsparkle", "uv": [ 0.0, 0.0, 2.0, 2.0 ] },
						"south": { "texture": "#scullsparkle", "uv": [ 0.0, 5.0, 5.0, 7.0 ] },
						"west": { "texture": "#scullsparkle", "uv": [ 0.0, 0.0, 2.0, 2.0 ] },
						"up": { "texture": "#scullsparkle", "uv": [ 12.5, 12.5, 15.5, 15.5 ], "autoUv": false },
						"down": { "texture": "#scullsparkle", "uv": [ 0.0, 0.0, 5.0, 2.0 ] }
					}
				},
				{
					"name": "Cube8",
					"from": [ 1.5, 1.0, 6.0 ], 
					"to": [ 3.5, 3.0, 8.0 ], 
					"rotationOrigin": [ 1.5, 1.0, 6.0 ],
					"faces": {
						"north": { "texture": "#scullsparkle", "uv": [ 3.0, 1.0, 13.0, 10.0 ], "autoUv": false },
						"east": { "texture": "#scullsparkle", "uv": [ 13.5, 13.0, 15.5, 15.0 ] },
						"south": { "texture": "#scullsparkle", "uv": [ 1.0, 5.5, 3.0, 7.5 ] },
						"west": { "texture": "#scullsparkle", "uv": [ 0.0, 0.0, 2.0, 2.0 ] },
						"up": { "texture": "#scullsparkle", "uv": [ 0.0, 0.0, 2.0, 2.0 ] },
						"down": { "texture": "#scullsparkle", "uv": [ 0.0, 0.0, 2.0, 2.0 ] }
					}
				},
				{
					"name": "Cube9",
					"from": [ 4.5, 1.0, 6.0 ], 
					"to": [ 6.5, 3.0, 8.0 ], 
					"rotationOrigin": [ 4.5, 1.0, 6.0 ],
					"faces": {
						"north": { "texture": "#scullsparkle", "uv": [ 4.0, 2.5, 12.0, 13.0 ], "autoUv": false },
						"east": { "texture": "#scullsparkle", "uv": [ 0.0, 0.0, 2.0, 2.0 ] },
						"south": { "texture": "#scullsparkle", "uv": [ 0.5, 4.5, 2.5, 6.5 ] },
						"west": { "texture": "#scullsparkle", "uv": [ 13.5, 13.0, 15.5, 15.0 ] },
						"up": { "texture": "#scullsparkle", "uv": [ 2.0, 5.0, 4.0, 7.0 ] },
						"down": { "texture": "#scullsparkle", "uv": [ 0.0, 0.0, 2.0, 2.0 ] }
					}
				},
				{
					"name": "Cube10",
					"from": [ 3.75, 1.0, 6.0 ], 
					"to": [ 4.25, 2.0, 8.0 ], 
					"rotationOrigin": [ 3.7, 1.0, 6.0 ],
					"faces": {
						"north": { "texture": "#scullsparkle", "uv": [ 14.0, 14.5, 14.5, 15.5 ] },
						"east": { "texture": "#scullsparkle", "uv": [ 13.0, 13.5, 15.0, 14.5 ] },
						"south": { "texture": "#scullsparkle", "uv": [ 14.0, 13.0, 14.5, 14.0 ] },
						"west": { "texture": "#scullsparkle", "uv": [ 13.0, 14.0, 15.0, 15.0 ] },
						"up": { "texture": "#scullsparkle", "uv": [ 13.5, 13.0, 14.0, 15.0 ] },
						"down": { "texture": "#scullsparkle", "uv": [ 0.0, 0.0, 0.5, 2.0 ] }
					}
				},
				{
					"name": "Kiefer",
					"from": [ -0.25, -3.0, 3.0 ], 
					"to": [ 0.0, 1.0, 5.0 ], 
					"rotationOrigin": [ 0.0, -3.0, 3.0 ],
					"faces": {
						"north": { "texture": "#scullsparkle", "uv": [ 0.0, 0.0, 0.5, 4.0 ] },
						"east": { "texture": "#scullsparkle", "uv": [ 0.0, 0.0, 2.0, 4.0 ] },
						"south": { "texture": "#scullsparkle", "uv": [ 0.0, 0.0, 0.5, 4.0 ] },
						"west": { "texture": "#scullsparkle", "uv": [ 0.0, 0.0, 2.0, 4.0 ] },
						"up": { "texture": "#scullsparkle", "uv": [ 0.0, 0.0, 0.5, 2.0 ] },
						"down": { "texture": "#scullsparkle", "uv": [ 0.0, 0.0, 0.5, 2.0 ] }
					},
					"children": [
						{
							"name": "Kiefer12",
							"from": [ 8.25, 0.0, 0.0 ], 
							"to": [ 8.5, 4.0, 2.0 ], 
							"rotationOrigin": [ 9.25, 0.0, 0.0 ],
							"faces": {
								"north": { "texture": "#scullsparkle", "uv": [ 0.0, 0.0, 0.5, 4.0 ] },
								"east": { "texture": "#scullsparkle", "uv": [ 0.0, 0.0, 2.0, 4.0 ] },
								"south": { "texture": "#scullsparkle", "uv": [ 0.0, 0.0, 0.5, 4.0 ] },
								"west": { "texture": "#scullsparkle", "uv": [ 0.0, 0.0, 2.0, 4.0 ] },
								"up": { "texture": "#scullsparkle", "uv": [ 0.0, 0.0, 0.5, 2.0 ] },
								"down": { "texture": "#scullsparkle", "uv": [ 0.0, 0.0, 0.5, 2.0 ] }
							}
						},
						{
							"name": "Cube13",
							"from": [ 0.0, 0.0, 0.0 ], 
							"to": [ 8.5, 1.5, 5.0 ], 
							"faces": {
								"north": { "texture": "#scullsparkle", "uv": [ 0.0, 0.0, 8.5, 1.5 ] },
								"east": { "texture": "#scullsparkle", "uv": [ 0.0, 0.0, 5.0, 1.5 ] },
								"south": { "texture": "#scullsparkle", "uv": [ 0.0, 0.0, 8.5, 1.5 ] },
								"west": { "texture": "#scullsparkle", "uv": [ 0.0, 0.0, 5.0, 1.5 ] },
								"up": { "texture": "#scullsparkle", "uv": [ 0.0, 0.0, 8.5, 5.0 ] },
								"down": { "texture": "#scullsparkle", "uv": [ 0.0, 0.0, 8.5, 5.0 ] }
							},
							"children": [
								{
									"name": "Cube14",
									"from": [ 0.0, 0.0, 0.0 ], 
									"to": [ 8.5, 3.0, 0.0 ], 
									"faces": {
										"north": { "texture": "#scullsparkle", "uv": [ 0.0, 0.0, 8.5, 3.0 ] },
										"east": { "texture": "#scullsparkle", "uv": [ 0.0, 0.0, 0.5, 3.0 ] },
										"south": { "texture": "#scullsparkle", "uv": [ 0.0, 0.0, 8.5, 3.0 ] },
										"west": { "texture": "#scullsparkle", "uv": [ 0.0, 0.0, 0.5, 3.0 ] },
										"up": { "texture": "#scullsparkle", "uv": [ 0.0, 0.0, 8.5, 0.5 ] },
										"down": { "texture": "#scullsparkle", "uv": [ 0.0, 0.0, 8.5, 0.5 ] }
									}
								},
								{
									"name": "Cube15",
									"from": [ 0.0, 1.5, 5.0 ], 
									"to": [ 1.0, 2.5, 5.0 ], 
									"rotationOrigin": [ 0.0, 1.0, 5.0 ],
									"faces": {
										"north": { "texture": "#scullsparkle", "uv": [ 8.5, 14.5, 9.5, 15.5 ] },
										"east": { "texture": "#scullsparkle", "uv": [ 13.5, 12.5, 14.0, 13.5 ] },
										"south": { "texture": "#scullsparkle", "uv": [ 14.5, 15.0, 15.5, 16.0 ] },
										"west": { "texture": "#scullsparkle", "uv": [ 14.0, 14.0, 14.5, 15.0 ] },
										"up": { "texture": "#scullsparkle", "uv": [ 14.0, 15.0, 15.0, 15.5 ] },
										"down": { "texture": "#scullsparkle", "uv": [ 15.0, 13.0, 16.0, 13.5 ] }
									}
								},
								{
									"name": "Cube16",
									"from": [ 3.0, 1.5, 5.0 ], 
									"to": [ 4.0, 2.5, 5.0 ], 
									"rotationOrigin": [ 3.0, 1.0, 5.0 ],
									"faces": {
										"north": { "texture": "#scullsparkle", "uv": [ 9.0, 14.0, 10.0, 15.0 ] },
										"east": { "texture": "#scullsparkle", "uv": [ 9.5, 14.0, 10.0, 15.0 ] },
										"south": { "texture": "#scullsparkle", "uv": [ 8.5, 14.5, 9.5, 15.5 ] },
										"west": { "texture": "#scullsparkle", "uv": [ 9.5, 14.5, 10.0, 15.5 ] },
										"up": { "texture": "#scullsparkle", "uv": [ 0.0, 0.0, 1.0, 0.5 ] },
										"down": { "texture": "#scullsparkle", "uv": [ 0.0, 0.0, 1.0, 0.5 ] }
									}
								},
								{
									"name": "Cube17",
									"from": [ 5.0, 1.5, 5.0 ], 
									"to": [ 6.0, 2.5, 5.0 ], 
									"rotationOrigin": [ 5.0, 1.0, 5.0 ],
									"faces": {
										"north": { "texture": "#scullsparkle", "uv": [ 9.0, 15.0, 10.0, 16.0 ] },
										"east": { "texture": "#scullsparkle", "uv": [ 10.0, 14.0, 10.5, 15.0 ] },
										"south": { "texture": "#scullsparkle", "uv": [ 9.0, 14.5, 10.0, 15.5 ] },
										"west": { "texture": "#scullsparkle", "uv": [ 9.5, 15.0, 10.0, 16.0 ] },
										"up": { "texture": "#scullsparkle", "uv": [ 0.0, 0.0, 1.0, 0.5 ] },
										"down": { "texture": "#scullsparkle", "uv": [ 0.0, 0.0, 1.0, 0.5 ] }
									}
								},
								{
									"name": "Cube18",
									"from": [ 7.0, 1.5, 5.0 ], 
									"to": [ 8.0, 2.5, 5.0 ], 
									"rotationOrigin": [ 7.0, 1.0, 5.0 ],
									"faces": {
										"north": { "texture": "#scullsparkle", "uv": [ 9.5, 14.5, 10.5, 15.5 ] },
										"east": { "texture": "#scullsparkle", "uv": [ 9.0, 14.5, 9.5, 15.5 ] },
										"south": { "texture": "#scullsparkle", "uv": [ 8.0, 14.5, 9.0, 15.5 ] },
										"west": { "texture": "#scullsparkle", "uv": [ 10.0, 15.0, 10.5, 16.0 ] },
										"up": { "texture": "#scullsparkle", "uv": [ 0.0, 0.0, 1.0, 0.5 ] },
										"down": { "texture": "#scullsparkle", "uv": [ 0.0, 0.0, 1.0, 0.5 ] }
									}
								},
								{
									"name": "Cube19",
									"from": [ 0.0, 1.5, 3.0 ], 
									"to": [ 0.0, 2.5, 4.0 ], 
									"rotationOrigin": [ 0.0, 1.0, 3.0 ],
									"faces": {
										"north": { "texture": "#scullsparkle", "uv": [ 9.5, 14.5, 10.0, 15.5 ] },
										"east": { "texture": "#scullsparkle", "uv": [ 9.0, 14.5, 10.0, 15.5 ] },
										"south": { "texture": "#scullsparkle", "uv": [ 9.0, 14.5, 9.5, 15.5 ] },
										"west": { "texture": "#scullsparkle", "uv": [ 9.0, 14.5, 10.0, 15.5 ] },
										"up": { "texture": "#scullsparkle", "uv": [ 0.0, 0.0, 0.5, 1.0 ] },
										"down": { "texture": "#scullsparkle", "uv": [ 0.0, 0.0, 0.5, 1.0 ] }
									}
								},
								{
									"name": "Cube20",
									"from": [ 8.5, 1.5, 2.5 ], 
									"to": [ 8.5, 2.5, 3.5 ], 
									"rotationOrigin": [ 8.0, 1.0, 3.0 ],
									"faces": {
										"north": { "texture": "#scullsparkle", "uv": [ 9.0, 14.0, 9.5, 15.0 ] },
										"east": { "texture": "#scullsparkle", "uv": [ 9.5, 14.5, 10.5, 15.5 ] },
										"south": { "texture": "#scullsparkle", "uv": [ 10.0, 14.5, 10.5, 15.5 ] },
										"west": { "texture": "#scullsparkle", "uv": [ 8.0, 14.5, 9.0, 15.5 ] },
										"up": { "texture": "#scullsparkle", "uv": [ 0.0, 0.0, 0.5, 1.0 ] },
										"down": { "texture": "#scullsparkle", "uv": [ 0.0, 0.0, 0.5, 1.0 ] }
									}
								}
							]
						}
					]
				},
				{
					"name": "Cube22",
					"from": [ 3.0, -16.0, 1.0 ], 
					"to": [ 5.0, 0.0, 3.0 ], 
					"rotationOrigin": [ 3.0, -26.0, 1.0 ],
					"faces": {
						"north": { "texture": "#scullsparkle", "uv": [ 0.5, 14.0, 1.5, 15.5 ], "autoUv": false },
						"east": { "texture": "#scullsparkle", "uv": [ 0.5, 14.0, 1.5, 16.0 ], "autoUv": false },
						"south": { "texture": "#scullsparkle", "uv": [ 0.5, 14.0, 1.5, 16.0 ], "autoUv": false },
						"west": { "texture": "#scullsparkle", "uv": [ 0.5, 14.0, 2.0, 16.0 ], "autoUv": false },
						"up": { "texture": "#scullsparkle", "uv": [ 0.5, 14.0, 2.5, 16.0 ] },
						"down": { "texture": "#scullsparkle", "uv": [ 2.0, 14.0, 4.0, 16.0 ] }
					},
					"children": [
						{
							"name": "Cube26",
							"from": [ -1.0, 9.0, -1.0 ], 
							"to": [ 3.0, 10.0, 3.0 ], 
							"rotationOrigin": [ -1.0, 9.0, -1.0 ],
							"faces": {
								"north": { "texture": "#scullsparkle", "uv": [ 4.5, 14.0, 5.5, 15.0 ], "autoUv": false },
								"east": { "texture": "#scullsparkle", "uv": [ 5.0, 15.0, 6.0, 15.5 ], "autoUv": false },
								"south": { "texture": "#scullsparkle", "uv": [ 4.5, 14.5, 6.0, 16.0 ], "autoUv": false },
								"west": { "texture": "#scullsparkle", "uv": [ 4.5, 14.5, 6.0, 16.0 ], "autoUv": false },
								"up": { "texture": "#scullsparkle", "uv": [ 4.5, 14.5, 5.5, 16.0 ], "autoUv": false },
								"down": { "texture": "#scullsparkle", "uv": [ 5.0, 14.0, 6.0, 15.5 ], "autoUv": false }
							}
						},
						{
							"name": "Cube24",
							"from": [ -1.0, 7.0, -1.0 ], 
							"to": [ 3.0, 8.0, 3.0 ], 
							"rotationOrigin": [ -1.0, 7.0, -1.0 ],
							"faces": {
								"north": { "texture": "#scullsparkle", "uv": [ 4.5, 14.0, 5.5, 15.0 ], "autoUv": false },
								"east": { "texture": "#scullsparkle", "uv": [ 5.0, 15.0, 6.0, 15.5 ], "autoUv": false },
								"south": { "texture": "#scullsparkle", "uv": [ 4.5, 14.5, 6.0, 16.0 ], "autoUv": false },
								"west": { "texture": "#scullsparkle", "uv": [ 4.5, 14.5, 6.0, 16.0 ], "autoUv": false },
								"up": { "texture": "#scullsparkle", "uv": [ 4.5, 14.5, 5.5, 16.0 ], "autoUv": false },
								"down": { "texture": "#scullsparkle", "uv": [ 5.0, 14.0, 6.0, 15.5 ], "autoUv": false }
							}
						},
						{
							"name": "Cube25",
							"from": [ -1.0, 5.0, -1.0 ], 
							"to": [ 3.0, 6.0, 3.0 ], 
							"rotationOrigin": [ -1.0, 5.0, -1.0 ],
							"faces": {
								"north": { "texture": "#scullsparkle", "uv": [ 4.5, 14.0, 5.5, 15.0 ], "autoUv": false },
								"east": { "texture": "#scullsparkle", "uv": [ 5.0, 15.0, 6.0, 15.5 ], "autoUv": false },
								"south": { "texture": "#scullsparkle", "uv": [ 4.5, 14.5, 6.0, 16.0 ], "autoUv": false },
								"west": { "texture": "#scullsparkle", "uv": [ 4.5, 14.5, 6.0, 16.0 ], "autoUv": false },
								"up": { "texture": "#scullsparkle", "uv": [ 4.5, 14.5, 5.5, 16.0 ], "autoUv": false },
								"down": { "texture": "#scullsparkle", "uv": [ 5.0, 14.0, 6.0, 15.5 ], "autoUv": false }
							}
						},
						{
							"name": "Cube27",
							"from": [ -1.0, 3.0, -1.0 ], 
							"to": [ 3.0, 4.0, 3.0 ], 
							"rotationOrigin": [ -1.0, 3.0, -1.0 ],
							"faces": {
								"north": { "texture": "#scullsparkle", "uv": [ 4.5, 14.0, 5.5, 15.0 ], "autoUv": false },
								"east": { "texture": "#scullsparkle", "uv": [ 5.0, 15.0, 6.0, 15.5 ], "autoUv": false },
								"south": { "texture": "#scullsparkle", "uv": [ 4.5, 14.5, 6.0, 16.0 ], "autoUv": false },
								"west": { "texture": "#scullsparkle", "uv": [ 4.5, 14.5, 6.0, 16.0 ], "autoUv": false },
								"up": { "texture": "#scullsparkle", "uv": [ 4.5, 14.5, 5.5, 16.0 ], "autoUv": false },
								"down": { "texture": "#scullsparkle", "uv": [ 5.0, 14.0, 6.0, 15.5 ], "autoUv": false }
							}
						}
					]
				}
			]
		}
	]}