{
	"editor": {
		"allAngles": false,
		"entityTextureMode": false
	},
	"textureWidth": 16,
	"textureHeight": 16,
	"textureSizes": {
	},
	"textures": {
	},
	"elements": [
		{
			"name": "Cube1",
			"from": [ 5.0, 0.0, 7.0 ], 
			"to": [ 13.0, 3.0, 11.0 ], 
			"rotationOrigin": [ 5.0, 0.0, 7.0 ],
			"faces": {
				"north": { "texture": "#null", "uv": [ 0.0, 0.0, 8.0, 3.0 ] },
				"east": { "texture": "#null", "uv": [ 0.0, 0.0, 4.0, 3.0 ] },
				"south": { "texture": "#null", "uv": [ 0.0, 0.0, 8.0, 3.0 ] },
				"west": { "texture": "#null", "uv": [ 0.0, 0.0, 4.0, 3.0 ] },
				"up": { "texture": "#null", "uv": [ 0.0, 0.0, 8.0, 4.0 ] },
				"down": { "texture": "#null", "uv": [ 0.0, 0.0, 8.0, 4.0 ] }
			},
			"children": [
				{
					"name": "Cube2",
					"from": [ -1.0, 1.0, -1.0 ], 
					"to": [ 11.0, 4.0, 0.0 ], 
					"rotationOrigin": [ -1.0, 1.0, -1.0 ],
					"faces": {
						"north": { "texture": "#null", "uv": [ 0.0, 0.0, 12.0, 3.0 ] },
						"east": { "texture": "#null", "uv": [ 0.0, 0.0, 1.0, 3.0 ] },
						"south": { "texture": "#null", "uv": [ 0.0, 0.0, 12.0, 3.0 ] },
						"west": { "texture": "#null", "uv": [ 0.0, 0.0, 1.0, 3.0 ] },
						"up": { "texture": "#null", "uv": [ 0.0, 0.0, 12.0, 1.0 ] },
						"down": { "texture": "#null", "uv": [ 0.0, 0.0, 12.0, 1.0 ] }
					}
				},
				{
					"name": "Cube3",
					"from": [ -1.0, 0.0, 4.0 ], 
					"to": [ 4.0, 2.0, 5.0 ], 
					"rotationOrigin": [ -1.0, 0.0, 4.0 ],
					"faces": {
						"north": { "texture": "#null", "uv": [ 0.0, 0.0, 5.0, 2.0 ] },
						"east": { "texture": "#null", "uv": [ 0.0, 0.0, 1.0, 2.0 ] },
						"south": { "texture": "#null", "uv": [ 0.0, 0.0, 5.0, 2.0 ] },
						"west": { "texture": "#null", "uv": [ 0.0, 0.0, 1.0, 2.0 ] },
						"up": { "texture": "#null", "uv": [ 0.0, 0.0, 5.0, 1.0 ] },
						"down": { "texture": "#null", "uv": [ 0.0, 0.0, 5.0, 1.0 ] }
					},
					"children": [
						{
							"name": "Cube4",
							"from": [ 5.0, 0.0, 0.0 ], 
							"to": [ 9.0, 1.0, 1.0 ], 
							"rotationOrigin": [ 5.0, 0.0, 0.0 ],
							"faces": {
								"north": { "texture": "#null", "uv": [ 0.0, 0.0, 4.0, 1.0 ] },
								"east": { "texture": "#null", "uv": [ 0.0, 0.0, 1.0, 1.0 ] },
								"south": { "texture": "#null", "uv": [ 0.0, 0.0, 4.0, 1.0 ] },
								"west": { "texture": "#null", "uv": [ 0.0, 0.0, 1.0, 1.0 ] },
								"up": { "texture": "#null", "uv": [ 0.0, 0.0, 4.0, 1.0 ] },
								"down": { "texture": "#null", "uv": [ 0.0, 0.0, 4.0, 1.0 ] }
							}
						}
					]
				},
				{
					"name": "Cube5",
					"from": [ 2.0, 3.0, 0.0 ], 
					"to": [ 5.0, 5.0, 3.0 ], 
					"rotationOrigin": [ 2.0, 3.0, 0.0 ],
					"faces": {
						"north": { "texture": "#null", "uv": [ 0.0, 0.0, 3.0, 2.0 ] },
						"east": { "texture": "#null", "uv": [ 0.0, 0.0, 3.0, 2.0 ] },
						"south": { "texture": "#null", "uv": [ 0.0, 0.0, 3.0, 2.0 ] },
						"west": { "texture": "#null", "uv": [ 0.0, 0.0, 3.0, 2.0 ] },
						"up": { "texture": "#null", "uv": [ 0.0, 0.0, 3.0, 3.0 ] },
						"down": { "texture": "#null", "uv": [ 0.0, 0.0, 3.0, 3.0 ] }
					}
				}
			]
		}
	]}