{
	"editor": {
		"allAngles": false,
		"entityTextureMode": false
	},
	"textureWidth": 16,
	"textureHeight": 16,
	"textureSizes": {
	},
	"textures": {
		"herz": "item/resource/herz"
	},
	"elements": [
		{
			"name": "Cube10",
			"from": [ 7.0, 0.0, 6.0 ], 
			"to": [ 11.0, 4.0, 10.0 ], 
			"rotationOrigin": [ 7.0, 0.0, 6.0 ],
			"faces": {
				"north": { "texture": "#herz", "uv": [ 0.0, 0.0, 4.0, 4.0 ] },
				"east": { "texture": "#herz", "uv": [ 0.0, 0.0, 4.0, 4.0 ] },
				"south": { "texture": "#herz", "uv": [ 0.0, 0.0, 4.0, 4.0 ] },
				"west": { "texture": "#herz", "uv": [ 0.0, 0.0, 4.0, 4.0 ] },
				"up": { "texture": "#herz", "uv": [ 0.0, 0.0, 4.0, 4.0 ] },
				"down": { "texture": "#herz", "uv": [ 0.0, 0.0, 4.0, 4.0 ] }
			},
			"children": [
				{
					"name": "Cube11",
					"from": [ -1.0, 3.0, 0.0 ], 
					"to": [ 1.0, 5.0, 3.0 ], 
					"rotationOrigin": [ -1.0, 3.0, 0.0 ],
					"faces": {
						"north": { "texture": "#herz", "uv": [ 0.0, 0.0, 2.0, 2.0 ] },
						"east": { "texture": "#herz", "uv": [ 0.0, 0.0, 3.0, 2.0 ] },
						"south": { "texture": "#herz", "uv": [ 0.0, 0.0, 2.0, 2.0 ] },
						"west": { "texture": "#herz", "uv": [ 0.0, 0.0, 3.0, 2.0 ] },
						"up": { "texture": "#herz", "uv": [ 0.0, 0.0, 2.0, 3.0 ] },
						"down": { "texture": "#herz", "uv": [ 0.0, 0.0, 2.0, 3.0 ] }
					}
				},
				{
					"name": "Cube12",
					"from": [ 3.0, 3.0, 1.0 ], 
					"to": [ 5.0, 6.0, 4.0 ], 
					"rotationOrigin": [ 3.0, 3.0, 1.0 ],
					"faces": {
						"north": { "texture": "#herz", "uv": [ 0.0, 0.0, 2.0, 3.0 ] },
						"east": { "texture": "#herz", "uv": [ 0.0, 0.0, 3.0, 3.0 ] },
						"south": { "texture": "#herz", "uv": [ 0.0, 0.0, 2.0, 3.0 ] },
						"west": { "texture": "#herz", "uv": [ 0.0, 0.0, 3.0, 3.0 ] },
						"up": { "texture": "#herz", "uv": [ 0.0, 0.0, 2.0, 3.0 ] },
						"down": { "texture": "#herz", "uv": [ 0.0, 0.0, 2.0, 3.0 ] }
					}
				}
			]
		}
	],
	"animations": [
		{
			"name": "Rotate",
			"code": "rotate",
			"quantityframes": 30,
			"onActivityStopped": "PlayTillEnd",
			"onAnimationEnd": "Repeat",
			"keyframes": [

			]
		}
	]
}