{
	"editor": {
		"allAngles": false,
		"entityTextureMode": false
	},
	"textureWidth": 16,
	"textureHeight": 16,
	"textureSizes": {
	},
	"textures": {
		"uranium": "omniummod:item/uranium",
		"holztextur": "omniummod:item/holztextur"
	},
	"elements": [
		{
			"name": "Cube1",
			"from": [ 7.0, 0.0, -10.0 ], 
			"to": [ 9.0, 1.0, 12.0 ], 
			"rotationOrigin": [ 7.0, 0.0, -10.0 ],
			"faces": {
				"north": { "texture": "#uranium", "uv": [ 0.0, 0.0, 2.0, 1.0 ] },
				"east": { "texture": "#uranium", "uv": [ 0.0, 0.0, 15.0, 1.0 ], "autoUv": false },
				"south": { "texture": "#uranium", "uv": [ 0.0, 0.0, 2.0, 1.0 ] },
				"west": { "texture": "#uranium", "uv": [ 0.0, 0.0, 15.0, 1.0 ], "autoUv": false },
				"up": { "texture": "#uranium", "uv": [ 0.0, 0.0, 2.0, 15.0 ], "autoUv": false },
				"down": { "texture": "#uranium", "uv": [ 0.0, 0.0, 2.0, 15.0 ], "autoUv": false }
			},
			"children": [
				{
					"name": "Cube2",
					"from": [ -0.5, 0.25, -1.0 ], 
					"to": [ 2.5, 0.75, 22.0 ], 
					"rotationOrigin": [ 0.0, 0.0, -1.0 ],
					"faces": {
						"north": { "texture": "#uranium", "uv": [ 0.0, 0.0, 3.0, 0.5 ] },
						"east": { "texture": "#uranium", "uv": [ 0.0, 0.0, 3.0, 10.0 ], "autoUv": false },
						"south": { "texture": "#uranium", "uv": [ 0.0, 0.0, 3.0, 10.0 ], "autoUv": false },
						"west": { "texture": "#uranium", "uv": [ 2.0, 0.5, 3.0, 10.0 ], "autoUv": false },
						"up": { "texture": "#uranium", "uv": [ 0.0, 0.0, 3.0, 10.0 ], "autoUv": false },
						"down": { "texture": "#uranium", "uv": [ 0.0, 0.0, 3.0, 10.0 ], "autoUv": false }
					}
				},
				{
					"name": "Cube3",
					"from": [ 0.25, 0.25, -5.0 ], 
					"to": [ 1.75, 0.75, -1.0 ], 
					"rotationOrigin": [ 0.0, 0.0, -5.0 ],
					"faces": {
						"north": { "texture": "#uranium", "uv": [ 0.0, 0.0, 1.5, 0.5 ] },
						"east": { "texture": "#uranium", "uv": [ 0.0, 0.0, 4.0, 0.5 ] },
						"south": { "texture": "#uranium", "uv": [ 0.0, 0.0, 1.5, 0.5 ] },
						"west": { "texture": "#uranium", "uv": [ 0.0, 0.0, 4.0, 0.5 ] },
						"up": { "texture": "#uranium", "uv": [ 0.0, 0.0, 1.5, 4.0 ] },
						"down": { "texture": "#uranium", "uv": [ 0.0, 0.0, 1.5, 4.0 ] }
					}
				},
				{
					"name": "Cube4",
					"from": [ -1.0, -0.1, 21.0 ], 
					"to": [ 3.0, 1.1, 22.1 ], 
					"rotationOrigin": [ -1.0, 0.0, 21.0 ],
					"faces": {
						"north": { "texture": "#holztextur", "uv": [ 0.0, 0.0, 4.0, 1.0 ] },
						"east": { "texture": "#holztextur", "uv": [ 0.0, 0.0, 1.0, 1.0 ] },
						"south": { "texture": "#holztextur", "uv": [ 0.0, 0.0, 4.0, 1.0 ] },
						"west": { "texture": "#holztextur", "uv": [ 0.0, 0.0, 1.0, 1.0 ] },
						"up": { "texture": "#holztextur", "uv": [ 0.0, 0.0, 4.0, 1.0 ] },
						"down": { "texture": "#holztextur", "uv": [ 0.0, 0.0, 4.0, 1.0 ] }
					}
				},
				{
					"name": "Cube5",
					"from": [ 0.0, 0.0, 22.0 ], 
					"to": [ 2.0, 1.0, 26.0 ], 
					"rotationOrigin": [ 0.0, 0.0, 22.0 ],
					"faces": {
						"north": { "texture": "#holztextur", "uv": [ 0.0, 0.0, 2.0, 6.0 ], "autoUv": false },
						"east": { "texture": "#holztextur", "uv": [ 1.5, 0.5, 5.5, 1.5 ] },
						"south": { "texture": "#holztextur", "uv": [ 0.0, 0.0, 2.0, 1.0 ] },
						"west": { "texture": "#holztextur", "uv": [ 0.0, 0.0, 4.0, 1.0 ] },
						"up": { "texture": "#holztextur", "uv": [ 0.0, 0.0, 2.0, 4.0 ] },
						"down": { "texture": "#holztextur", "uv": [ 0.0, 8.0, 2.0, 12.0 ] }
					}
				}
			]
		}
	]}