{
	"editor": {
		"allAngles": false,
		"entityTextureMode": false
	},
	"textureWidth": 16,
	"textureHeight": 16,
	"textureSizes": {
	},
	"textures": {
		"black_coral": "block/deepwaterblocks/coral/black_coral"
	},
	"elements": [
		{
			"name": "Cube1",
			"from": [ 0.0, 0.0, 0.0 ], 
			"to": [ 16.0, 16.0, 16.0 ], 
			"faces": {
				"north": { "texture": "#black_coral", "uv": [ 0.0, 0.0, 16.0, 16.0 ] },
				"east": { "texture": "#black_coral", "uv": [ 0.0, 0.0, 16.0, 16.0 ] },
				"south": { "texture": "#black_coral", "uv": [ 0.0, 0.0, 16.0, 16.0 ] },
				"west": { "texture": "#black_coral", "uv": [ 0.0, 0.0, 16.0, 16.0 ] },
				"up": { "texture": "#black_coral", "uv": [ 0.0, 0.0, 16.0, 16.0 ] },
				"down": { "texture": "#black_coral", "uv": [ 0.0, 0.0, 16.0, 16.0 ] }
			},
			"children": [
				{
					"name": "Cube2",
					"from": [ -1.0, 8.0, 6.0 ], 
					"to": [ 0.0, 13.0, 14.0 ], 
					"rotationOrigin": [ -1.0, 8.0, 6.0 ],
					"faces": {
						"north": { "texture": "#black_coral", "uv": [ 0.0, 0.0, 1.0, 5.0 ] },
						"east": { "texture": "#black_coral", "uv": [ 0.0, 0.0, 8.0, 5.0 ] },
						"south": { "texture": "#black_coral", "uv": [ 0.0, 0.0, 1.0, 5.0 ] },
						"west": { "texture": "#black_coral", "uv": [ 0.0, 0.0, 8.0, 5.0 ] },
						"up": { "texture": "#black_coral", "uv": [ 0.0, 0.0, 1.0, 8.0 ] },
						"down": { "texture": "#black_coral", "uv": [ 0.0, 0.0, 1.0, 8.0 ] }
					}
				},
				{
					"name": "Cube3",
					"from": [ -2.0, 0.0, 0.0 ], 
					"to": [ 0.0, 6.0, 4.0 ], 
					"rotationOrigin": [ -2.0, 0.0, 0.0 ],
					"faces": {
						"north": { "texture": "#black_coral", "uv": [ 0.0, 0.0, 2.0, 6.0 ] },
						"east": { "texture": "#black_coral", "uv": [ 0.0, 0.0, 4.0, 6.0 ] },
						"south": { "texture": "#black_coral", "uv": [ 0.0, 0.0, 2.0, 6.0 ] },
						"west": { "texture": "#black_coral", "uv": [ 0.0, 0.0, 4.0, 6.0 ] },
						"up": { "texture": "#black_coral", "uv": [ 0.0, 0.0, 2.0, 4.0 ] },
						"down": { "texture": "#black_coral", "uv": [ 0.0, 0.0, 2.0, 4.0 ] }
					},
					"children": [
						{
							"name": "Cube4",
							"from": [ 1.0, 1.0, 4.0 ], 
							"to": [ 2.0, 7.0, 7.0 ], 
							"rotationOrigin": [ 1.0, 1.0, 4.0 ],
							"faces": {
								"north": { "texture": "#black_coral", "uv": [ 0.0, 0.0, 1.0, 6.0 ] },
								"east": { "texture": "#black_coral", "uv": [ 0.0, 0.0, 3.0, 6.0 ] },
								"south": { "texture": "#black_coral", "uv": [ 0.0, 0.0, 1.0, 6.0 ] },
								"west": { "texture": "#black_coral", "uv": [ 0.0, 0.0, 3.0, 6.0 ] },
								"up": { "texture": "#black_coral", "uv": [ 0.0, 0.0, 1.0, 3.0 ] },
								"down": { "texture": "#black_coral", "uv": [ 0.0, 0.0, 1.0, 3.0 ] }
							}
						}
					]
				},
				{
					"name": "Cube5",
					"from": [ 7.0, 1.0, -1.0 ], 
					"to": [ 14.0, 7.0, 0.0 ], 
					"rotationOrigin": [ 7.0, 1.0, -1.0 ],
					"faces": {
						"north": { "texture": "#black_coral", "uv": [ 0.0, 0.0, 7.0, 6.0 ] },
						"east": { "texture": "#black_coral", "uv": [ 0.0, 0.0, 1.0, 6.0 ] },
						"south": { "texture": "#black_coral", "uv": [ 0.0, 0.0, 7.0, 6.0 ] },
						"west": { "texture": "#black_coral", "uv": [ 0.0, 0.0, 1.0, 6.0 ] },
						"up": { "texture": "#black_coral", "uv": [ 0.0, 0.0, 7.0, 1.0 ] },
						"down": { "texture": "#black_coral", "uv": [ 0.0, 0.0, 7.0, 1.0 ] }
					}
				},
				{
					"name": "Cube6",
					"from": [ 3.0, 13.0, -1.0 ], 
					"to": [ 8.0, 17.0, 0.0 ], 
					"rotationOrigin": [ 3.0, 13.0, -1.0 ],
					"faces": {
						"north": { "texture": "#black_coral", "uv": [ 0.0, 0.0, 5.0, 4.0 ] },
						"east": { "texture": "#black_coral", "uv": [ 0.0, 0.0, 1.0, 4.0 ] },
						"south": { "texture": "#black_coral", "uv": [ 0.0, 0.0, 5.0, 4.0 ] },
						"west": { "texture": "#black_coral", "uv": [ 0.0, 0.0, 1.0, 4.0 ] },
						"up": { "texture": "#black_coral", "uv": [ 0.0, 0.0, 5.0, 1.0 ] },
						"down": { "texture": "#black_coral", "uv": [ 0.0, 0.0, 5.0, 1.0 ] }
					}
				},
				{
					"name": "Cube7",
					"from": [ 16.0, 3.0, 1.0 ], 
					"to": [ 17.0, 14.0, 12.0 ], 
					"rotationOrigin": [ 16.0, 3.0, 1.0 ],
					"faces": {
						"north": { "texture": "#black_coral", "uv": [ 0.0, 0.0, 1.0, 11.0 ] },
						"east": { "texture": "#black_coral", "uv": [ 0.0, 0.0, 11.0, 11.0 ] },
						"south": { "texture": "#black_coral", "uv": [ 0.0, 0.0, 1.0, 11.0 ] },
						"west": { "texture": "#black_coral", "uv": [ 0.0, 0.0, 11.0, 11.0 ] },
						"up": { "texture": "#black_coral", "uv": [ 0.0, 0.0, 1.0, 11.0 ] },
						"down": { "texture": "#black_coral", "uv": [ 0.0, 0.0, 1.0, 11.0 ] }
					}
				},
				{
					"name": "Cube8",
					"from": [ 0.0, 4.0, 16.0 ], 
					"to": [ 6.0, 7.0, 17.0 ], 
					"rotationOrigin": [ 0.0, 4.0, 16.0 ],
					"faces": {
						"north": { "texture": "#black_coral", "uv": [ 0.0, 0.0, 6.0, 3.0 ] },
						"east": { "texture": "#black_coral", "uv": [ 0.0, 0.0, 1.0, 3.0 ] },
						"south": { "texture": "#black_coral", "uv": [ 0.0, 0.0, 6.0, 3.0 ] },
						"west": { "texture": "#black_coral", "uv": [ 0.0, 0.0, 1.0, 3.0 ] },
						"up": { "texture": "#black_coral", "uv": [ 0.0, 0.0, 6.0, 1.0 ] },
						"down": { "texture": "#black_coral", "uv": [ 0.0, 0.0, 6.0, 1.0 ] }
					}
				},
				{
					"name": "Cube9",
					"from": [ 4.0, 7.0, 16.0 ], 
					"to": [ 13.0, 13.0, 17.0 ], 
					"rotationOrigin": [ 4.0, 7.0, 16.0 ],
					"faces": {
						"north": { "texture": "#black_coral", "uv": [ 0.0, 0.0, 9.0, 6.0 ] },
						"east": { "texture": "#black_coral", "uv": [ 0.0, 0.0, 1.0, 6.0 ] },
						"south": { "texture": "#black_coral", "uv": [ 0.0, 0.0, 9.0, 6.0 ] },
						"west": { "texture": "#black_coral", "uv": [ 0.0, 0.0, 1.0, 6.0 ] },
						"up": { "texture": "#black_coral", "uv": [ 0.0, 0.0, 9.0, 1.0 ] },
						"down": { "texture": "#black_coral", "uv": [ 0.0, 0.0, 9.0, 1.0 ] }
					}
				},
				{
					"name": "Cube10",
					"from": [ 13.0, 0.0, 16.0 ], 
					"to": [ 16.0, 3.0, 17.0 ], 
					"rotationOrigin": [ 13.0, 0.0, 16.0 ],
					"faces": {
						"north": { "texture": "#black_coral", "uv": [ 0.0, 0.0, 3.0, 3.0 ] },
						"east": { "texture": "#black_coral", "uv": [ 0.0, 0.0, 1.0, 3.0 ] },
						"south": { "texture": "#black_coral", "uv": [ 0.0, 0.0, 3.0, 3.0 ] },
						"west": { "texture": "#black_coral", "uv": [ 0.0, 0.0, 1.0, 3.0 ] },
						"up": { "texture": "#black_coral", "uv": [ 0.0, 0.0, 3.0, 1.0 ] },
						"down": { "texture": "#black_coral", "uv": [ 0.0, 0.0, 3.0, 1.0 ] }
					}
				},
				{
					"name": "Cube11",
					"from": [ 2.0, 16.0, 6.0 ], 
					"to": [ 10.0, 17.0, 11.0 ], 
					"rotationOrigin": [ 2.0, 16.0, 6.0 ],
					"faces": {
						"north": { "texture": "#black_coral", "uv": [ 0.0, 0.0, 8.0, 1.0 ] },
						"east": { "texture": "#black_coral", "uv": [ 0.0, 0.0, 5.0, 1.0 ] },
						"south": { "texture": "#black_coral", "uv": [ 0.0, 0.0, 8.0, 1.0 ] },
						"west": { "texture": "#black_coral", "uv": [ 0.0, 0.0, 5.0, 1.0 ] },
						"up": { "texture": "#black_coral", "uv": [ 0.0, 0.0, 8.0, 5.0 ] },
						"down": { "texture": "#black_coral", "uv": [ 0.0, 0.0, 8.0, 5.0 ] }
					}
				},
				{
					"name": "Cube12",
					"from": [ 11.0, 16.0, 2.0 ], 
					"to": [ 14.0, 17.0, 7.0 ], 
					"rotationOrigin": [ 11.0, 16.0, 2.0 ],
					"faces": {
						"north": { "texture": "#black_coral", "uv": [ 0.0, 0.0, 3.0, 1.0 ] },
						"east": { "texture": "#black_coral", "uv": [ 0.0, 0.0, 5.0, 1.0 ] },
						"south": { "texture": "#black_coral", "uv": [ 0.0, 0.0, 3.0, 1.0 ] },
						"west": { "texture": "#black_coral", "uv": [ 0.0, 0.0, 5.0, 1.0 ] },
						"up": { "texture": "#black_coral", "uv": [ 0.0, 0.0, 3.0, 5.0 ] },
						"down": { "texture": "#black_coral", "uv": [ 0.0, 0.0, 3.0, 5.0 ] }
					}
				}
			]
		}
	]}