{
	"editor": {
		"allAngles": false,
		"entityTextureMode": false
	},
	"textureWidth": 16,
	"textureHeight": 16,
	"textureSizes": {
	},
	"textures": {
		"fern_black_coral": "/Vintage Story/Vintagestory/Mods/Omniummod/assets/omniummod/textures/block/deepwaterblocks/coral/coralfern/fern_black_coral"
	},
	"elements": [
		{
			"name": "Cube1",
			"from": [ 8.0, 0.0, 0.0 ], 
			"to": [ 8.0, 13.0, 16.0 ], 
			"rotationOrigin": [ 8.0, 0.0, 0.0 ],
			"rotationZ": -35.0,
			"faces": {
				"north": { "texture": "#fern_black_coral", "uv": [ 0.0, 0.0, 0.5, 13.0 ] },
				"east": { "texture": "#fern_black_coral", "uv": [ 0.0, 0.0, 16.0, 13.0 ] },
				"south": { "texture": "#fern_black_coral", "uv": [ 0.0, 0.0, 0.5, 13.0 ] },
				"west": { "texture": "#fern_black_coral", "uv": [ 0.0, 0.0, 16.0, 13.0 ] },
				"up": { "texture": "#fern_black_coral", "uv": [ 0.0, 0.0, 0.5, 16.0 ] },
				"down": { "texture": "#fern_black_coral", "uv": [ 0.0, 0.0, 0.5, 16.0 ] }
			}
		},
		{
			"name": "Cube2",
			"from": [ 8.0, 0.0, 0.0 ], 
			"to": [ 8.0, 13.0, 16.0 ], 
			"rotationOrigin": [ 8.0, 0.0, 0.0 ],
			"rotationZ": 35.0,
			"faces": {
				"north": { "texture": "#fern_black_coral", "uv": [ 0.0, 0.0, 0.5, 13.0 ] },
				"east": { "texture": "#fern_black_coral", "uv": [ 0.0, 0.0, 16.0, 13.0 ] },
				"south": { "texture": "#fern_black_coral", "uv": [ 0.0, 0.0, 0.5, 13.0 ] },
				"west": { "texture": "#fern_black_coral", "uv": [ 0.0, 0.0, 16.0, 13.0 ] },
				"up": { "texture": "#fern_black_coral", "uv": [ 0.0, 0.0, 0.5, 16.0 ] },
				"down": { "texture": "#fern_black_coral", "uv": [ 0.0, 0.0, 0.5, 16.0 ] }
			}
		}
	]}