{
	"editor": {
		"allAngles": false,
		"entityTextureMode": false
	},
	"textureWidth": 16,
	"textureHeight": 16,
	"textureSizes": {
	},
	"textures": {
		"deepclam": "block/deepwaterblocks/deepclam"
	},
	"elements": [
		{
			"name": "Cube1",
			"from": [ 1.0, 0.0, 6.0 ], 
			"to": [ 3.0, 3.0, 6.5 ], 
			"rotationOrigin": [ 1.0, 0.0, 6.0 ],
			"rotationX": -22.5,
			"faces": {
				"north": { "texture": "#deepclam", "uv": [ 0.0, 0.0, 2.0, 3.0 ] },
				"east": { "texture": "#deepclam", "uv": [ 0.0, 0.0, 0.5, 3.0 ] },
				"south": { "texture": "#deepclam", "uv": [ 0.0, 0.0, 2.0, 3.0 ] },
				"west": { "texture": "#deepclam", "uv": [ 0.0, 0.0, 0.5, 3.0 ] },
				"up": { "texture": "#deepclam", "uv": [ 0.0, 0.0, 2.0, 0.5 ] },
				"down": { "texture": "#deepclam", "uv": [ 0.0, 0.0, 2.0, 0.5 ] }
			},
			"children": [
				{
					"name": "Cube2",
					"from": [ 0.0, 0.0, 0.0 ], 
					"to": [ 2.0, 3.0, 0.5 ], 
					"rotationOrigin": [ 0.0, 0.0, 0.0 ],
					"rotationX": 45.0,
					"faces": {
						"north": { "texture": "#deepclam", "uv": [ 0.0, 0.0, 2.0, 3.0 ] },
						"east": { "texture": "#deepclam", "uv": [ 0.0, 0.0, 0.5, 3.0 ] },
						"south": { "texture": "#deepclam", "uv": [ 0.0, 0.0, 2.0, 3.0 ] },
						"west": { "texture": "#deepclam", "uv": [ 0.0, 0.0, 0.5, 3.0 ] },
						"up": { "texture": "#deepclam", "uv": [ 0.0, 0.0, 2.0, 0.5 ] },
						"down": { "texture": "#deepclam", "uv": [ 0.0, 0.0, 2.0, 0.5 ] }
					}
				}
			]
		},
		{
			"name": "Cube3",
			"from": [ 8.0, 0.0, 6.0 ], 
			"to": [ 10.0, 3.0, 6.5 ], 
			"rotationOrigin": [ 8.0, 0.0, 6.0 ],
			"rotationX": -22.5,
			"rotationY": 45.0,
			"faces": {
				"north": { "texture": "#deepclam", "uv": [ 0.0, 0.0, 2.0, 3.0 ] },
				"east": { "texture": "#deepclam", "uv": [ 0.0, 0.0, 0.5, 3.0 ] },
				"south": { "texture": "#deepclam", "uv": [ 0.0, 0.0, 2.0, 3.0 ] },
				"west": { "texture": "#deepclam", "uv": [ 0.0, 0.0, 0.5, 3.0 ] },
				"up": { "texture": "#deepclam", "uv": [ 0.0, 0.0, 2.0, 0.5 ] },
				"down": { "texture": "#deepclam", "uv": [ 0.0, 0.0, 2.0, 0.5 ] }
			},
			"children": [
				{
					"name": "Cube4",
					"from": [ 0.0, 0.0, 0.0 ], 
					"to": [ 2.0, 3.0, 0.5 ], 
					"rotationOrigin": [ 0.0, 0.0, 0.0 ],
					"rotationX": 45.0,
					"faces": {
						"north": { "texture": "#deepclam", "uv": [ 0.0, 0.0, 2.0, 3.0 ] },
						"east": { "texture": "#deepclam", "uv": [ 0.0, 0.0, 0.5, 3.0 ] },
						"south": { "texture": "#deepclam", "uv": [ 0.0, 0.0, 2.0, 3.0 ] },
						"west": { "texture": "#deepclam", "uv": [ 0.0, 0.0, 0.5, 3.0 ] },
						"up": { "texture": "#deepclam", "uv": [ 0.0, 0.0, 2.0, 0.5 ] },
						"down": { "texture": "#deepclam", "uv": [ 0.0, 0.0, 2.0, 0.5 ] }
					}
				}
			]
		},
		{
			"name": "Cube5",
			"from": [ 4.0, 0.0, 13.0 ], 
			"to": [ 5.0, 2.0, 15.0 ], 
			"rotationOrigin": [ 4.0, 0.0, 13.0 ],
			"faces": {
				"north": { "texture": "#deepclam", "uv": [ 0.0, 0.0, 1.0, 2.0 ] },
				"east": { "texture": "#deepclam", "uv": [ 0.0, 0.0, 2.0, 2.0 ] },
				"south": { "texture": "#deepclam", "uv": [ 0.0, 0.0, 1.0, 2.0 ] },
				"west": { "texture": "#deepclam", "uv": [ 0.0, 0.0, 2.0, 2.0 ] },
				"up": { "texture": "#deepclam", "uv": [ 0.0, 0.0, 1.0, 2.0 ] },
				"down": { "texture": "#deepclam", "uv": [ 0.0, 0.0, 1.0, 2.0 ] }
			}
		},
		{
			"name": "Cube6",
			"from": [ 13.0, 0.0, 12.0 ], 
			"to": [ 15.0, 1.0, 15.0 ], 
			"rotationOrigin": [ 13.0, 0.0, 12.0 ],
			"faces": {
				"north": { "texture": "#deepclam", "uv": [ 0.0, 0.0, 2.0, 1.0 ] },
				"east": { "texture": "#deepclam", "uv": [ 0.0, 0.0, 3.0, 1.0 ] },
				"south": { "texture": "#deepclam", "uv": [ 0.0, 0.0, 2.0, 1.0 ] },
				"west": { "texture": "#deepclam", "uv": [ 0.0, 0.0, 3.0, 1.0 ] },
				"up": { "texture": "#deepclam", "uv": [ 0.0, 0.0, 2.0, 3.0 ] },
				"down": { "texture": "#deepclam", "uv": [ 0.0, 0.0, 2.0, 3.0 ] }
			}
		},
		{
			"name": "Cube7",
			"from": [ 10.0, 0.5, 11.0 ], 
			"to": [ 12.0, 3.5, 11.5 ], 
			"rotationOrigin": [ 11.0, 0.5, 11.0 ],
			"rotationX": 45.0,
			"rotationY": -22.5,
			"rotationZ": 67.5,
			"faces": {
				"north": { "texture": "#deepclam", "uv": [ 0.0, 0.0, 2.0, 3.0 ] },
				"east": { "texture": "#deepclam", "uv": [ 0.0, 0.0, 0.5, 3.0 ] },
				"south": { "texture": "#deepclam", "uv": [ 0.0, 0.0, 2.0, 3.0 ] },
				"west": { "texture": "#deepclam", "uv": [ 0.0, 0.0, 0.5, 3.0 ] },
				"up": { "texture": "#deepclam", "uv": [ 0.0, 0.0, 2.0, 0.5 ] },
				"down": { "texture": "#deepclam", "uv": [ 0.0, 0.0, 2.0, 0.5 ] }
			},
			"children": [
				{
					"name": "Cube8",
					"from": [ 0.0, 0.0, 0.0 ], 
					"to": [ 2.0, 3.0, 0.5 ], 
					"rotationOrigin": [ 0.0, 0.0, 0.0 ],
					"rotationX": 45.0,
					"faces": {
						"north": { "texture": "#deepclam", "uv": [ 0.0, 0.0, 2.0, 3.0 ] },
						"east": { "texture": "#deepclam", "uv": [ 0.0, 0.0, 0.5, 3.0 ] },
						"south": { "texture": "#deepclam", "uv": [ 0.0, 0.0, 2.0, 3.0 ] },
						"west": { "texture": "#deepclam", "uv": [ 0.0, 0.0, 0.5, 3.0 ] },
						"up": { "texture": "#deepclam", "uv": [ 0.0, 0.0, 2.0, 0.5 ] },
						"down": { "texture": "#deepclam", "uv": [ 0.0, 0.0, 2.0, 0.5 ] }
					}
				}
			]
		},
		{
			"name": "Cube9",
			"from": [ 11.0, 0.0, 1.0 ], 
			"to": [ 13.0, 3.0, 2.0 ], 
			"rotationOrigin": [ 11.0, 0.0, 1.0 ],
			"rotationY": 22.5,
			"rotationZ": -22.5,
			"faces": {
				"north": { "texture": "#deepclam", "uv": [ 0.0, 0.0, 2.0, 3.0 ] },
				"east": { "texture": "#deepclam", "uv": [ 0.0, 0.0, 1.0, 3.0 ] },
				"south": { "texture": "#deepclam", "uv": [ 0.0, 0.0, 2.0, 3.0 ] },
				"west": { "texture": "#deepclam", "uv": [ 0.0, 0.0, 1.0, 3.0 ] },
				"up": { "texture": "#deepclam", "uv": [ 0.0, 0.0, 2.0, 1.0 ] },
				"down": { "texture": "#deepclam", "uv": [ 0.0, 0.0, 2.0, 1.0 ] }
			}
		},
		{
			"name": "Cube10",
			"from": [ 5.0, 0.0, 1.0 ], 
			"to": [ 5.5, 1.0, 2.0 ], 
			"rotationOrigin": [ 5.0, 0.0, 1.0 ],
			"faces": {
				"north": { "texture": "#deepclam", "uv": [ 0.0, 0.0, 0.5, 1.0 ] },
				"east": { "texture": "#deepclam", "uv": [ 0.0, 0.0, 1.0, 1.0 ] },
				"south": { "texture": "#deepclam", "uv": [ 0.0, 0.0, 0.5, 1.0 ] },
				"west": { "texture": "#deepclam", "uv": [ 0.0, 0.0, 1.0, 1.0 ] },
				"up": { "texture": "#deepclam", "uv": [ 0.0, 0.0, 0.5, 1.0 ] },
				"down": { "texture": "#deepclam", "uv": [ 0.0, 0.0, 0.5, 1.0 ] }
			}
		},
		{
			"name": "Cube11",
			"from": [ 11.0, 0.0, 7.0 ], 
			"to": [ 12.0, 2.0, 8.0 ], 
			"rotationOrigin": [ 11.0, 0.0, 7.0 ],
			"rotationZ": 45.0,
			"faces": {
				"north": { "texture": "#deepclam", "uv": [ 0.0, 0.0, 1.0, 2.0 ] },
				"east": { "texture": "#deepclam", "uv": [ 0.0, 0.0, 1.0, 2.0 ] },
				"south": { "texture": "#deepclam", "uv": [ 0.0, 0.0, 1.0, 2.0 ] },
				"west": { "texture": "#deepclam", "uv": [ 0.0, 0.0, 1.0, 2.0 ] },
				"up": { "texture": "#deepclam", "uv": [ 0.0, 0.0, 1.0, 1.0 ] },
				"down": { "texture": "#deepclam", "uv": [ 0.0, 0.0, 1.0, 1.0 ] }
			}
		},
		{
			"name": "Cube12",
			"from": [ 2.0, 1.0, 10.0 ], 
			"to": [ 4.0, 4.0, 11.0 ], 
			"rotationOrigin": [ 3.0, 1.0, 10.0 ],
			"rotationX": 67.5,
			"rotationZ": -90.0,
			"faces": {
				"north": { "texture": "#deepclam", "uv": [ 0.0, 0.0, 2.0, 3.0 ] },
				"east": { "texture": "#deepclam", "uv": [ 0.0, 0.0, 1.0, 3.0 ] },
				"south": { "texture": "#deepclam", "uv": [ 0.0, 0.0, 2.0, 3.0 ] },
				"west": { "texture": "#deepclam", "uv": [ 0.0, 0.0, 1.0, 3.0 ] },
				"up": { "texture": "#deepclam", "uv": [ 0.0, 0.0, 2.0, 1.0 ] },
				"down": { "texture": "#deepclam", "uv": [ 0.0, 0.0, 2.0, 1.0 ] }
			}
		}
	]}