{
	"editor": {
		"allAngles": false,
		"entityTextureMode": false
	},
	"textureWidth": 16,
	"textureHeight": 16,
	"textureSizes": {
	},
	"textures": {
		"deepclam": "/Vintage Story/Vintagestory/Mods/Omniummod/assets/omniummod/textures/block/deepwaterblocks/deepclam"
	},
	"elements": [
		{
			"name": "Cube1",
			"from": [ 6.0, 15.0, 16.0 ], 
			"to": [ 8.0, 18.0, 16.5 ], 
			"rotationOrigin": [ 6.0, 15.0, 16.0 ],
			"rotationX": 179.99998565484643,
			"rotationY": 67.49999205560236,
			"rotationZ": 90.00001290657816,
			"faces": {
				"north": { "texture": "#deepclam", "uv": [ 0.0, 0.0, 2.0, 3.0 ] },
				"east": { "texture": "#deepclam", "uv": [ 0.0, 0.0, 0.5, 3.0 ] },
				"south": { "texture": "#deepclam", "uv": [ 0.0, 0.0, 2.0, 3.0 ] },
				"west": { "texture": "#deepclam", "uv": [ 0.0, 0.0, 0.5, 3.0 ] },
				"up": { "texture": "#deepclam", "uv": [ 0.0, 0.0, 2.0, 0.5 ] },
				"down": { "texture": "#deepclam", "uv": [ 0.0, 0.0, 2.0, 0.5 ] }
			},
			"children": [
				{
					"name": "Cube2",
					"from": [ 0.0, 0.0, 0.0 ], 
					"to": [ 2.0, 3.0, 0.5 ], 
					"rotationOrigin": [ 0.0, 0.0, 0.0 ],
					"rotationX": 45.0,
					"faces": {
						"north": { "texture": "#deepclam", "uv": [ 0.0, 0.0, 2.0, 3.0 ] },
						"east": { "texture": "#deepclam", "uv": [ 0.0, 0.0, 0.5, 3.0 ] },
						"south": { "texture": "#deepclam", "uv": [ 0.0, 0.0, 2.0, 3.0 ] },
						"west": { "texture": "#deepclam", "uv": [ 0.0, 0.0, 0.5, 3.0 ] },
						"up": { "texture": "#deepclam", "uv": [ 0.0, 0.0, 2.0, 0.5 ] },
						"down": { "texture": "#deepclam", "uv": [ 0.0, 0.0, 2.0, 0.5 ] }
					}
				}
			]
		},
		{
			"name": "Cube3",
			"from": [ 6.0, 8.0, 16.0 ], 
			"to": [ 8.0, 11.0, 16.5 ], 
			"rotationOrigin": [ 6.0, 8.0, 16.0 ],
			"rotationX": 110.94101659310284,
			"rotationY": 40.789470777744455,
			"rotationZ": 149.638794941256,
			"faces": {
				"north": { "texture": "#deepclam", "uv": [ 0.0, 0.0, 2.0, 3.0 ] },
				"east": { "texture": "#deepclam", "uv": [ 0.0, 0.0, 0.5, 3.0 ] },
				"south": { "texture": "#deepclam", "uv": [ 0.0, 0.0, 2.0, 3.0 ] },
				"west": { "texture": "#deepclam", "uv": [ 0.0, 0.0, 0.5, 3.0 ] },
				"up": { "texture": "#deepclam", "uv": [ 0.0, 0.0, 2.0, 0.5 ] },
				"down": { "texture": "#deepclam", "uv": [ 0.0, 0.0, 2.0, 0.5 ] }
			},
			"children": [
				{
					"name": "Cube4",
					"from": [ 0.0, 0.0, 0.0 ], 
					"to": [ 2.0, 3.0, 0.5 ], 
					"rotationOrigin": [ 0.0, 0.0, 0.0 ],
					"rotationX": 45.0,
					"faces": {
						"north": { "texture": "#deepclam", "uv": [ 0.0, 0.0, 2.0, 3.0 ] },
						"east": { "texture": "#deepclam", "uv": [ 0.0, 0.0, 0.5, 3.0 ] },
						"south": { "texture": "#deepclam", "uv": [ 0.0, 0.0, 2.0, 3.0 ] },
						"west": { "texture": "#deepclam", "uv": [ 0.0, 0.0, 0.5, 3.0 ] },
						"up": { "texture": "#deepclam", "uv": [ 0.0, 0.0, 2.0, 0.5 ] },
						"down": { "texture": "#deepclam", "uv": [ 0.0, 0.0, 2.0, 0.5 ] }
					}
				}
			]
		},
		{
			"name": "Cube5",
			"from": [ 9.0, 8.0, 12.0 ], 
			"to": [ 10.0, 10.0, 14.0 ], 
			"rotationOrigin": [ 13.0, 12.0, 12.0 ],
			"rotationY": 89.99999505843996,
			"faces": {
				"north": { "texture": "#deepclam", "uv": [ 0.0, 0.0, 1.0, 2.0 ] },
				"east": { "texture": "#deepclam", "uv": [ 0.0, 0.0, 2.0, 2.0 ] },
				"south": { "texture": "#deepclam", "uv": [ 0.0, 0.0, 1.0, 2.0 ] },
				"west": { "texture": "#deepclam", "uv": [ 0.0, 0.0, 2.0, 2.0 ] },
				"up": { "texture": "#deepclam", "uv": [ 0.0, 0.0, 1.0, 2.0 ] },
				"down": { "texture": "#deepclam", "uv": [ 0.0, 0.0, 1.0, 2.0 ] }
			}
		},
		{
			"name": "Cube6",
			"from": [ 8.0, 2.0, 16.0 ], 
			"to": [ 10.0, 3.0, 19.0 ], 
			"rotationOrigin": [ 8.0, 2.0, 16.0 ],
			"rotationY": 89.99999505843996,
			"faces": {
				"north": { "texture": "#deepclam", "uv": [ 0.0, 0.0, 2.0, 1.0 ] },
				"east": { "texture": "#deepclam", "uv": [ 0.0, 0.0, 3.0, 1.0 ] },
				"south": { "texture": "#deepclam", "uv": [ 0.0, 0.0, 2.0, 1.0 ] },
				"west": { "texture": "#deepclam", "uv": [ 0.0, 0.0, 3.0, 1.0 ] },
				"up": { "texture": "#deepclam", "uv": [ 0.0, 0.0, 2.0, 3.0 ] },
				"down": { "texture": "#deepclam", "uv": [ 0.0, 0.0, 2.0, 3.0 ] }
			}
		},
		{
			"name": "Cube7",
			"from": [ 10.0, 5.0, 15.5 ], 
			"to": [ 12.0, 8.0, 16.0 ], 
			"rotationOrigin": [ 11.0, 5.0, 15.5 ],
			"rotationX": -30.361195175623948,
			"rotationY": 40.7894843097481,
			"rotationZ": -1.5589890762079959,
			"faces": {
				"north": { "texture": "#deepclam", "uv": [ 0.0, 0.0, 2.0, 3.0 ] },
				"east": { "texture": "#deepclam", "uv": [ 0.0, 0.0, 0.5, 3.0 ] },
				"south": { "texture": "#deepclam", "uv": [ 0.0, 0.0, 2.0, 3.0 ] },
				"west": { "texture": "#deepclam", "uv": [ 0.0, 0.0, 0.5, 3.0 ] },
				"up": { "texture": "#deepclam", "uv": [ 0.0, 0.0, 2.0, 0.5 ] },
				"down": { "texture": "#deepclam", "uv": [ 0.0, 0.0, 2.0, 0.5 ] }
			},
			"children": [
				{
					"name": "Cube8",
					"from": [ 0.0, 0.0, 0.0 ], 
					"to": [ 2.0, 3.0, 0.5 ], 
					"rotationOrigin": [ 0.0, 0.0, 0.0 ],
					"rotationX": 45.0,
					"faces": {
						"north": { "texture": "#deepclam", "uv": [ 0.0, 0.0, 2.0, 3.0 ] },
						"east": { "texture": "#deepclam", "uv": [ 0.0, 0.0, 0.5, 3.0 ] },
						"south": { "texture": "#deepclam", "uv": [ 0.0, 0.0, 2.0, 3.0 ] },
						"west": { "texture": "#deepclam", "uv": [ 0.0, 0.0, 0.5, 3.0 ] },
						"up": { "texture": "#deepclam", "uv": [ 0.0, 0.0, 2.0, 0.5 ] },
						"down": { "texture": "#deepclam", "uv": [ 0.0, 0.0, 2.0, 0.5 ] }
					}
				}
			]
		},
		{
			"name": "Cube9",
			"from": [ 1.0, 5.0, 16.0 ], 
			"to": [ 3.0, 8.0, 17.0 ], 
			"rotationOrigin": [ 1.0, 5.0, 16.0 ],
			"rotationX": 89.9999861343681,
			"rotationY": 67.49999205560236,
			"rotationZ": 157.49999599854135,
			"faces": {
				"north": { "texture": "#deepclam", "uv": [ 0.0, 0.0, 2.0, 3.0 ] },
				"east": { "texture": "#deepclam", "uv": [ 0.0, 0.0, 1.0, 3.0 ] },
				"south": { "texture": "#deepclam", "uv": [ 0.0, 0.0, 2.0, 3.0 ] },
				"west": { "texture": "#deepclam", "uv": [ 0.0, 0.0, 1.0, 3.0 ] },
				"up": { "texture": "#deepclam", "uv": [ 0.0, 0.0, 2.0, 1.0 ] },
				"down": { "texture": "#deepclam", "uv": [ 0.0, 0.0, 2.0, 1.0 ] }
			}
		},
		{
			"name": "Cube10",
			"from": [ -4.0, 6.0, 11.0 ], 
			"to": [ -3.5, 7.0, 12.0 ], 
			"rotationOrigin": [ 1.0, 11.0, 11.0 ],
			"rotationY": 89.99999505843996,
			"faces": {
				"north": { "texture": "#deepclam", "uv": [ 0.0, 0.0, 0.5, 1.0 ] },
				"east": { "texture": "#deepclam", "uv": [ 0.0, 0.0, 1.0, 1.0 ] },
				"south": { "texture": "#deepclam", "uv": [ 0.0, 0.0, 0.5, 1.0 ] },
				"west": { "texture": "#deepclam", "uv": [ 0.0, 0.0, 1.0, 1.0 ] },
				"up": { "texture": "#deepclam", "uv": [ 0.0, 0.0, 0.5, 1.0 ] },
				"down": { "texture": "#deepclam", "uv": [ 0.0, 0.0, 0.5, 1.0 ] }
			}
		},
		{
			"name": "Cube11",
			"from": [ 6.4377, 8.4774, 15.9973 ], 
			"to": [ 7.4377, 10.4774, 16.9973 ], 
			"rotationOrigin": [ 7.0, 5.0, 16.0 ],
			"rotationX": -89.99999505843996,
			"rotationY": 89.9802127184967,
			"rotationZ": 26.565049718491377,
			"faces": {
				"north": { "texture": "#deepclam", "uv": [ 0.0, 0.0, 1.0, 2.0 ] },
				"east": { "texture": "#deepclam", "uv": [ 0.0, 0.0, 1.0, 2.0 ] },
				"south": { "texture": "#deepclam", "uv": [ 0.0, 0.0, 1.0, 2.0 ] },
				"west": { "texture": "#deepclam", "uv": [ 0.0, 0.0, 1.0, 2.0 ] },
				"up": { "texture": "#deepclam", "uv": [ 0.0, 0.0, 1.0, 1.0 ] },
				"down": { "texture": "#deepclam", "uv": [ 0.0, 0.0, 1.0, 1.0 ] }
			}
		},
		{
			"name": "Cube12",
			"from": [ 9.0, 13.0, 15.0 ], 
			"to": [ 11.0, 16.0, 16.0 ], 
			"rotationOrigin": [ 10.0, 13.0, 15.0 ],
			"rotationX": -2.5044779760574242E-6,
			"rotationY": 22.500007619838676,
			"rotationZ": 179.99998761240172,
			"faces": {
				"north": { "texture": "#deepclam", "uv": [ 0.0, 0.0, 2.0, 3.0 ] },
				"east": { "texture": "#deepclam", "uv": [ 0.0, 0.0, 1.0, 3.0 ] },
				"south": { "texture": "#deepclam", "uv": [ 0.0, 0.0, 2.0, 3.0 ] },
				"west": { "texture": "#deepclam", "uv": [ 0.0, 0.0, 1.0, 3.0 ] },
				"up": { "texture": "#deepclam", "uv": [ 0.0, 0.0, 2.0, 1.0 ] },
				"down": { "texture": "#deepclam", "uv": [ 0.0, 0.0, 2.0, 1.0 ] }
			}
		}
	]}