{
	"editor": {
		"allAngles": false,
		"entityTextureMode": false
	},
	"textureWidth": 16,
	"textureHeight": 16,
	"textureSizes": {
	},
	"textures": {
		"deepworm": "block/deepwaterblocks/deepworm"
	},
	"elements": [
		{
			"name": "Cube1",
			"from": [ 5.0, 0.0, 6.0 ], 
			"to": [ 7.0, 5.0, 8.0 ], 
			"rotationOrigin": [ 5.0, 0.0, 6.0 ],
			"faces": {
				"north": { "texture": "#deepworm", "uv": [ 0.0, 0.0, 2.0, 5.0 ] },
				"east": { "texture": "#deepworm", "uv": [ 0.0, 0.0, 2.0, 5.0 ] },
				"south": { "texture": "#deepworm", "uv": [ 0.0, 0.0, 2.0, 5.0 ] },
				"west": { "texture": "#deepworm", "uv": [ 0.0, 0.0, 2.0, 5.0 ] },
				"up": { "texture": "#deepworm", "uv": [ 0.0, 0.0, 2.0, 2.0 ] },
				"down": { "texture": "#deepworm", "uv": [ 0.0, 0.0, 2.0, 2.0 ] }
			},
			"children": [
				{
					"name": "Cube2",
					"from": [ 0.0, 5.0, 0.0 ], 
					"to": [ 2.0, 9.0, 2.0 ], 
					"rotationOrigin": [ 1.0, 5.0, 1.0 ],
					"rotationZ": -10.0,
					"faces": {
						"north": { "texture": "#deepworm", "uv": [ 0.0, 0.0, 2.0, 4.0 ] },
						"east": { "texture": "#deepworm", "uv": [ 0.0, 0.0, 2.0, 4.0 ] },
						"south": { "texture": "#deepworm", "uv": [ 0.0, 0.0, 2.0, 4.0 ] },
						"west": { "texture": "#deepworm", "uv": [ 0.0, 0.0, 2.0, 4.0 ] },
						"up": { "texture": "#deepworm", "uv": [ 0.0, 0.0, 2.0, 2.0 ] },
						"down": { "texture": "#deepworm", "uv": [ 0.0, 0.0, 2.0, 2.0 ] }
					},
					"children": [
						{
							"name": "Cube3",
							"from": [ 0.0, 3.6, 0.0 ], 
							"to": [ 2.0, 6.6, 2.0 ], 
							"rotationOrigin": [ 0.0, 3.6, 0.0 ],
							"rotationZ": 15.0,
							"faces": {
								"north": { "texture": "#deepworm", "uv": [ 0.0, 0.0, 2.0, 3.0 ] },
								"east": { "texture": "#deepworm", "uv": [ 0.0, 0.0, 2.0, 3.0 ] },
								"south": { "texture": "#deepworm", "uv": [ 0.0, 0.0, 2.0, 3.0 ] },
								"west": { "texture": "#deepworm", "uv": [ 0.0, 0.0, 2.0, 3.0 ] },
								"up": { "texture": "#deepworm", "uv": [ 0.0, 0.0, 2.0, 2.0 ] },
								"down": { "texture": "#deepworm", "uv": [ 0.0, 0.0, 2.0, 2.0 ] }
							},
							"children": [
								{
									"name": "Cube4",
									"from": [ 0.5, 3.0, 0.5 ], 
									"to": [ 1.5, 4.0, 1.5 ], 
									"rotationOrigin": [ 0.5, 3.0, 0.5 ],
									"faces": {
										"north": { "texture": "#deepworm", "uv": [ 8.0, 1.5, 9.0, 2.5 ] },
										"east": { "texture": "#deepworm", "uv": [ 9.0, 2.0, 10.0, 3.0 ] },
										"south": { "texture": "#deepworm", "uv": [ 8.5, 3.0, 9.5, 4.0 ] },
										"west": { "texture": "#deepworm", "uv": [ 8.0, 2.5, 9.0, 3.5 ] },
										"up": { "texture": "#deepworm", "uv": [ 9.5, 3.5, 10.5, 4.5 ] },
										"down": { "texture": "#deepworm", "uv": [ 8.0, 2.0, 9.0, 3.0 ] }
									},
									"children": [
										{
											"name": "Cube5",
											"from": [ -0.5, 1.0, -0.5 ], 
											"to": [ 1.5, 2.0, 1.5 ], 
											"rotationOrigin": [ -0.5, 1.0, -0.5 ],
											"faces": {
												"north": { "texture": "#deepworm", "uv": [ 8.0, 2.5, 10.0, 3.5 ] },
												"east": { "texture": "#deepworm", "uv": [ 8.5, 3.5, 10.5, 4.5 ] },
												"south": { "texture": "#deepworm", "uv": [ 10.0, 1.5, 12.0, 2.5 ] },
												"west": { "texture": "#deepworm", "uv": [ 9.0, 3.0, 11.0, 4.0 ] },
												"up": { "texture": "#deepworm", "uv": [ 7.5, 2.5, 9.5, 4.5 ] },
												"down": { "texture": "#deepworm", "uv": [ 9.5, 3.0, 11.5, 5.0 ] }
											},
											"children": [
												{
													"name": "Cube6",
													"from": [ -0.2, 1.0, 0.0 ], 
													"to": [ 0.8, 3.0, 2.0 ], 
													"rotationOrigin": [ -0.2, 1.0, 0.0 ],
													"faces": {
														"north": { "texture": "#deepworm", "uv": [ 13.0, 0.0, 16.0, 6.5 ], "autoUv": false },
														"east": { "texture": "#deepworm", "uv": [ 9.0, 2.5, 11.0, 4.5 ] },
														"south": { "texture": "#deepworm", "uv": [ 16.0, 0.0, 13.0, 6.5 ], "autoUv": false },
														"west": { "texture": "#deepworm", "uv": [ 8.0, 2.5, 10.0, 4.5 ] },
														"up": { "texture": "#deepworm", "uv": [ 10.0, 3.5, 11.0, 5.5 ] },
														"down": { "texture": "#deepworm", "uv": [ 9.0, 1.5, 10.0, 3.5 ] }
													}
												},
												{
													"name": "Cube7",
													"from": [ 1.2, 1.0, 0.0 ], 
													"to": [ 2.2, 3.0, 2.0 ], 
													"rotationOrigin": [ 1.2, 1.0, 0.0 ],
													"faces": {
														"north": { "texture": "#deepworm", "uv": [ 10.5, 0.0, 13.5, 6.5 ], "autoUv": false },
														"east": { "texture": "#deepworm", "uv": [ 8.0, 1.0, 10.0, 3.0 ] },
														"south": { "texture": "#deepworm", "uv": [ 13.0, 0.0, 16.0, 6.5 ], "autoUv": false },
														"west": { "texture": "#deepworm", "uv": [ 9.0, 2.0, 11.0, 4.0 ] },
														"up": { "texture": "#deepworm", "uv": [ 8.5, 2.0, 9.5, 4.0 ] },
														"down": { "texture": "#deepworm", "uv": [ 9.0, 2.0, 10.0, 4.0 ] }
													}
												}
											]
										}
									]
								}
							]
						}
					]
				}
			]
		},
		{
			"name": "Cube8",
			"from": [ 10.2, 0.0, 9.84 ], 
			"to": [ 11.48, 3.2, 11.12 ], 
			"rotationOrigin": [ 10.2, 0.0, 9.84 ],
			"rotationX": 22.5,
			"rotationY": -67.5,
			"faces": {
				"north": { "texture": "#deepworm", "uv": [ 0.0, 0.0, 1.0, 3.0 ] },
				"east": { "texture": "#deepworm", "uv": [ 0.0, 0.0, 1.0, 3.0 ] },
				"south": { "texture": "#deepworm", "uv": [ 0.0, 0.0, 1.0, 3.0 ] },
				"west": { "texture": "#deepworm", "uv": [ 0.0, 0.0, 1.0, 3.0 ] },
				"up": { "texture": "#deepworm", "uv": [ 0.0, 0.0, 1.0, 1.0 ] },
				"down": { "texture": "#deepworm", "uv": [ 0.0, 0.0, 1.0, 1.0 ] }
			},
			"children": [
				{
					"name": "Cube9",
					"from": [ 0.0, 3.2, 0.0 ], 
					"to": [ 1.28, 5.76, 1.28 ], 
					"rotationOrigin": [ 0.64, 3.2, 0.64 ],
					"rotationZ": -10.0,
					"faces": {
						"north": { "texture": "#deepworm", "uv": [ 0.0, 0.0, 1.28, 2.56 ] },
						"east": { "texture": "#deepworm", "uv": [ 0.0, 0.0, 1.28, 2.56 ] },
						"south": { "texture": "#deepworm", "uv": [ 0.0, 0.0, 1.28, 2.56 ] },
						"west": { "texture": "#deepworm", "uv": [ 0.0, 0.0, 1.28, 2.56 ] },
						"up": { "texture": "#deepworm", "uv": [ 0.0, 0.0, 1.28, 1.28 ] },
						"down": { "texture": "#deepworm", "uv": [ 0.0, 0.0, 1.28, 1.28 ] }
					},
					"children": [
						{
							"name": "Cube10",
							"from": [ 0.0, 2.304, 0.0 ], 
							"to": [ 1.28, 4.224, 1.28 ], 
							"rotationOrigin": [ 0.0, 2.304, 0.0 ],
							"rotationZ": 15.0,
							"faces": {
								"north": { "texture": "#deepworm", "uv": [ 0.0, 0.0, 1.28, 1.92 ] },
								"east": { "texture": "#deepworm", "uv": [ 0.0, 0.0, 1.28, 1.92 ] },
								"south": { "texture": "#deepworm", "uv": [ 0.0, 0.0, 1.28, 1.92 ] },
								"west": { "texture": "#deepworm", "uv": [ 0.0, 0.0, 1.28, 1.92 ] },
								"up": { "texture": "#deepworm", "uv": [ 0.0, 0.0, 1.28, 1.28 ] },
								"down": { "texture": "#deepworm", "uv": [ 0.0, 0.0, 1.28, 1.28 ] }
							},
							"children": [
								{
									"name": "Cube11",
									"from": [ 0.32, 1.92, 0.32 ], 
									"to": [ 0.96, 2.56, 0.96 ], 
									"rotationOrigin": [ 0.32, 1.92, 0.32 ],
									"faces": {
										"north": { "texture": "#deepworm", "uv": [ 8.0, 1.5, 8.64, 2.14 ] },
										"east": { "texture": "#deepworm", "uv": [ 9.0, 2.0, 9.64, 2.64 ] },
										"south": { "texture": "#deepworm", "uv": [ 8.5, 3.0, 9.14, 3.64 ] },
										"west": { "texture": "#deepworm", "uv": [ 8.0, 2.5, 8.64, 3.14 ] },
										"up": { "texture": "#deepworm", "uv": [ 9.5, 3.5, 10.14, 4.14 ] },
										"down": { "texture": "#deepworm", "uv": [ 8.0, 2.0, 8.64, 2.64 ] }
									},
									"children": [
										{
											"name": "Cube12",
											"from": [ -0.32, 0.64, -0.32 ], 
											"to": [ 0.96, 1.28, 0.96 ], 
											"rotationOrigin": [ -0.32, 0.64, -0.32 ],
											"faces": {
												"north": { "texture": "#deepworm", "uv": [ 8.0, 2.5, 9.28, 3.14 ] },
												"east": { "texture": "#deepworm", "uv": [ 8.5, 3.5, 9.78, 4.14 ] },
												"south": { "texture": "#deepworm", "uv": [ 10.0, 1.5, 11.28, 2.14 ] },
												"west": { "texture": "#deepworm", "uv": [ 9.0, 3.0, 10.28, 3.64 ] },
												"up": { "texture": "#deepworm", "uv": [ 7.5, 2.5, 8.78, 3.78 ] },
												"down": { "texture": "#deepworm", "uv": [ 9.5, 3.0, 10.78, 4.28 ] }
											},
											"children": [
												{
													"name": "Cube13",
													"from": [ -0.128, 0.64, 0.0 ], 
													"to": [ 0.512, 1.92, 1.28 ], 
													"rotationOrigin": [ -0.128, 0.64, 0.0 ],
													"faces": {
														"north": { "texture": "#deepworm", "uv": [ 13.0, 0.0, 14.92, 4.16 ], "autoUv": false },
														"east": { "texture": "#deepworm", "uv": [ 9.0, 2.5, 10.28, 3.78 ] },
														"south": { "texture": "#deepworm", "uv": [ 16.0, 0.0, 14.08, 4.16 ], "autoUv": false },
														"west": { "texture": "#deepworm", "uv": [ 8.0, 2.5, 9.28, 3.78 ] },
														"up": { "texture": "#deepworm", "uv": [ 10.0, 3.5, 10.64, 4.78 ] },
														"down": { "texture": "#deepworm", "uv": [ 9.0, 1.5, 9.64, 2.78 ] }
													}
												},
												{
													"name": "Cube14",
													"from": [ 0.768, 0.64, 0.0 ], 
													"to": [ 1.408, 1.92, 1.28 ], 
													"rotationOrigin": [ 0.768, 0.64, 0.0 ],
													"faces": {
														"north": { "texture": "#deepworm", "uv": [ 10.5, 0.0, 12.42, 4.16 ], "autoUv": false },
														"east": { "texture": "#deepworm", "uv": [ 8.0, 1.0, 9.28, 2.28 ] },
														"south": { "texture": "#deepworm", "uv": [ 13.0, 0.0, 14.92, 4.16 ], "autoUv": false },
														"west": { "texture": "#deepworm", "uv": [ 9.0, 2.0, 10.28, 3.28 ] },
														"up": { "texture": "#deepworm", "uv": [ 8.5, 2.0, 9.14, 3.28 ] },
														"down": { "texture": "#deepworm", "uv": [ 9.0, 2.0, 9.64, 3.28 ] }
													}
												}
											]
										}
									]
								}
							]
						}
					]
				}
			]
		},
		{
			"name": "Cube15",
			"from": [ 13.0, 0.0, 1.0 ], 
			"to": [ 14.0, 5.0, 2.0 ], 
			"rotationOrigin": [ 13.0, 0.0, 1.0 ],
			"faces": {
				"north": { "texture": "#deepworm", "uv": [ 0.0, 0.0, 1.0, 5.0 ] },
				"east": { "texture": "#deepworm", "uv": [ 0.0, 0.0, 1.0, 5.0 ] },
				"south": { "texture": "#deepworm", "uv": [ 0.0, 0.0, 1.0, 5.0 ] },
				"west": { "texture": "#deepworm", "uv": [ 0.0, 0.0, 1.0, 5.0 ] },
				"up": { "texture": "#deepworm", "uv": [ 0.0, 0.0, 1.0, 1.0 ] },
				"down": { "texture": "#deepworm", "uv": [ 0.0, 0.0, 1.0, 1.0 ] }
			},
			"children": [
				{
					"name": "Cube16",
					"from": [ 0.0, 5.0, 0.0 ], 
					"to": [ 1.0, 7.0, 1.0 ], 
					"rotationOrigin": [ 0.0, 5.0, 0.0 ],
					"faces": {
						"north": { "texture": "#deepworm", "uv": [ 9.5, 2.0, 10.5, 4.0 ] },
						"east": { "texture": "#deepworm", "uv": [ 11.5, 0.0, 15.5, 5.5 ], "autoUv": false },
						"south": { "texture": "#deepworm", "uv": [ 9.5, 1.5, 10.5, 3.5 ] },
						"west": { "texture": "#deepworm", "uv": [ 12.0, 0.0, 15.0, 5.5 ], "autoUv": false },
						"up": { "texture": "#deepworm", "uv": [ 10.5, 0.0, 11.5, 1.0 ] },
						"down": { "texture": "#deepworm", "uv": [ 9.5, 2.0, 10.5, 3.0 ] }
					}
				}
			]
		},
		{
			"name": "Cube17",
			"from": [ 2.0, 0.0, 3.0 ], 
			"to": [ 3.5, 3.0, 4.5 ], 
			"rotationOrigin": [ 2.0, 0.0, 3.0 ],
			"rotationX": -22.5,
			"rotationZ": -22.5,
			"faces": {
				"north": { "texture": "#deepworm", "uv": [ 0.0, 0.0, 1.5, 3.0 ] },
				"east": { "texture": "#deepworm", "uv": [ 0.0, 0.0, 1.5, 3.0 ] },
				"south": { "texture": "#deepworm", "uv": [ 0.0, 0.0, 1.5, 3.0 ] },
				"west": { "texture": "#deepworm", "uv": [ 0.0, 0.0, 1.5, 3.0 ] },
				"up": { "texture": "#deepworm", "uv": [ 0.0, 0.0, 1.5, 1.5 ] },
				"down": { "texture": "#deepworm", "uv": [ 0.0, 0.0, 1.5, 1.5 ] }
			},
			"children": [
				{
					"name": "Cube18",
					"from": [ 0.0, 3.0, 0.0 ], 
					"to": [ 1.5, 7.0, 1.5 ], 
					"rotationOrigin": [ 0.0, 3.0, 0.0 ],
					"rotationY": -22.5,
					"faces": {
						"north": { "texture": "#deepworm", "uv": [ 0.0, 0.0, 1.5, 4.0 ] },
						"east": { "texture": "#deepworm", "uv": [ 0.0, 0.0, 1.5, 4.0 ] },
						"south": { "texture": "#deepworm", "uv": [ 0.0, 0.0, 1.5, 4.0 ] },
						"west": { "texture": "#deepworm", "uv": [ 0.0, 0.0, 1.5, 4.0 ] },
						"up": { "texture": "#deepworm", "uv": [ 0.0, 0.0, 1.5, 1.5 ] },
						"down": { "texture": "#deepworm", "uv": [ 0.0, 0.0, 1.5, 1.5 ] }
					},
					"children": [
						{
							"name": "Cube19",
							"from": [ 0.1, 4.0, 0.1 ], 
							"to": [ 1.4, 6.0, 1.4 ], 
							"rotationOrigin": [ 0.1, 4.0, 0.1 ],
							"faces": {
								"north": { "texture": "#deepworm", "uv": [ 9.5, 2.5, 10.5, 4.5 ] },
								"east": { "texture": "#deepworm", "uv": [ 10.0, 0.5, 15.5, 6.0 ], "autoUv": false },
								"south": { "texture": "#deepworm", "uv": [ 10.5, 2.5, 11.5, 4.5 ] },
								"west": { "texture": "#deepworm", "uv": [ 10.5, 0.0, 16.0, 5.5 ], "autoUv": false },
								"up": { "texture": "#deepworm", "uv": [ 10.0, 2.5, 11.0, 3.5 ] },
								"down": { "texture": "#deepworm", "uv": [ 10.5, 2.5, 11.5, 3.5 ] }
							}
						}
					]
				}
			]
		}
	]}