{
	"editor": {
		"allAngles": false,
		"entityTextureMode": false
	},
	"textureWidth": 16,
	"textureHeight": 16,
	"textureSizes": {
	},
	"textures": {
		"altar2": "block/altar2",
		"altar1": "block/altar1"
	},
	"elements": [
		{
			"name": "Cube1",
			"from": [ 0.0, 0.0, 0.0 ], 
			"to": [ 16.0, 16.0, 16.0 ], 
			"faces": {
				"north": { "texture": "#altar1", "uv": [ 0.0, 0.0, 16.0, 16.0 ] },
				"east": { "texture": "#altar1", "uv": [ 0.0, 0.0, 16.0, 16.0 ] },
				"south": { "texture": "#altar1", "uv": [ 0.0, 0.0, 16.0, 16.0 ] },
				"west": { "texture": "#altar1", "uv": [ 0.0, 0.0, 16.0, 16.0 ] },
				"up": { "texture": "#altar1", "uv": [ 0.0, 0.0, 16.0, 16.0 ] },
				"down": { "texture": "#altar1", "uv": [ 0.0, 0.0, 16.0, 16.0 ] }
			},
			"children": [
				{
					"name": "Cube5",
					"from": [ 12.0, 16.0, -1.0 ], 
					"to": [ 17.0, 19.0, 4.0 ], 
					"rotationOrigin": [ 12.0, 16.0, -1.0 ],
					"faces": {
						"north": { "texture": "#altar1", "uv": [ 0.0, 0.0, 5.0, 3.0 ] },
						"east": { "texture": "#altar1", "uv": [ 0.0, 0.0, 5.0, 3.0 ] },
						"south": { "texture": "#altar1", "uv": [ 0.0, 0.0, 5.0, 3.0 ] },
						"west": { "texture": "#altar1", "uv": [ 0.0, 0.0, 5.0, 3.0 ] },
						"up": { "texture": "#altar1", "uv": [ 0.0, 0.0, 5.0, 5.0 ] },
						"down": { "texture": "#altar1", "uv": [ 0.0, 0.0, 5.0, 5.0 ] }
					},
					"children": [
						{
							"name": "Cube6",
							"from": [ 3.0, 3.0, -1.0 ], 
							"to": [ 6.0, 4.0, 2.0 ], 
							"rotationOrigin": [ 3.0, 3.0, -1.0 ],
							"faces": {
								"north": { "texture": "#altar1", "uv": [ 0.0, 0.0, 3.0, 1.0 ] },
								"east": { "texture": "#altar1", "uv": [ 0.0, 0.0, 3.0, 1.0 ] },
								"south": { "texture": "#altar1", "uv": [ 0.0, 0.0, 3.0, 1.0 ] },
								"west": { "texture": "#altar1", "uv": [ 0.0, 0.0, 3.0, 1.0 ] },
								"up": { "texture": "#altar1", "uv": [ 0.0, 0.0, 3.0, 3.0 ] },
								"down": { "texture": "#altar1", "uv": [ 0.0, 0.0, 3.0, 3.0 ] }
							},
							"children": [
								{
									"name": "Cube7",
									"from": [ 2.0, 1.0, 0.0 ], 
									"to": [ 3.0, 6.0, 1.0 ], 
									"rotationOrigin": [ 2.0, 1.0, 0.0 ],
									"faces": {
										"north": { "texture": "#altar1", "uv": [ 0.0, 0.0, 1.0, 5.0 ] },
										"east": { "texture": "#altar1", "uv": [ 0.0, 0.0, 1.0, 5.0 ] },
										"south": { "texture": "#altar1", "uv": [ 0.0, 0.0, 1.0, 5.0 ] },
										"west": { "texture": "#altar1", "uv": [ 0.0, 0.0, 1.0, 5.0 ] },
										"up": { "texture": "#altar1", "uv": [ 0.0, 0.0, 1.0, 1.0 ] },
										"down": { "texture": "#altar1", "uv": [ 0.0, 0.0, 1.0, 1.0 ] }
									}
								}
							]
						}
					]
				},
				{
					"name": "Cube8",
					"from": [ 17.0, 16.0, 12.0 ], 
					"to": [ 22.0, 19.0, 17.0 ], 
					"rotationOrigin": [ 17.0, 16.0, 12.0 ],
					"rotationY": -90.0,
					"faces": {
						"north": { "texture": "#altar1", "uv": [ 0.0, 0.0, 5.0, 3.0 ] },
						"east": { "texture": "#altar1", "uv": [ 0.0, 0.0, 5.0, 3.0 ] },
						"south": { "texture": "#altar1", "uv": [ 0.0, 0.0, 5.0, 3.0 ] },
						"west": { "texture": "#altar1", "uv": [ 0.0, 0.0, 5.0, 3.0 ] },
						"up": { "texture": "#altar1", "uv": [ 0.0, 0.0, 5.0, 5.0 ] },
						"down": { "texture": "#altar1", "uv": [ 0.0, 0.0, 5.0, 5.0 ] }
					},
					"children": [
						{
							"name": "Cube8",
							"from": [ 3.0, 3.0, -1.0 ], 
							"to": [ 6.0, 4.0, 2.0 ], 
							"rotationOrigin": [ 3.0, 3.0, -1.0 ],
							"faces": {
								"north": { "texture": "#altar1", "uv": [ 0.0, 0.0, 3.0, 1.0 ] },
								"east": { "texture": "#altar1", "uv": [ 0.0, 0.0, 3.0, 1.0 ] },
								"south": { "texture": "#altar1", "uv": [ 0.0, 0.0, 3.0, 1.0 ] },
								"west": { "texture": "#altar1", "uv": [ 0.0, 0.0, 3.0, 1.0 ] },
								"up": { "texture": "#altar1", "uv": [ 0.0, 0.0, 3.0, 3.0 ] },
								"down": { "texture": "#altar1", "uv": [ 0.0, 0.0, 3.0, 3.0 ] }
							},
							"children": [
								{
									"name": "Cube8",
									"from": [ 2.0, 1.0, 0.0 ], 
									"to": [ 3.0, 6.0, 1.0 ], 
									"rotationOrigin": [ 2.0, 1.0, 0.0 ],
									"faces": {
										"north": { "texture": "#altar1", "uv": [ 0.0, 0.0, 1.0, 5.0 ] },
										"east": { "texture": "#altar1", "uv": [ 0.0, 0.0, 1.0, 5.0 ] },
										"south": { "texture": "#altar1", "uv": [ 0.0, 0.0, 1.0, 5.0 ] },
										"west": { "texture": "#altar1", "uv": [ 0.0, 0.0, 1.0, 5.0 ] },
										"up": { "texture": "#altar1", "uv": [ 0.0, 0.0, 1.0, 1.0 ] },
										"down": { "texture": "#altar1", "uv": [ 0.0, 0.0, 1.0, 1.0 ] }
									}
								}
							]
						}
					]
				},
				{
					"name": "Cube9",
					"from": [ 4.0, 16.0, 17.0 ], 
					"to": [ 9.0, 19.0, 22.0 ], 
					"rotationOrigin": [ 4.0, 16.0, 17.0 ],
					"rotationY": -180.0,
					"faces": {
						"north": { "texture": "#altar1", "uv": [ 0.0, 0.0, 5.0, 3.0 ] },
						"east": { "texture": "#altar1", "uv": [ 0.0, 0.0, 5.0, 3.0 ] },
						"south": { "texture": "#altar1", "uv": [ 0.0, 0.0, 5.0, 3.0 ] },
						"west": { "texture": "#altar1", "uv": [ 0.0, 0.0, 5.0, 3.0 ] },
						"up": { "texture": "#altar1", "uv": [ 0.0, 0.0, 5.0, 5.0 ] },
						"down": { "texture": "#altar1", "uv": [ 0.0, 0.0, 5.0, 5.0 ] }
					},
					"children": [
						{
							"name": "Cube9",
							"from": [ 3.0, 3.0, -1.0 ], 
							"to": [ 6.0, 4.0, 2.0 ], 
							"rotationOrigin": [ 3.0, 3.0, -1.0 ],
							"faces": {
								"north": { "texture": "#altar1", "uv": [ 0.0, 0.0, 3.0, 1.0 ] },
								"east": { "texture": "#altar1", "uv": [ 0.0, 0.0, 3.0, 1.0 ] },
								"south": { "texture": "#altar1", "uv": [ 0.0, 0.0, 3.0, 1.0 ] },
								"west": { "texture": "#altar1", "uv": [ 0.0, 0.0, 3.0, 1.0 ] },
								"up": { "texture": "#altar1", "uv": [ 0.0, 0.0, 3.0, 3.0 ] },
								"down": { "texture": "#altar1", "uv": [ 0.0, 0.0, 3.0, 3.0 ] }
							},
							"children": [
								{
									"name": "Cube10",
									"from": [ 2.0, 1.0, 0.0 ], 
									"to": [ 3.0, 6.0, 1.0 ], 
									"rotationOrigin": [ 2.0, 1.0, 0.0 ],
									"faces": {
										"north": { "texture": "#altar1", "uv": [ 0.0, 0.0, 1.0, 5.0 ] },
										"east": { "texture": "#altar1", "uv": [ 0.0, 0.0, 1.0, 5.0 ] },
										"south": { "texture": "#altar1", "uv": [ 0.0, 0.0, 1.0, 5.0 ] },
										"west": { "texture": "#altar1", "uv": [ 0.0, 0.0, 1.0, 5.0 ] },
										"up": { "texture": "#altar1", "uv": [ 0.0, 0.0, 1.0, 1.0 ] },
										"down": { "texture": "#altar1", "uv": [ 0.0, 0.0, 1.0, 1.0 ] }
									}
								}
							]
						}
					]
				},
				{
					"name": "Cube11",
					"from": [ -1.0, 16.0, 4.0 ], 
					"to": [ 4.0, 19.0, 9.0 ], 
					"rotationOrigin": [ -1.0, 16.0, 4.0 ],
					"rotationY": 90.0,
					"faces": {
						"north": { "texture": "#altar1", "uv": [ 0.0, 0.0, 5.0, 3.0 ] },
						"east": { "texture": "#altar1", "uv": [ 0.0, 0.0, 5.0, 3.0 ] },
						"south": { "texture": "#altar1", "uv": [ 0.0, 0.0, 5.0, 3.0 ] },
						"west": { "texture": "#altar1", "uv": [ 0.0, 0.0, 5.0, 3.0 ] },
						"up": { "texture": "#altar1", "uv": [ 0.0, 0.0, 5.0, 5.0 ] },
						"down": { "texture": "#altar1", "uv": [ 0.0, 0.0, 5.0, 5.0 ] }
					},
					"children": [
						{
							"name": "Cube12",
							"from": [ 3.0, 3.0, -1.0 ], 
							"to": [ 6.0, 4.0, 2.0 ], 
							"rotationOrigin": [ 3.0, 3.0, -1.0 ],
							"faces": {
								"north": { "texture": "#altar1", "uv": [ 0.0, 0.0, 3.0, 1.0 ] },
								"east": { "texture": "#altar1", "uv": [ 0.0, 0.0, 3.0, 1.0 ] },
								"south": { "texture": "#altar1", "uv": [ 0.0, 0.0, 3.0, 1.0 ] },
								"west": { "texture": "#altar1", "uv": [ 0.0, 0.0, 3.0, 1.0 ] },
								"up": { "texture": "#altar1", "uv": [ 0.0, 0.0, 3.0, 3.0 ] },
								"down": { "texture": "#altar1", "uv": [ 0.0, 0.0, 3.0, 3.0 ] }
							},
							"children": [
								{
									"name": "Cube13",
									"from": [ 2.0, 1.0, 0.0 ], 
									"to": [ 3.0, 6.0, 1.0 ], 
									"rotationOrigin": [ 2.0, 1.0, 0.0 ],
									"faces": {
										"north": { "texture": "#altar1", "uv": [ 0.0, 0.0, 1.0, 5.0 ] },
										"east": { "texture": "#altar1", "uv": [ 0.0, 0.0, 1.0, 5.0 ] },
										"south": { "texture": "#altar1", "uv": [ 0.0, 0.0, 1.0, 5.0 ] },
										"west": { "texture": "#altar1", "uv": [ 0.0, 0.0, 1.0, 5.0 ] },
										"up": { "texture": "#altar1", "uv": [ 0.0, 0.0, 1.0, 1.0 ] },
										"down": { "texture": "#altar1", "uv": [ 0.0, 0.0, 1.0, 1.0 ] }
									}
								}
							]
						}
					]
				},
				{
					"name": "Cube14",
					"from": [ 6.0, 16.0, 6.0 ], 
					"to": [ 7.0, 18.0, 7.0 ], 
					"rotationOrigin": [ 6.0, 16.0, 6.0 ],
					"faces": {
						"north": { "texture": "#altar1", "uv": [ 0.0, 0.0, 1.0, 2.0 ] },
						"east": { "texture": "#altar1", "uv": [ 0.0, 0.0, 1.0, 2.0 ] },
						"south": { "texture": "#altar1", "uv": [ 0.0, 0.0, 1.0, 2.0 ] },
						"west": { "texture": "#altar1", "uv": [ 0.0, 0.0, 1.0, 2.0 ] },
						"up": { "texture": "#altar1", "uv": [ 0.0, 0.0, 1.0, 1.0 ] },
						"down": { "texture": "#altar1", "uv": [ 0.0, 0.0, 1.0, 1.0 ] }
					}
				},
				{
					"name": "Cube15",
					"from": [ 9.0, 16.0, 6.0 ], 
					"to": [ 10.0, 18.0, 7.0 ], 
					"rotationOrigin": [ 9.0, 16.0, 6.0 ],
					"faces": {
						"north": { "texture": "#altar1", "uv": [ 0.0, 0.0, 1.0, 2.0 ] },
						"east": { "texture": "#altar1", "uv": [ 0.0, 0.0, 1.0, 2.0 ] },
						"south": { "texture": "#altar1", "uv": [ 0.0, 0.0, 1.0, 2.0 ] },
						"west": { "texture": "#altar1", "uv": [ 0.0, 0.0, 1.0, 2.0 ] },
						"up": { "texture": "#altar1", "uv": [ 0.0, 0.0, 1.0, 1.0 ] },
						"down": { "texture": "#altar1", "uv": [ 0.0, 0.0, 1.0, 1.0 ] }
					}
				},
				{
					"name": "Cube16",
					"from": [ 9.0, 16.0, 9.0 ], 
					"to": [ 10.0, 18.0, 10.0 ], 
					"rotationOrigin": [ 9.0, 16.0, 9.0 ],
					"faces": {
						"north": { "texture": "#altar1", "uv": [ 0.0, 0.0, 1.0, 2.0 ] },
						"east": { "texture": "#altar1", "uv": [ 0.0, 0.0, 1.0, 2.0 ] },
						"south": { "texture": "#altar1", "uv": [ 0.0, 0.0, 1.0, 2.0 ] },
						"west": { "texture": "#altar1", "uv": [ 0.0, 0.0, 1.0, 2.0 ] },
						"up": { "texture": "#altar1", "uv": [ 0.0, 0.0, 1.0, 1.0 ] },
						"down": { "texture": "#altar1", "uv": [ 0.0, 0.0, 1.0, 1.0 ] }
					}
				},
				{
					"name": "Cube17",
					"from": [ 6.0, 16.0, 9.0 ], 
					"to": [ 7.0, 18.0, 10.0 ], 
					"rotationOrigin": [ 6.0, 16.0, 9.0 ],
					"faces": {
						"north": { "texture": "#altar1", "uv": [ 0.0, 0.0, 1.0, 2.0 ] },
						"east": { "texture": "#altar1", "uv": [ 0.0, 0.0, 1.0, 2.0 ] },
						"south": { "texture": "#altar1", "uv": [ 0.0, 0.0, 1.0, 2.0 ] },
						"west": { "texture": "#altar1", "uv": [ 0.0, 0.0, 1.0, 2.0 ] },
						"up": { "texture": "#altar1", "uv": [ 0.0, 0.0, 1.0, 1.0 ] },
						"down": { "texture": "#altar1", "uv": [ 0.0, 0.0, 1.0, 1.0 ] }
					}
				},
				{
					"name": "Cube18",
					"from": [ 7.0, 17.0, 7.0 ], 
					"to": [ 9.0, 18.0, 9.0 ], 
					"rotationOrigin": [ 7.0, 17.0, 7.0 ],
					"faces": {
						"north": { "texture": "#altar2", "uv": [ 0.0, 0.0, 2.0, 1.0 ], "glow": 255 },
						"east": { "texture": "#altar2", "uv": [ 0.0, 0.0, 2.0, 1.0 ], "glow": 255 },
						"south": { "texture": "#altar2", "uv": [ 0.0, 0.0, 2.0, 1.0 ], "glow": 255 },
						"west": { "texture": "#altar2", "uv": [ 0.0, 0.0, 2.0, 1.0 ], "glow": 255 },
						"up": { "texture": "#altar2", "uv": [ 0.0, 0.0, 2.0, 2.0 ], "glow": 255 },
						"down": { "texture": "#altar2", "uv": [ 0.0, 0.0, 2.0, 2.0 ], "glow": 255 }
					},
					"children": [
						{
							"name": "Cube19",
							"from": [ -1.0, 1.0, -1.0 ], 
							"to": [ 3.0, 2.0, 3.0 ], 
							"rotationOrigin": [ -1.0, 1.0, -1.0 ],
							"faces": {
								"north": { "texture": "#altar2", "uv": [ 0.0, 0.0, 4.0, 1.0 ], "glow": 255 },
								"east": { "texture": "#altar2", "uv": [ 0.0, 0.0, 4.0, 1.0 ], "glow": 255 },
								"south": { "texture": "#altar2", "uv": [ 0.0, 0.0, 4.0, 1.0 ], "glow": 255 },
								"west": { "texture": "#altar2", "uv": [ 0.0, 0.0, 4.0, 1.0 ], "glow": 255 },
								"up": { "texture": "#altar2", "uv": [ 0.0, 0.0, 4.0, 4.0 ], "glow": 255 },
								"down": { "texture": "#altar2", "uv": [ 0.0, 0.0, 4.0, 4.0 ], "glow": 255 }
							},
							"children": [
								{
									"name": "Cube20",
									"from": [ -1.0, 1.0, -1.0 ], 
									"to": [ 5.0, 2.0, 5.0 ], 
									"rotationOrigin": [ -1.0, 1.0, -1.0 ],
									"faces": {
										"north": { "texture": "#altar2", "uv": [ 0.0, 0.0, 6.0, 1.0 ], "glow": 255 },
										"east": { "texture": "#altar2", "uv": [ 0.0, 0.0, 6.0, 1.0 ], "glow": 255 },
										"south": { "texture": "#altar2", "uv": [ 0.0, 0.0, 6.0, 1.0 ], "glow": 255 },
										"west": { "texture": "#altar2", "uv": [ 0.0, 0.0, 6.0, 1.0 ], "glow": 255 },
										"up": { "texture": "#altar2", "uv": [ 0.0, 0.0, 6.0, 6.0 ], "glow": 255 },
										"down": { "texture": "#altar2", "uv": [ 0.0, 0.0, 6.0, 6.0 ], "glow": 255 }
									},
									"children": [
										{
											"name": "Cube21",
											"from": [ -1.0, 1.0, -1.0 ], 
											"to": [ 7.0, 3.0, 7.0 ], 
											"rotationOrigin": [ -1.0, 1.0, -1.0 ],
											"faces": {
												"north": { "texture": "#altar2", "uv": [ 0.0, 0.0, 8.0, 2.0 ], "glow": 255 },
												"east": { "texture": "#altar2", "uv": [ 0.0, 0.0, 8.0, 2.0 ], "glow": 255 },
												"south": { "texture": "#altar2", "uv": [ 0.0, 0.0, 8.0, 2.0 ], "glow": 255 },
												"west": { "texture": "#altar2", "uv": [ 0.0, 0.0, 8.0, 2.0 ], "glow": 255 },
												"up": { "texture": "#altar2", "uv": [ 0.0, 0.0, 8.0, 8.0 ], "glow": 255 },
												"down": { "texture": "#altar2", "uv": [ 0.0, 0.0, 8.0, 8.0 ], "glow": 255 }
											},
											"children": [
												{
													"name": "Cube22",
													"from": [ -1.0, 2.0, -1.0 ], 
													"to": [ 9.0, 6.0, 9.0 ], 
													"rotationOrigin": [ -1.0, 2.0, -1.0 ],
													"faces": {
														"north": { "texture": "#altar2", "uv": [ 0.0, 0.0, 10.0, 4.0 ], "glow": 255 },
														"east": { "texture": "#altar2", "uv": [ 0.0, 0.0, 10.0, 4.0 ], "glow": 255 },
														"south": { "texture": "#altar2", "uv": [ 0.0, 0.0, 10.0, 4.0 ], "glow": 255 },
														"west": { "texture": "#altar2", "uv": [ 0.0, 0.0, 10.0, 4.0 ], "glow": 255 },
														"up": { "texture": "#altar2", "uv": [ 0.0, 0.0, 10.0, 10.0 ], "glow": 255 },
														"down": { "texture": "#altar2", "uv": [ 0.0, 0.0, 10.0, 10.0 ], "glow": 255 }
													}
												}
											]
										}
									]
								}
							]
						}
					]
				}
			]
		}
	]}