{
	"editor": {
		"allAngles": false,
		"entityTextureMode": false
	},
	"textureWidth": 16,
	"textureHeight": 16,
	"textureSizes": {
	},
	"textures": {
		"dungeondoor2": "block/dungeondoor2",
		"dungeondoor1": "block/dungeondoor1"
	},
	"elements": [
		{
			"name": "Cube1",
			"from": [ 0.0, 0.0, 16.0 ], 
			"to": [ 16.0, 32.0, 32.0 ], 
			"rotationOrigin": [ 0.0, 0.0, 16.0 ],
			"rotationY": -90.0,
			"faces": {
				"north": { "texture": "#dungeondoor1", "uv": [ 0.0, 0.0, 16.0, 16.0 ], "autoUv": false },
				"east": { "texture": "#dungeondoor1", "uv": [ 0.0, 0.0, 16.0, 16.0 ], "autoUv": false },
				"south": { "texture": "#dungeondoor1", "uv": [ 0.0, 0.0, 16.0, 16.0 ], "autoUv": false },
				"west": { "texture": "#dungeondoor1", "uv": [ 0.0, 0.0, 16.0, 16.0 ], "autoUv": false },
				"up": { "texture": "#dungeondoor1", "uv": [ 0.0, 0.0, 16.0, 16.0 ] },
				"down": { "texture": "#dungeondoor1", "uv": [ 0.0, 0.0, 16.0, 16.0 ] }
			}
		},
		{
			"name": "Cube2",
			"from": [ 32.0, 0.0, 16.0 ], 
			"to": [ 48.0, 32.0, 32.0 ], 
			"rotationOrigin": [ 48.0, 0.0, 16.0 ],
			"rotationY": 90.0,
			"faces": {
				"north": { "texture": "#dungeondoor1", "uv": [ 0.0, 0.0, 16.0, 16.0 ], "autoUv": false },
				"east": { "texture": "#dungeondoor1", "uv": [ 0.0, 0.0, 16.0, 16.0 ], "autoUv": false },
				"south": { "texture": "#dungeondoor1", "uv": [ 0.0, 0.0, 16.0, 16.0 ], "autoUv": false },
				"west": { "texture": "#dungeondoor1", "uv": [ 0.0, 0.0, 16.0, 16.0 ], "autoUv": false },
				"up": { "texture": "#dungeondoor1", "uv": [ 0.0, 0.0, 16.0, 16.0 ] },
				"down": { "texture": "#dungeondoor1", "uv": [ 0.0, 0.0, 16.0, 16.0 ] }
			},
			"children": [
				{
					"name": "Cube3",
					"from": [ -16.0, 0.0, 0.0 ], 
					"to": [ 0.0, 32.0, 6.0 ], 
					"rotationOrigin": [ -16.0, 0.0, 16.0 ],
					"faces": {
						"north": { "texture": "#dungeondoor2", "uv": [ 0.0, 0.0, 16.0, 16.0 ], "autoUv": false },
						"east": { "texture": "#dungeondoor2", "uv": [ 0.0, 0.0, 6.0, 16.0 ], "autoUv": false },
						"south": { "texture": "#dungeondoor2", "uv": [ 0.0, 0.0, 16.0, 16.0 ], "autoUv": false },
						"west": { "texture": "#dungeondoor2", "uv": [ 0.0, 0.0, 6.0, 16.0 ], "autoUv": false },
						"up": { "texture": "#dungeondoor2", "uv": [ 0.0, 0.0, 16.0, 6.0 ] },
						"down": { "texture": "#dungeondoor2", "uv": [ 0.0, 0.0, 16.0, 6.0 ] }
					}
				}
			]
		}
	],
	"animations": [
		{
			"name": "Close",
			"code": "close",
			"quantityframes": 60,
			"onActivityStopped": "PlayTillEnd",
			"onAnimationEnd": "Hold",
			"keyframes": [
				{
					"frame": 0,
					"elements": {
						"Cube1": { "offsetX": 0.0, "offsetY": 0.0, "offsetZ": 0.0, "rotationX": 0.0, "rotationY": 0.0, "rotationZ": 0.0 },
						"Cube2": { "offsetX": 0.0, "offsetY": 0.0, "offsetZ": 0.0, "rotationX": 0.0, "rotationY": 0.0, "rotationZ": 0.0 }
					}
				},
				{
					"frame": 30,
					"elements": {
						"Cube1": { "offsetX": 0.0, "offsetY": 0.0, "offsetZ": -16.0, "rotationX": 0.0, "rotationY": 0.0, "rotationZ": 0.0 },
						"Cube2": { "offsetX": 0.0, "offsetY": 0.0, "offsetZ": -16.0, "rotationX": 0.0, "rotationY": 0.0, "rotationZ": 0.0 }
					}
				},
				{
					"frame": 59,
					"elements": {
						"Cube1": { "offsetX": 0.0, "offsetY": 0.0, "offsetZ": -16.0, "rotationX": 0.0, "rotationY": 90.0, "rotationZ": 0.0 },
						"Cube2": { "offsetX": 0.0, "offsetY": 0.0, "offsetZ": -16.0, "rotationX": 0.0, "rotationY": -90.0, "rotationZ": 0.0 }
					}
				}
			]
		}
	]
}