{
	"editor": {
		"allAngles": false,
		"entityTextureMode": false
	},
	"textureWidth": 16,
	"textureHeight": 16,
	"textureSizes": {
	},
	"textures": {
		"firetrap": "block/dungeon/firetrap"
	},
	"elements": [
		{
			"name": "Cube1",
			"from": [ 1.0, 0.0, 1.0 ], 
			"to": [ 15.0, 16.0, 15.0 ], 
			"rotationOrigin": [ 1.0, 0.0, 1.0 ],
			"faces": {
				"north": { "texture": "#firetrap", "uv": [ 0.0, 0.0, 16.0, 16.0 ], "autoUv": false },
				"east": { "texture": "#firetrap", "uv": [ 0.0, 0.0, 16.0, 16.0 ], "autoUv": false },
				"south": { "texture": "#firetrap", "uv": [ 0.0, 0.0, 16.0, 16.0 ], "autoUv": false },
				"west": { "texture": "#firetrap", "uv": [ 0.0, 0.0, 16.0, 16.0 ], "autoUv": false },
				"up": { "texture": "#firetrap", "uv": [ 0.0, 5.0, 5.0, 11.5 ], "autoUv": false },
				"down": { "texture": "#firetrap", "uv": [ 0.25, 5.0, 5.25, 12.0 ], "autoUv": false }
			},
			"children": [
				{
					"name": "Rand1",
					"from": [ -1.0, 0.0, -1.0 ], 
					"to": [ 0.0, 16.0, 0.0 ], 
					"rotationOrigin": [ -1.0, 0.0, -1.0 ],
					"faces": {
						"north": { "texture": "#firetrap", "uv": [ 0.0, 0.0, 15.25, 1.0 ], "autoUv": false },
						"east": { "texture": "#firetrap", "uv": [ 0.0, 0.0, 15.5, 0.75 ], "autoUv": false },
						"south": { "texture": "#firetrap", "uv": [ 0.0, 0.0, 15.0, 0.75 ], "autoUv": false },
						"west": { "texture": "#firetrap", "uv": [ 0.0, 0.0, 13.25, 1.25 ], "autoUv": false },
						"up": { "texture": "#firetrap", "uv": [ 0.0, 0.0, 1.0, 1.0 ] },
						"down": { "texture": "#firetrap", "uv": [ 0.0, 0.0, 1.0, 1.0 ] }
					}
				},
				{
					"name": "Rand2",
					"from": [ 14.0, 0.0, -1.0 ], 
					"to": [ 15.0, 16.0, 0.0 ], 
					"rotationOrigin": [ 14.0, 0.0, -1.0 ],
					"faces": {
						"north": { "texture": "#firetrap", "uv": [ 0.0, 0.0, 15.25, 1.0 ], "autoUv": false },
						"east": { "texture": "#firetrap", "uv": [ 0.0, 0.0, 15.0, 1.25 ], "autoUv": false },
						"south": { "texture": "#firetrap", "uv": [ 0.0, 0.0, 15.75, 1.0 ], "autoUv": false },
						"west": { "texture": "#firetrap", "uv": [ 0.0, 0.0, 16.0, 1.0 ], "autoUv": false },
						"up": { "texture": "#firetrap", "uv": [ 0.0, 0.0, 1.0, 1.0 ] },
						"down": { "texture": "#firetrap", "uv": [ 0.0, 0.0, 1.0, 1.0 ] }
					}
				},
				{
					"name": "Rand3",
					"from": [ 14.0, 0.0, 14.0 ], 
					"to": [ 15.0, 16.0, 15.0 ], 
					"rotationOrigin": [ 14.0, 0.0, 14.0 ],
					"faces": {
						"north": { "texture": "#firetrap", "uv": [ 0.0, 0.0, 15.75, 1.0 ], "autoUv": false },
						"east": { "texture": "#firetrap", "uv": [ 0.0, 0.0, 15.25, 1.0 ], "autoUv": false },
						"south": { "texture": "#firetrap", "uv": [ 0.0, 0.0, 16.0, 0.75 ], "autoUv": false },
						"west": { "texture": "#firetrap", "uv": [ 0.0, 0.0, 16.0, 1.0 ], "autoUv": false },
						"up": { "texture": "#firetrap", "uv": [ 0.0, 0.0, 1.0, 1.0 ] },
						"down": { "texture": "#firetrap", "uv": [ 0.0, 0.0, 1.0, 1.0 ] }
					}
				},
				{
					"name": "Rand4",
					"from": [ -1.0, 0.0, 14.0 ], 
					"to": [ 0.0, 16.0, 15.0 ], 
					"rotationOrigin": [ -1.0, 0.0, 14.0 ],
					"faces": {
						"north": { "texture": "#firetrap", "uv": [ 0.0, 0.0, 15.75, 1.0 ], "autoUv": false },
						"east": { "texture": "#firetrap", "uv": [ 0.0, 0.0, 16.0, 1.25 ], "autoUv": false },
						"south": { "texture": "#firetrap", "uv": [ 0.0, 0.0, 15.5, 1.25 ], "autoUv": false },
						"west": { "texture": "#firetrap", "uv": [ 0.0, 0.0, 15.25, 1.25 ], "autoUv": false },
						"up": { "texture": "#firetrap", "uv": [ 0.0, 0.0, 1.25, 1.0 ], "autoUv": false },
						"down": { "texture": "#firetrap", "uv": [ 0.0, 0.0, 1.0, 1.0 ] }
					}
				},
				{
					"name": "Rand5",
					"from": [ 0.0, 0.0, 14.0 ], 
					"to": [ 14.0, 1.0, 15.0 ], 
					"rotationOrigin": [ 0.0, 0.0, 14.0 ],
					"faces": {
						"north": { "texture": "#firetrap", "uv": [ 0.0, 0.0, 14.0, 1.0 ] },
						"east": { "texture": "#firetrap", "uv": [ 0.0, 0.0, 1.0, 1.0 ] },
						"south": { "texture": "#firetrap", "uv": [ 0.0, 0.0, 14.0, 1.0 ] },
						"west": { "texture": "#firetrap", "uv": [ 0.0, 0.0, 1.0, 1.0 ] },
						"up": { "texture": "#firetrap", "uv": [ 0.0, 0.0, 14.0, 1.0 ] },
						"down": { "texture": "#firetrap", "uv": [ 0.0, 0.0, 14.0, 1.0 ] }
					}
				},
				{
					"name": "Rand6",
					"from": [ 0.0, 15.0, 14.0 ], 
					"to": [ 14.0, 16.0, 15.0 ], 
					"rotationOrigin": [ 0.0, 15.0, 14.0 ],
					"faces": {
						"north": { "texture": "#firetrap", "uv": [ 0.0, 0.0, 14.0, 1.0 ] },
						"east": { "texture": "#firetrap", "uv": [ 0.0, 0.0, 1.0, 1.0 ] },
						"south": { "texture": "#firetrap", "uv": [ 0.0, 0.0, 14.0, 1.0 ] },
						"west": { "texture": "#firetrap", "uv": [ 0.0, 0.0, 1.0, 1.0 ] },
						"up": { "texture": "#firetrap", "uv": [ 0.0, 0.0, 14.0, 1.0 ] },
						"down": { "texture": "#firetrap", "uv": [ 0.0, 0.0, 14.0, 1.0 ] }
					}
				},
				{
					"name": "Rand7",
					"from": [ 0.0, 15.0, -1.0 ], 
					"to": [ 14.0, 16.0, 0.0 ], 
					"rotationOrigin": [ 0.0, 15.0, -1.0 ],
					"faces": {
						"north": { "texture": "#firetrap", "uv": [ 0.0, 0.0, 14.0, 1.0 ] },
						"east": { "texture": "#firetrap", "uv": [ 0.0, 0.0, 1.0, 1.0 ] },
						"south": { "texture": "#firetrap", "uv": [ 0.0, 0.0, 14.0, 1.0 ] },
						"west": { "texture": "#firetrap", "uv": [ 0.0, 0.0, 1.0, 1.0 ] },
						"up": { "texture": "#firetrap", "uv": [ 0.0, 0.0, 14.0, 1.0 ] },
						"down": { "texture": "#firetrap", "uv": [ 0.0, 0.0, 14.0, 1.0 ] }
					}
				},
				{
					"name": "Rand8",
					"from": [ 0.0, 0.0, -1.0 ], 
					"to": [ 14.0, 1.0, 0.0 ], 
					"rotationOrigin": [ 0.0, 0.0, -1.0 ],
					"faces": {
						"north": { "texture": "#firetrap", "uv": [ 0.0, 0.0, 14.0, 1.0 ] },
						"east": { "texture": "#firetrap", "uv": [ 0.0, 0.0, 1.0, 1.0 ] },
						"south": { "texture": "#firetrap", "uv": [ 0.0, 0.0, 14.0, 1.0 ] },
						"west": { "texture": "#firetrap", "uv": [ 0.0, 0.0, 1.0, 1.0 ] },
						"up": { "texture": "#firetrap", "uv": [ 0.0, 0.0, 14.0, 1.0 ] },
						"down": { "texture": "#firetrap", "uv": [ 0.0, 0.0, 14.0, 1.0 ] }
					}
				},
				{
					"name": "Rand9",
					"from": [ -1.0, 0.0, 0.0 ], 
					"to": [ 0.0, 1.0, 14.0 ], 
					"rotationOrigin": [ -1.0, 0.0, 0.0 ],
					"faces": {
						"north": { "texture": "#firetrap", "uv": [ 0.0, 0.0, 1.0, 1.0 ] },
						"east": { "texture": "#firetrap", "uv": [ 0.0, 0.0, 14.0, 1.0 ] },
						"south": { "texture": "#firetrap", "uv": [ 0.0, 0.0, 1.0, 1.0 ] },
						"west": { "texture": "#firetrap", "uv": [ 0.0, 0.0, 14.0, 1.0 ] },
						"up": { "texture": "#firetrap", "uv": [ 0.0, 0.0, 15.5, 1.0 ], "autoUv": false },
						"down": { "texture": "#firetrap", "uv": [ 0.0, 0.0, 15.75, 1.0 ], "autoUv": false }
					}
				},
				{
					"name": "Rand10",
					"from": [ -1.0, 15.0, 0.0 ], 
					"to": [ 0.0, 16.0, 14.0 ], 
					"rotationOrigin": [ -1.0, 15.0, 0.0 ],
					"faces": {
						"north": { "texture": "#firetrap", "uv": [ 0.0, 0.0, 1.0, 1.0 ] },
						"east": { "texture": "#firetrap", "uv": [ 0.0, 0.0, 14.0, 1.0 ] },
						"south": { "texture": "#firetrap", "uv": [ 0.0, 0.0, 1.0, 1.0 ] },
						"west": { "texture": "#firetrap", "uv": [ 0.5, 0.0, 14.5, 1.0 ] },
						"up": { "texture": "#firetrap", "uv": [ 0.0, 0.0, 15.5, 1.25 ], "autoUv": false },
						"down": { "texture": "#firetrap", "uv": [ 0.0, 0.0, 15.25, 1.0 ], "autoUv": false }
					}
				},
				{
					"name": "Rand11",
					"from": [ 14.0, 15.0, 0.0 ], 
					"to": [ 15.0, 16.0, 14.0 ], 
					"rotationOrigin": [ 14.0, 15.0, 0.0 ],
					"faces": {
						"north": { "texture": "#firetrap", "uv": [ 0.0, 0.0, 1.0, 1.0 ] },
						"east": { "texture": "#firetrap", "uv": [ 0.0, 0.0, 14.0, 1.0 ] },
						"south": { "texture": "#firetrap", "uv": [ 0.0, 0.0, 1.0, 1.0 ] },
						"west": { "texture": "#firetrap", "uv": [ 0.0, 0.0, 14.0, 1.0 ] },
						"up": { "texture": "#firetrap", "uv": [ 0.0, 0.0, 13.25, 1.25 ], "autoUv": false },
						"down": { "texture": "#firetrap", "uv": [ 0.0, 0.0, 13.25, 1.25 ], "autoUv": false }
					}
				},
				{
					"name": "Rand12",
					"from": [ 14.0, 0.0, 0.0 ], 
					"to": [ 15.0, 1.0, 14.0 ], 
					"rotationOrigin": [ 14.0, 0.0, 0.0 ],
					"faces": {
						"north": { "texture": "#firetrap", "uv": [ 0.0, 0.0, 1.0, 1.0 ] },
						"east": { "texture": "#firetrap", "uv": [ 0.0, 0.25, 14.0, 1.25 ] },
						"south": { "texture": "#firetrap", "uv": [ 0.0, 0.0, 1.0, 1.0 ] },
						"west": { "texture": "#firetrap", "uv": [ 0.0, 0.75, 14.0, 1.75 ] },
						"up": { "texture": "#firetrap", "uv": [ 0.0, 0.5, 14.75, 1.0 ], "autoUv": false },
						"down": { "texture": "#firetrap", "uv": [ 0.0, 0.0, 15.75, 1.25 ], "autoUv": false }
					}
				},
				{
					"name": "Feuer1",
					"from": [ -1.0, 5.0, 4.0 ], 
					"to": [ 0.0, 11.0, 10.0 ], 
					"rotationOrigin": [ -1.0, 5.0, 4.0 ],
					"faces": {
						"north": { "texture": "#firetrap", "uv": [ 0.0, 4.75, 2.5, 11.5 ], "autoUv": false },
						"east": { "texture": "#firetrap", "uv": [ 5.0, 5.0, 11.0, 11.0 ], "autoUv": false },
						"south": { "texture": "#firetrap", "uv": [ 1.25, 3.0, 4.0, 10.25 ], "autoUv": false },
						"west": { "texture": "#firetrap", "uv": [ 5.0, 5.0, 11.0, 11.0 ] },
						"up": { "texture": "#firetrap", "uv": [ 1.75, 3.25, 2.75, 9.25 ] },
						"down": { "texture": "#firetrap", "uv": [ 2.0, 3.5, 3.0, 9.5 ] }
					}
				},
				{
					"name": "Feuer2",
					"from": [ 14.0, 5.0, 4.0 ], 
					"to": [ 15.0, 11.0, 10.0 ], 
					"rotationOrigin": [ 14.0, 5.0, 4.0 ],
					"faces": {
						"north": { "texture": "#firetrap", "uv": [ 1.0, 2.0, 2.0, 8.0 ] },
						"east": { "texture": "#firetrap", "uv": [ 5.0, 5.0, 11.0, 11.0 ] },
						"south": { "texture": "#firetrap", "uv": [ 0.75, 2.75, 1.75, 8.75 ] },
						"west": { "texture": "#firetrap", "uv": [ 5.0, 5.0, 11.0, 11.0 ] },
						"up": { "texture": "#firetrap", "uv": [ 2.5, 5.0, 3.5, 11.0 ] },
						"down": { "texture": "#firetrap", "uv": [ 0.75, 2.25, 1.75, 8.25 ] }
					}
				},
				{
					"name": "Feuer3",
					"from": [ 4.0, 5.0, -1.0 ], 
					"to": [ 10.0, 11.0, 0.0 ], 
					"rotationOrigin": [ 4.0, 5.0, -1.0 ],
					"faces": {
						"north": { "texture": "#firetrap", "uv": [ 5.0, 4.75, 11.0, 10.75 ] },
						"east": { "texture": "#firetrap", "uv": [ 1.75, 3.25, 2.75, 9.25 ] },
						"south": { "texture": "#firetrap", "uv": [ 5.0, 4.75, 11.0, 10.75 ] },
						"west": { "texture": "#firetrap", "uv": [ 2.0, 4.75, 3.0, 10.75 ] },
						"up": { "texture": "#firetrap", "uv": [ 1.5, 2.5, 7.5, 3.5 ] },
						"down": { "texture": "#firetrap", "uv": [ 1.25, 1.75, 7.25, 2.75 ] }
					}
				},
				{
					"name": "Feuer4",
					"from": [ 4.0, 5.0, 14.0 ], 
					"to": [ 10.0, 11.0, 15.0 ], 
					"rotationOrigin": [ 4.0, 5.0, 14.0 ],
					"faces": {
						"north": { "texture": "#firetrap", "uv": [ 4.75, 5.0, 10.75, 11.0 ] },
						"east": { "texture": "#firetrap", "uv": [ 1.25, 3.25, 2.25, 9.25 ] },
						"south": { "texture": "#firetrap", "uv": [ 5.0, 5.0, 11.0, 11.0 ] },
						"west": { "texture": "#firetrap", "uv": [ 1.0, 3.5, 2.0, 9.5 ] },
						"up": { "texture": "#firetrap", "uv": [ 2.5, 2.25, 8.5, 3.25 ] },
						"down": { "texture": "#firetrap", "uv": [ 1.75, 2.5, 7.75, 3.5 ] }
					}
				}
			]
		}
	]}