{
	"editor": {
		"allAngles": false,
		"entityTextureMode": false
	},
	"textureWidth": 16,
	"textureHeight": 16,
	"textureSizes": {
	},
	"textures": {
		"soulgolem": "block/dungeon/soulgolem"
	},
	"elements": [
		{
			"name": "Cube9",
			"from": [ 4.0, 15.0, 4.0 ], 
			"to": [ 12.0, 32.0, 12.0 ], 
			"rotationOrigin": [ 4.0, 15.0, 4.0 ],
			"faces": {
				"north": { "texture": "#soulgolem", "uv": [ 0.0, 0.0, 6.5, 15.75 ], "autoUv": false },
				"east": { "texture": "#soulgolem", "uv": [ 0.0, 0.0, 6.25, 15.5 ], "autoUv": false },
				"south": { "texture": "#soulgolem", "uv": [ 0.0, 0.0, 6.75, 15.5 ], "autoUv": false },
				"west": { "texture": "#soulgolem", "uv": [ 0.0, 0.0, 6.5, 15.75 ], "autoUv": false },
				"up": { "texture": "#soulgolem", "uv": [ 0.0, 0.0, 8.0, 8.0 ] },
				"down": { "texture": "#soulgolem", "uv": [ 0.0, 0.0, 8.0, 8.0 ] }
			},
			"children": [
				{
					"name": "Cube8",
					"from": [ -4.0, -7.0, 2.0 ], 
					"to": [ 0.0, 1.0, 6.0 ], 
					"rotationOrigin": [ 0.0, -7.0, 4.0 ],
					"rotationZ": -22.5000003066977,
					"faces": {
						"north": { "texture": "#soulgolem", "uv": [ 0.0, 0.0, 4.0, 8.0 ] },
						"east": { "texture": "#soulgolem", "uv": [ 0.0, 0.0, 4.0, 8.0 ] },
						"south": { "texture": "#soulgolem", "uv": [ 0.0, 0.0, 4.0, 8.0 ] },
						"west": { "texture": "#soulgolem", "uv": [ 0.0, 0.0, 4.0, 8.0 ] },
						"up": { "texture": "#soulgolem", "uv": [ 0.0, 0.0, 4.0, 4.0 ] },
						"down": { "texture": "#soulgolem", "uv": [ 0.0, 0.0, 4.0, 4.0 ] }
					},
					"children": [
						{
							"name": "Cube4",
							"from": [ 3.3659, -8.9218, 0.0 ], 
							"to": [ 7.3659, 0.0782, 4.0 ], 
							"rotationOrigin": [ 3.3659, -8.9218, 0.0 ],
							"rotationZ": 22.5000003066977,
							"faces": {
								"north": { "texture": "#soulgolem", "uv": [ 0.0, 0.0, 4.0, 9.0 ] },
								"east": { "texture": "#soulgolem", "uv": [ 0.0, 0.0, 4.0, 9.0 ] },
								"south": { "texture": "#soulgolem", "uv": [ 0.0, 0.0, 4.0, 9.0 ] },
								"west": { "texture": "#soulgolem", "uv": [ 0.0, 0.0, 4.0, 9.0 ] },
								"up": { "texture": "#soulgolem", "uv": [ 0.0, 0.0, 4.0, 4.0 ] },
								"down": { "texture": "#soulgolem", "uv": [ 0.0, 0.0, 4.0, 4.0 ] }
							}
						}
					]
				},
				{
					"name": "Cube5",
					"from": [ 2.0, -7.0, -4.0 ], 
					"to": [ 6.0, 1.0, 0.0 ], 
					"rotationOrigin": [ 4.0, -7.0, 0.0 ],
					"rotationX": 22.5000003066977,
					"faces": {
						"north": { "texture": "#soulgolem", "uv": [ 0.0, 0.0, 4.0, 8.0 ] },
						"east": { "texture": "#soulgolem", "uv": [ 0.0, 0.0, 4.0, 8.0 ] },
						"south": { "texture": "#soulgolem", "uv": [ 0.0, 0.0, 4.0, 8.0 ] },
						"west": { "texture": "#soulgolem", "uv": [ 0.0, 0.0, 4.0, 8.0 ] },
						"up": { "texture": "#soulgolem", "uv": [ 0.0, 0.0, 4.0, 4.0 ] },
						"down": { "texture": "#soulgolem", "uv": [ 0.0, 0.0, 4.0, 4.0 ] }
					},
					"children": [
						{
							"name": "Cube1",
							"from": [ 0.0, -8.9218, 3.3659 ], 
							"to": [ 4.0, 0.0782, 7.3659 ], 
							"rotationOrigin": [ 0.0, -8.9218, 3.3659 ],
							"rotationX": -22.5000003066977,
							"faces": {
								"north": { "texture": "#soulgolem", "uv": [ 0.0, 0.0, 4.0, 9.0 ] },
								"east": { "texture": "#soulgolem", "uv": [ 0.0, 0.0, 4.0, 9.0 ] },
								"south": { "texture": "#soulgolem", "uv": [ 0.0, 0.0, 4.0, 9.0 ] },
								"west": { "texture": "#soulgolem", "uv": [ 0.0, 0.0, 4.0, 9.0 ] },
								"up": { "texture": "#soulgolem", "uv": [ 0.0, 0.0, 4.0, 4.0 ] },
								"down": { "texture": "#soulgolem", "uv": [ 0.0, 0.0, 4.0, 4.0 ] }
							}
						}
					]
				},
				{
					"name": "Cube6",
					"from": [ 8.0, -7.0, 2.0 ], 
					"to": [ 12.0, 1.0, 6.0 ], 
					"rotationOrigin": [ 8.0, -7.0, 4.0 ],
					"rotationZ": 22.5000003066977,
					"faces": {
						"north": { "texture": "#soulgolem", "uv": [ 0.0, 0.0, 4.0, 8.0 ] },
						"east": { "texture": "#soulgolem", "uv": [ 0.0, 0.0, 4.0, 8.0 ] },
						"south": { "texture": "#soulgolem", "uv": [ 0.0, 0.0, 4.0, 8.0 ] },
						"west": { "texture": "#soulgolem", "uv": [ 0.0, 0.0, 4.0, 8.0 ] },
						"up": { "texture": "#soulgolem", "uv": [ 0.0, 0.0, 4.0, 4.0 ] },
						"down": { "texture": "#soulgolem", "uv": [ 0.0, 0.0, 4.0, 4.0 ] }
					},
					"children": [
						{
							"name": "Cube2",
							"from": [ -3.0615, -7.391, 0.0 ], 
							"to": [ 0.9385, 1.609, 4.0 ], 
							"rotationOrigin": [ -3.0615, -7.391, 0.0 ],
							"rotationZ": -22.5000003066977,
							"faces": {
								"north": { "texture": "#soulgolem", "uv": [ 0.0, 0.0, 4.0, 9.0 ] },
								"east": { "texture": "#soulgolem", "uv": [ 0.0, 0.0, 4.0, 9.0 ] },
								"south": { "texture": "#soulgolem", "uv": [ 0.0, 0.0, 4.0, 9.0 ] },
								"west": { "texture": "#soulgolem", "uv": [ 0.0, 0.0, 4.0, 9.0 ] },
								"up": { "texture": "#soulgolem", "uv": [ 0.0, 0.0, 4.0, 4.0 ] },
								"down": { "texture": "#soulgolem", "uv": [ 0.0, 0.0, 4.0, 4.0 ] }
							}
						}
					]
				},
				{
					"name": "Cube7",
					"from": [ 2.0, -7.0, 8.0 ], 
					"to": [ 6.0, 1.0, 12.0 ], 
					"rotationOrigin": [ 4.0, -7.0, 8.0 ],
					"rotationX": -22.5000003066977,
					"faces": {
						"north": { "texture": "#soulgolem", "uv": [ 0.0, 0.0, 4.0, 8.0 ] },
						"east": { "texture": "#soulgolem", "uv": [ 0.0, 0.0, 4.0, 8.0 ] },
						"south": { "texture": "#soulgolem", "uv": [ 0.0, 0.0, 4.0, 8.0 ] },
						"west": { "texture": "#soulgolem", "uv": [ 0.0, 0.0, 4.0, 8.0 ] },
						"up": { "texture": "#soulgolem", "uv": [ 0.0, 0.0, 4.0, 4.0 ] },
						"down": { "texture": "#soulgolem", "uv": [ 0.0, 0.0, 4.0, 4.0 ] }
					},
					"children": [
						{
							"name": "Cube3",
							"from": [ 0.0, -7.391, -3.0615 ], 
							"to": [ 4.0, 1.609, 0.9385 ], 
							"rotationOrigin": [ 0.0, -7.391, -3.0615 ],
							"rotationX": 22.5000003066977,
							"faces": {
								"north": { "texture": "#soulgolem", "uv": [ 0.0, 0.0, 4.0, 9.0 ] },
								"east": { "texture": "#soulgolem", "uv": [ 0.0, 0.0, 4.0, 9.0 ] },
								"south": { "texture": "#soulgolem", "uv": [ 0.0, 0.0, 4.0, 9.0 ] },
								"west": { "texture": "#soulgolem", "uv": [ 0.0, 0.0, 4.0, 9.0 ] },
								"up": { "texture": "#soulgolem", "uv": [ 0.0, 0.0, 4.0, 4.0 ] },
								"down": { "texture": "#soulgolem", "uv": [ 0.0, 0.0, 4.0, 4.0 ] }
							}
						}
					]
				},
				{
					"name": "Cube10",
					"from": [ -2.5, 5.0, 2.0 ], 
					"to": [ 0.5, 14.0, 5.0 ], 
					"rotationOrigin": [ 0.5, 14.0, 3.0 ],
					"rotationZ": -15.0,
					"faces": {
						"north": { "texture": "#soulgolem", "uv": [ 0.0, 0.0, 3.0, 9.0 ] },
						"east": { "texture": "#soulgolem", "uv": [ 0.0, 0.0, 3.0, 9.0 ] },
						"south": { "texture": "#soulgolem", "uv": [ 0.0, 0.0, 3.0, 9.0 ] },
						"west": { "texture": "#soulgolem", "uv": [ 0.0, 0.0, 3.0, 9.0 ] },
						"up": { "texture": "#soulgolem", "uv": [ 0.0, 0.0, 3.0, 3.0 ] },
						"down": { "texture": "#soulgolem", "uv": [ 0.0, 0.0, 3.0, 3.0 ] }
					},
					"children": [
						{
							"name": "Cube11",
							"from": [ 2.0, -8.0, 0.0 ], 
							"to": [ 5.0, 0.0, 3.0 ], 
							"rotationOrigin": [ 2.0, -8.0, 0.0 ],
							"rotationZ": 15.0,
							"faces": {
								"north": { "texture": "#soulgolem", "uv": [ 0.0, 0.0, 3.0, 8.0 ] },
								"east": { "texture": "#soulgolem", "uv": [ 0.0, 0.0, 3.0, 8.0 ] },
								"south": { "texture": "#soulgolem", "uv": [ 0.0, 0.0, 3.0, 8.0 ] },
								"west": { "texture": "#soulgolem", "uv": [ 0.0, 0.0, 3.0, 8.0 ] },
								"up": { "texture": "#soulgolem", "uv": [ 0.0, 0.0, 3.0, 3.0 ] },
								"down": { "texture": "#soulgolem", "uv": [ 0.0, 0.0, 3.0, 3.0 ] }
							},
							"children": [
								{
									"name": "Cube12",
									"from": [ 0.0, -3.0, 0.0 ], 
									"to": [ 1.0, 0.0, 1.0 ], 
									"rotationOrigin": [ 0.0, -3.0, 0.0 ],
									"faces": {
										"north": { "texture": "#soulgolem", "uv": [ 0.0, 0.0, 1.0, 3.0 ] },
										"east": { "texture": "#soulgolem", "uv": [ 0.0, 0.0, 1.0, 3.0 ] },
										"south": { "texture": "#soulgolem", "uv": [ 0.0, 0.0, 1.0, 3.0 ] },
										"west": { "texture": "#soulgolem", "uv": [ 0.0, 0.0, 1.0, 3.0 ] },
										"up": { "texture": "#soulgolem", "uv": [ 0.0, 0.0, 1.0, 1.0 ] },
										"down": { "texture": "#soulgolem", "uv": [ 0.0, 0.0, 1.0, 1.0 ] }
									}
								},
								{
									"name": "Cube13",
									"from": [ 0.0, -3.0, 2.0 ], 
									"to": [ 1.0, 0.0, 3.0 ], 
									"rotationOrigin": [ 0.0, -3.0, 2.0 ],
									"faces": {
										"north": { "texture": "#soulgolem", "uv": [ 0.0, 0.0, 1.0, 3.0 ] },
										"east": { "texture": "#soulgolem", "uv": [ 0.0, 0.0, 1.0, 3.0 ] },
										"south": { "texture": "#soulgolem", "uv": [ 0.0, 0.0, 1.0, 3.0 ] },
										"west": { "texture": "#soulgolem", "uv": [ 0.0, 0.0, 1.0, 3.0 ] },
										"up": { "texture": "#soulgolem", "uv": [ 0.0, 0.0, 1.0, 1.0 ] },
										"down": { "texture": "#soulgolem", "uv": [ 0.0, 0.0, 1.0, 1.0 ] }
									}
								}
							]
						}
					]
				},
				{
					"name": "Cube14",
					"from": [ 7.5, 6.0, 2.0 ], 
					"to": [ 10.5, 15.0, 5.0 ], 
					"rotationOrigin": [ 7.5, 15.0, 3.0 ],
					"rotationZ": 15.0,
					"faces": {
						"north": { "texture": "#soulgolem", "uv": [ 0.0, 0.0, 3.0, 9.0 ] },
						"east": { "texture": "#soulgolem", "uv": [ 0.0, 0.0, 3.0, 9.0 ] },
						"south": { "texture": "#soulgolem", "uv": [ 0.0, 0.0, 3.0, 9.0 ] },
						"west": { "texture": "#soulgolem", "uv": [ 0.0, 0.0, 3.0, 9.0 ] },
						"up": { "texture": "#soulgolem", "uv": [ 0.0, 0.0, 3.0, 3.0 ] },
						"down": { "texture": "#soulgolem", "uv": [ 0.0, 0.0, 3.0, 3.0 ] }
					},
					"children": [
						{
							"name": "Cube15",
							"from": [ -2.0, -7.3, 0.0 ], 
							"to": [ 1.0, 0.7, 3.0 ], 
							"rotationOrigin": [ -2.0, -7.3, 0.0 ],
							"rotationZ": -15.0,
							"faces": {
								"north": { "texture": "#soulgolem", "uv": [ 0.0, 0.0, 3.0, 8.0 ] },
								"east": { "texture": "#soulgolem", "uv": [ 0.0, 0.0, 3.0, 8.0 ] },
								"south": { "texture": "#soulgolem", "uv": [ 0.0, 0.0, 3.0, 8.0 ] },
								"west": { "texture": "#soulgolem", "uv": [ 0.0, 0.0, 3.0, 8.0 ] },
								"up": { "texture": "#soulgolem", "uv": [ 0.0, 0.0, 3.0, 3.0 ] },
								"down": { "texture": "#soulgolem", "uv": [ 0.0, 0.0, 3.0, 3.0 ] }
							},
							"children": [
								{
									"name": "Cube16",
									"from": [ 2.0, -3.0, 0.0 ], 
									"to": [ 3.0, 0.0, 1.0 ], 
									"rotationOrigin": [ 2.0, -3.0, 0.0 ],
									"faces": {
										"north": { "texture": "#soulgolem", "uv": [ 0.0, 0.0, 1.0, 3.0 ] },
										"east": { "texture": "#soulgolem", "uv": [ 0.0, 0.0, 1.0, 3.0 ] },
										"south": { "texture": "#soulgolem", "uv": [ 0.0, 0.0, 1.0, 3.0 ] },
										"west": { "texture": "#soulgolem", "uv": [ 0.0, 0.0, 1.0, 3.0 ] },
										"up": { "texture": "#soulgolem", "uv": [ 0.0, 0.0, 1.0, 1.0 ] },
										"down": { "texture": "#soulgolem", "uv": [ 0.0, 0.0, 1.0, 1.0 ] }
									}
								},
								{
									"name": "Cube17",
									"from": [ 2.0, -3.0, 2.0 ], 
									"to": [ 3.0, 0.0, 3.0 ], 
									"rotationOrigin": [ 2.0, -3.0, 2.0 ],
									"faces": {
										"north": { "texture": "#soulgolem", "uv": [ 0.0, 0.0, 1.0, 3.0 ] },
										"east": { "texture": "#soulgolem", "uv": [ 0.0, 0.0, 1.0, 3.0 ] },
										"south": { "texture": "#soulgolem", "uv": [ 0.0, 0.0, 1.0, 3.0 ] },
										"west": { "texture": "#soulgolem", "uv": [ 0.0, 0.0, 1.0, 3.0 ] },
										"up": { "texture": "#soulgolem", "uv": [ 0.0, 0.0, 1.0, 1.0 ] },
										"down": { "texture": "#soulgolem", "uv": [ 0.0, 0.0, 1.0, 1.0 ] }
									}
								}
							]
						}
					]
				},
				{
					"name": "Cube18",
					"from": [ 1.0, 17.0, 1.0 ], 
					"to": [ 7.0, 19.0, 7.0 ], 
					"rotationOrigin": [ 1.0, 17.0, 1.0 ],
					"faces": {
						"north": { "texture": "#soulgolem", "uv": [ 0.0, 0.0, 6.0, 2.0 ] },
						"east": { "texture": "#soulgolem", "uv": [ 0.0, 0.0, 6.0, 2.0 ] },
						"south": { "texture": "#soulgolem", "uv": [ 0.0, 0.0, 6.0, 2.0 ] },
						"west": { "texture": "#soulgolem", "uv": [ 0.0, 0.0, 6.0, 2.0 ] },
						"up": { "texture": "#soulgolem", "uv": [ 0.0, 0.0, 6.0, 6.0 ] },
						"down": { "texture": "#soulgolem", "uv": [ 0.0, 0.0, 6.0, 6.0 ] }
					},
					"children": [
						{
							"name": "Cube19",
							"from": [ -1.0, 2.0, -1.0 ], 
							"to": [ 7.0, 10.0, 7.0 ], 
							"rotationOrigin": [ -1.0, 2.0, -1.0 ],
							"faces": {
								"north": { "texture": "#soulgolem", "uv": [ 0.0, 0.0, 8.0, 8.0 ] },
								"east": { "texture": "#soulgolem", "uv": [ 0.0, 0.0, 8.0, 8.0 ] },
								"south": { "texture": "#soulgolem", "uv": [ 6.0, 8.0, 15.75, 16.0 ], "autoUv": false },
								"west": { "texture": "#soulgolem", "uv": [ 0.0, 0.0, 8.0, 8.0 ] },
								"up": { "texture": "#soulgolem", "uv": [ 0.5, 0.5, 8.5, 8.5 ] },
								"down": { "texture": "#soulgolem", "uv": [ 0.0, 0.0, 8.0, 8.0 ] }
							}
						}
					]
				}
			]
		}
	]}