{
	"editor": {
		"allAngles": false,
		"entityTextureMode": false
	},
	"textureWidth": 16,
	"textureHeight": 16,
	"textureSizes": {
	},
	"textures": {
		"spikes": "block/dungeon/spikes"
	},
	"elements": [
		{
			"name": "Cube1",
			"from": [ 0.0, 0.0, 0.0 ], 
			"to": [ 1.0, 27.5, 1.0 ], 
			"rotationOrigin": [ 0.0, 0.0, 0.0 ],
			"rotationX": 45.0,
			"rotationZ": -35.0,
			"faces": {
				"north": { "texture": "#spikes", "uv": [ 0.0, 0.0, 1.5, 16.0 ], "autoUv": false },
				"east": { "texture": "#spikes", "uv": [ 0.0, 0.0, 1.5, 15.5 ], "autoUv": false },
				"south": { "texture": "#spikes", "uv": [ 0.0, 0.0, 1.5, 16.0 ], "autoUv": false },
				"west": { "texture": "#spikes", "uv": [ 0.0, 0.0, 1.0, 15.5 ], "autoUv": false },
				"up": { "texture": "#spikes", "uv": [ 0.0, 0.0, 1.0, 1.0 ] },
				"down": { "texture": "#spikes", "uv": [ 0.0, 0.0, 1.0, 1.0 ] }
			},
			"children": [
				{
					"name": "Cube2",
					"from": [ -6.4893, 9.2676, 10.3137 ], 
					"to": [ -5.4893, 36.7676, 11.3137 ], 
					"rotationOrigin": [ -6.4893, 9.2676, 11.3137 ],
					"rotationX": -90.00000339656076,
					"rotationY": -34.99999905729538,
					"rotationZ": -35.000000643508336,
					"faces": {
						"north": { "texture": "#spikes", "uv": [ 0.0, 0.0, 16.0, 2.0 ], "autoUv": false },
						"east": { "texture": "#spikes", "uv": [ 0.0, 0.0, 1.5, 16.0 ], "autoUv": false },
						"south": { "texture": "#spikes", "uv": [ 0.0, 0.0, 2.0, 16.0 ], "autoUv": false },
						"west": { "texture": "#spikes", "uv": [ 0.0, 0.0, 1.5, 16.0 ], "autoUv": false },
						"up": { "texture": "#spikes", "uv": [ 0.0, 0.0, 1.0, 1.0 ] },
						"down": { "texture": "#spikes", "uv": [ 0.0, 0.0, 1.0, 1.0 ] }
					}
				},
				{
					"name": "Cube3",
					"from": [ 12.1064, 9.1772, 0.0 ], 
					"to": [ 13.1064, 36.6772, 1.0 ], 
					"rotationOrigin": [ 13.1064, 9.1772, 0.0 ],
					"rotationZ": 69.99999987434128,
					"faces": {
						"north": { "texture": "#spikes", "uv": [ 0.0, 0.0, 1.5, 16.0 ], "autoUv": false },
						"east": { "texture": "#spikes", "uv": [ 0.0, 0.0, 1.5, 16.0 ], "autoUv": false },
						"south": { "texture": "#spikes", "uv": [ 0.0, 0.0, 1.0, 16.0 ], "autoUv": false },
						"west": { "texture": "#spikes", "uv": [ 0.0, 0.0, 1.5, 15.5 ], "autoUv": false },
						"up": { "texture": "#spikes", "uv": [ 0.0, 0.0, 1.0, 1.0 ] },
						"down": { "texture": "#spikes", "uv": [ 0.0, 0.0, 1.0, 1.0 ] }
					}
				},
				{
					"name": "Cube4",
					"from": [ 5.6172, 18.4449, 10.3137 ], 
					"to": [ 6.6172, 45.9449, 11.3137 ], 
					"rotationOrigin": [ 6.6172, 18.4449, 11.3137 ],
					"rotationX": -89.99999088937957,
					"rotationY": -34.99999905729538,
					"rotationZ": 35.000000643508336,
					"faces": {
						"north": { "texture": "#spikes", "uv": [ 0.0, 0.0, 1.5, 16.0 ], "autoUv": false },
						"east": { "texture": "#spikes", "uv": [ 0.0, 0.0, 1.0, 16.0 ], "autoUv": false },
						"south": { "texture": "#spikes", "uv": [ 0.0, 0.0, 1.5, 16.0 ], "autoUv": false },
						"west": { "texture": "#spikes", "uv": [ 0.0, 0.0, 1.5, 16.0 ], "autoUv": false },
						"up": { "texture": "#spikes", "uv": [ 0.0, 0.0, 1.0, 1.0 ] },
						"down": { "texture": "#spikes", "uv": [ 0.0, 0.0, 1.0, 1.0 ] }
					}
				}
			]
		},
		{
			"name": "Cube5",
			"from": [ -3.5, 7.0, 7.5 ], 
			"to": [ 20.5, 8.0, 8.5 ], 
			"faces": {
				"north": { "texture": "#spikes", "uv": [ 0.0, 0.0, 15.5, 1.0 ], "autoUv": false },
				"east": { "texture": "#spikes", "uv": [ 0.0, 0.0, 1.0, 1.0 ] },
				"south": { "texture": "#spikes", "uv": [ 0.0, 0.0, 15.5, 1.0 ], "autoUv": false },
				"west": { "texture": "#spikes", "uv": [ 0.0, 0.0, 1.0, 1.0 ] },
				"up": { "texture": "#spikes", "uv": [ 0.0, 0.0, 15.5, 1.5 ], "autoUv": false },
				"down": { "texture": "#spikes", "uv": [ 0.0, 0.0, 16.0, 1.5 ], "autoUv": false }
			}
		},
		{
			"name": "Cube6",
			"from": [ 7.5, 7.0, -3.5 ], 
			"to": [ 8.5, 8.0, 20.5 ], 
			"faces": {
				"north": { "texture": "#spikes", "uv": [ 0.0, 0.0, 1.0, 1.0 ] },
				"east": { "texture": "#spikes", "uv": [ 0.0, 0.0, 15.5, 1.0 ], "autoUv": false },
				"south": { "texture": "#spikes", "uv": [ 0.0, 0.0, 1.0, 1.0 ] },
				"west": { "texture": "#spikes", "uv": [ 0.0, 0.0, 15.5, 1.0 ], "autoUv": false },
				"up": { "texture": "#spikes", "uv": [ 0.0, 0.0, 1.0, 16.0 ], "autoUv": false },
				"down": { "texture": "#spikes", "uv": [ 0.0, 0.0, 1.0, 15.5 ], "autoUv": false }
			}
		},
		{
			"name": "Cube7",
			"from": [ 7.5, -3.5, 7.5 ], 
			"to": [ 8.5, 20.5, 8.5 ], 
			"faces": {
				"north": { "texture": "#spikes", "uv": [ 0.0, 0.0, 1.0, 15.0 ], "autoUv": false },
				"east": { "texture": "#spikes", "uv": [ 0.0, 0.0, 1.5, 16.0 ], "autoUv": false },
				"south": { "texture": "#spikes", "uv": [ 0.0, 0.0, 1.5, 16.0 ], "autoUv": false },
				"west": { "texture": "#spikes", "uv": [ 0.0, 0.0, 1.0, 16.0 ], "autoUv": false },
				"up": { "texture": "#spikes", "uv": [ 0.0, 0.0, 1.0, 1.0 ] },
				"down": { "texture": "#spikes", "uv": [ 0.0, 0.0, 1.0, 1.0 ] }
			}
		}
	]}