{
	"editor": {
		"allAngles": false,
		"entityTextureMode": false
	},
	"textureWidth": 16,
	"textureHeight": 16,
	"textureSizes": {
	},
	"textures": {
		"Butterflyfish2": "entity/coral/butterflifish/butterflifish2"
	},
	"elements": [
		{
			"name": "Cube8",
			"from": [ 6.0, 1.0, 8.0 ], 
			"to": [ 9.0, 4.0, 9.0 ], 
			"rotationOrigin": [ 6.0, 1.0, 8.0 ],
			"faces": {
				"north": { "texture": "#Butterflyfish2", "uv": [ 13.5, 0.0, 0.0, 10.5 ], "autoUv": false },
				"east": { "texture": "#Butterflyfish2", "uv": [ 0.0, 0.0, 1.0, 3.0 ] },
				"south": { "texture": "#Butterflyfish2", "uv": [ 0.0, 0.0, 14.0, 11.0 ], "autoUv": false },
				"west": { "texture": "#Butterflyfish2", "uv": [ 12.0, 3.5, 13.0, 6.5 ] },
				"up": { "texture": "#Butterflyfish2", "uv": [ 11.0, 5.0, 14.0, 6.0 ] },
				"down": { "texture": "#Butterflyfish2", "uv": [ 11.0, 5.0, 14.0, 6.0 ] }
			},
			"children": [
				{
					"name": "Cube11",
					"from": [ -1.0, 0.0, 0.0 ], 
					"to": [ 0.0, 2.0, 1.0 ], 
					"rotationOrigin": [ -1.0, 0.0, 0.0 ],
					"faces": {
						"north": { "texture": "#Butterflyfish2", "uv": [ 10.0, 10.5, 16.0, 16.0 ], "autoUv": false },
						"east": { "texture": "#Butterflyfish2", "uv": [ 13.0, 5.0, 14.0, 7.0 ] },
						"south": { "texture": "#Butterflyfish2", "uv": [ 16.0, 10.5, 10.0, 16.0 ], "autoUv": false },
						"west": { "texture": "#Butterflyfish2", "uv": [ 11.5, 12.5, 12.5, 14.5 ] },
						"up": { "texture": "#Butterflyfish2", "uv": [ 12.5, 5.0, 13.5, 6.0 ] },
						"down": { "texture": "#Butterflyfish2", "uv": [ 12.0, 5.0, 13.0, 6.0 ] }
					},
					"children": [
						{
							"name": "Cube12",
							"from": [ 1.4, 1.5, 0.0 ], 
							"to": [ 2.7, 2.6, 1.0 ], 
							"rotationOrigin": [ 1.4, 0.5, 0.0 ],
							"rotationZ": 41.2,
							"faces": {
								"north": { "texture": "#Butterflyfish2", "uv": [ 0.0, 0.0, 1.0, 1.0 ] },
								"east": { "texture": "#Butterflyfish2", "uv": [ 0.0, 0.0, 1.0, 1.0 ] },
								"south": { "texture": "#Butterflyfish2", "uv": [ 0.0, 0.0, 1.0, 1.0 ] },
								"west": { "texture": "#Butterflyfish2", "uv": [ 0.0, 0.0, 1.0, 1.0 ] },
								"up": { "texture": "#Butterflyfish2", "uv": [ 0.0, 0.0, 1.0, 1.0 ] },
								"down": { "texture": "#Butterflyfish2", "uv": [ 0.0, 0.0, 1.0, 1.0 ] }
							}
						},
						{
							"name": "Cube13",
							"from": [ -0.5, 0.3, 0.0 ], 
							"to": [ 0.0, 0.9, 1.0 ], 
							"rotationOrigin": [ -0.5, 0.3, 0.0 ],
							"faces": {
								"north": { "texture": "#Butterflyfish2", "uv": [ 12.0, 12.5, 9.5, 14.5 ], "autoUv": false },
								"east": { "texture": "#Butterflyfish2", "uv": [ 12.0, 4.5, 13.0, 5.0 ] },
								"south": { "texture": "#Butterflyfish2", "uv": [ 10.0, 11.5, 12.5, 14.0 ], "autoUv": false },
								"west": { "texture": "#Butterflyfish2", "uv": [ 12.5, 6.0, 13.5, 6.5 ] },
								"up": { "texture": "#Butterflyfish2", "uv": [ 10.0, 12.5, 12.5, 15.0 ], "autoUv": false },
								"down": { "texture": "#Butterflyfish2", "uv": [ 10.0, 12.0, 12.5, 15.0 ], "autoUv": false }
							}
						}
					]
				},
				{
					"name": "Cube1",
					"from": [ 0.0, 3.0, 0.5 ], 
					"to": [ 3.0, 4.0, 0.5 ], 
					"rotationOrigin": [ 0.0, 3.0, 0.5 ],
					"faces": {
						"north": { "texture": "#Butterflyfish2", "uv": [ 6.5, 13.5, 11.0, 16.0 ], "autoUv": false },
						"east": { "texture": "#Butterflyfish2", "uv": [ 5.0, 12.5, 5.5, 13.5 ] },
						"south": { "texture": "#Butterflyfish2", "uv": [ 6.0, 11.5, 5.5, 11.5 ], "autoUv": false },
						"west": { "texture": "#Butterflyfish2", "uv": [ 5.5, 11.5, 6.0, 12.5 ] },
						"up": { "texture": "#Butterflyfish2", "uv": [ 0.0, 11.0, 3.0, 11.5 ] },
						"down": { "texture": "#Butterflyfish2", "uv": [ 0.0, 12.0, 3.0, 12.5 ] }
					},
					"children": [
						{
							"name": "Cube14",
							"from": [ 3.0, -0.7, 0.0 ], 
							"to": [ 4.0, 1.0, 0.0 ], 
							"rotationOrigin": [ 3.0, -0.7, 0.0 ],
							"faces": {
								"north": { "texture": "#Butterflyfish2", "uv": [ 13.5, 0.5, 16.0, 1.5 ], "autoUv": false },
								"east": { "texture": "#Butterflyfish2", "uv": [ 5.0, 11.0, 5.5, 12.5 ] },
								"south": { "texture": "#Butterflyfish2", "uv": [ 5.0, 10.5, 6.0, 12.0 ] },
								"west": { "texture": "#Butterflyfish2", "uv": [ 5.5, 12.0, 6.0, 13.5 ] },
								"up": { "texture": "#Butterflyfish2", "uv": [ 5.0, 11.5, 6.0, 12.0 ] },
								"down": { "texture": "#Butterflyfish2", "uv": [ 1.0, 11.5, 2.0, 12.0 ] }
							}
						}
					]
				},
				{
					"name": "Cube10",
					"from": [ 3.0, 0.75, 0.0 ], 
					"to": [ 4.0, 2.25, 1.0 ], 
					"rotationOrigin": [ 3.0, 0.75, 0.0 ],
					"faces": {
						"north": { "texture": "#Butterflyfish2", "uv": [ 10.5, 0.5, 5.0, 11.0 ], "autoUv": false },
						"east": { "texture": "#Butterflyfish2", "uv": [ 11.5, 4.0, 12.5, 5.5 ] },
						"south": { "texture": "#Butterflyfish2", "uv": [ 0.5, 3.0, 7.5, 9.0 ], "autoUv": false },
						"west": { "texture": "#Butterflyfish2", "uv": [ 12.0, 4.0, 13.0, 5.5 ] },
						"up": { "texture": "#Butterflyfish2", "uv": [ 12.0, 4.0, 13.0, 5.0 ] },
						"down": { "texture": "#Butterflyfish2", "uv": [ 12.5, 5.5, 13.5, 6.5 ] }
					},
					"children": [
						{
							"name": "Cube15",
							"from": [ 0.3, 0.8, 0.5 ], 
							"to": [ 2.3, 2.8, 0.5 ], 
							"rotationOrigin": [ 0.3, 0.8, 0.5 ],
							"rotationZ": -45.0,
							"faces": {
								"north": { "texture": "#Butterflyfish2", "uv": [ 0.0, 11.0, 5.5, 16.0 ], "autoUv": false },
								"east": { "texture": "#Butterflyfish2", "uv": [ 0.0, 0.0, 0.5, 2.0 ] },
								"south": { "texture": "#Butterflyfish2", "uv": [ 5.5, 11.5, 0.0, 16.0 ], "autoUv": false },
								"west": { "texture": "#Butterflyfish2", "uv": [ 7.0, 13.5, 7.5, 15.5 ] },
								"up": { "texture": "#Butterflyfish2", "uv": [ 6.5, 13.5, 8.5, 14.0 ] },
								"down": { "texture": "#Butterflyfish2", "uv": [ 5.5, 12.0, 7.5, 12.5 ] }
							}
						}
					]
				},
				{
					"name": "Cube7",
					"from": [ 0.0, -1.0, 0.5 ], 
					"to": [ 3.0, 0.0, 0.5 ], 
					"rotationOrigin": [ 0.0, -1.0, 0.5 ],
					"faces": {
						"north": { "texture": "#Butterflyfish2", "uv": [ 6.5, 16.0, 10.5, 13.5 ], "autoUv": false },
						"east": { "texture": "#Butterflyfish2", "uv": [ 5.0, 11.5, 5.5, 12.5 ] },
						"south": { "texture": "#Butterflyfish2", "uv": [ 1.5, 11.5, 1.5, 12.0 ], "autoUv": false },
						"west": { "texture": "#Butterflyfish2", "uv": [ 5.5, 12.5, 6.0, 13.5 ] },
						"up": { "texture": "#Butterflyfish2", "uv": [ 0.5, 12.0, 2.0, 12.0 ], "autoUv": false },
						"down": { "texture": "#Butterflyfish2", "uv": [ 5.0, 12.5, 6.5, 12.5 ], "autoUv": false }
					},
					"children": [
						{
							"name": "Cube9",
							"from": [ 3.0, 0.0, 0.0 ], 
							"to": [ 4.0, 1.7, 0.0 ], 
							"rotationOrigin": [ 3.0, 0.0, 0.0 ],
							"faces": {
								"north": { "texture": "#Butterflyfish2", "uv": [ 16.0, 0.0, 14.5, 1.0 ], "autoUv": false },
								"east": { "texture": "#Butterflyfish2", "uv": [ 5.5, 11.5, 6.0, 13.0 ] },
								"south": { "texture": "#Butterflyfish2", "uv": [ 5.0, 11.5, 6.0, 13.0 ] },
								"west": { "texture": "#Butterflyfish2", "uv": [ 5.5, 12.0, 6.0, 13.5 ] },
								"up": { "texture": "#Butterflyfish2", "uv": [ 5.0, 11.5, 6.0, 12.0 ] },
								"down": { "texture": "#Butterflyfish2", "uv": [ 5.0, 11.5, 6.0, 12.0 ] }
							}
						}
					]
				},
				{
					"name": "Cube16",
					"from": [ 0.0, -0.4, 1.0 ], 
					"to": [ 1.0, 0.1, 1.0 ], 
					"rotationOrigin": [ 0.0, 0.1, 1.0 ],
					"rotationX": -22.5,
					"rotationY": -22.5,
					"faces": {
						"north": { "texture": "#Butterflyfish2", "uv": [ 14.5, 0.0, 16.0, 4.0 ], "autoUv": false },
						"east": { "texture": "#Butterflyfish2", "uv": [ 5.5, 11.5, 6.0, 12.0 ] },
						"south": { "texture": "#Butterflyfish2", "uv": [ 5.0, 11.5, 6.0, 12.0 ] },
						"west": { "texture": "#Butterflyfish2", "uv": [ 5.0, 11.5, 5.5, 12.0 ] },
						"up": { "texture": "#Butterflyfish2", "uv": [ 5.0, 12.5, 6.0, 13.0 ] },
						"down": { "texture": "#Butterflyfish2", "uv": [ 5.0, 12.5, 6.0, 13.0 ] }
					}
				},
				{
					"name": "Cube17",
					"from": [ 0.0, -0.4, 0.0 ], 
					"to": [ 1.0, 0.1, 0.0 ], 
					"rotationOrigin": [ 0.0, 0.1, 0.0 ],
					"rotationX": 22.5,
					"rotationY": 22.5,
					"faces": {
						"north": { "texture": "#Butterflyfish2", "uv": [ 16.0, 0.0, 14.5, 4.0 ], "autoUv": false },
						"east": { "texture": "#Butterflyfish2", "uv": [ 5.5, 11.0, 6.0, 11.5 ] },
						"south": { "texture": "#Butterflyfish2", "uv": [ 4.5, 12.0, 5.5, 12.5 ] },
						"west": { "texture": "#Butterflyfish2", "uv": [ 5.5, 12.0, 6.0, 12.5 ] },
						"up": { "texture": "#Butterflyfish2", "uv": [ 5.0, 12.5, 6.0, 13.0 ] },
						"down": { "texture": "#Butterflyfish2", "uv": [ 5.0, 12.5, 6.0, 13.0 ] }
					}
				}
			]
		}
	]}