{
	"editor": {
		"allAngles": false,
		"entityTextureMode": false
	},
	"textureWidth": 16,
	"textureHeight": 16,
	"textureSizes": {
	},
	"textures": {
		"kopf": "entity/geisterfisch/kopf",
		"flosse": "entity/geisterfisch/flosse",
		"fisch": "entity/geisterfisch/fisch",
		"auge": "entity/geisterfisch/auge"
	},
	"elements": [
		{
			"name": "Cube1",
			"from": [ 2.0, 1.0, 5.0 ], 
			"to": [ 6.0, 3.0, 11.0 ], 
			"rotationOrigin": [ 6.0, 1.0, 11.0 ],
			"faces": {
				"north": { "texture": "#fisch", "uv": [ 0.0, 0.0, 4.0, 2.0 ] },
				"east": { "texture": "#fisch", "uv": [ 0.0, 0.0, 6.0, 2.0 ] },
				"south": { "texture": "#fisch", "uv": [ 0.0, 0.0, 4.0, 2.0 ] },
				"west": { "texture": "#fisch", "uv": [ 0.0, 0.0, 6.0, 2.0 ] },
				"up": { "texture": "#fisch", "uv": [ 0.0, 0.0, 4.0, 6.0 ] },
				"down": { "texture": "#fisch", "uv": [ 0.0, 0.0, 4.0, 6.0 ] }
			},
			"children": [
				{
					"name": "Cube2",
					"from": [ -2.0, 1.0, 2.0 ], 
					"to": [ -1.0, 2.0, 4.0 ], 
					"rotationOrigin": [ -1.0, 1.0, 4.0 ],
					"faces": {
						"north": { "texture": "#fisch", "uv": [ 0.0, 0.0, 1.0, 1.0 ] },
						"east": { "texture": "#fisch", "uv": [ 0.0, 0.0, 2.0, 1.0 ] },
						"south": { "texture": "#fisch", "uv": [ 0.0, 0.0, 1.0, 1.0 ] },
						"west": { "texture": "#fisch", "uv": [ 0.0, 0.0, 2.0, 1.0 ] },
						"up": { "texture": "#fisch", "uv": [ 0.0, 0.0, 1.0, 2.0 ] },
						"down": { "texture": "#fisch", "uv": [ 0.0, 0.0, 1.0, 2.0 ] }
					},
					"children": [
						{
							"name": "Cube3",
							"from": [ 1.0, -1.0, -1.0 ], 
							"to": [ 2.0, 1.0, 3.0 ], 
							"rotationOrigin": [ 2.0, -1.0, 3.0 ],
							"faces": {
								"north": { "texture": "#fisch", "uv": [ 0.0, 0.0, 1.0, 2.0 ] },
								"east": { "texture": "#fisch", "uv": [ 0.0, 0.0, 4.0, 2.0 ] },
								"south": { "texture": "#fisch", "uv": [ 0.0, 0.0, 1.0, 2.0 ] },
								"west": { "texture": "#fisch", "uv": [ 0.0, 0.0, 4.0, 2.0 ] },
								"up": { "texture": "#fisch", "uv": [ 0.0, 0.0, 1.0, 4.0 ] },
								"down": { "texture": "#fisch", "uv": [ 0.0, 0.0, 1.0, 4.0 ] }
							}
						},
						{
							"name": "Cube5",
							"from": [ 0.0, 1.0, 0.0 ], 
							"to": [ 1.0, 1.5, 2.0 ], 
							"rotationOrigin": [ 1.0, 1.0, 2.0 ],
							"faces": {
								"north": { "texture": "#fisch", "uv": [ 0.0, 0.0, 1.0, 0.5 ] },
								"east": { "texture": "#fisch", "uv": [ 0.0, 0.0, 2.0, 0.5 ] },
								"south": { "texture": "#fisch", "uv": [ 0.0, 0.0, 1.0, 0.5 ] },
								"west": { "texture": "#fisch", "uv": [ 0.0, 0.0, 2.0, 0.5 ] },
								"up": { "texture": "#fisch", "uv": [ 0.0, 0.0, 1.0, 2.0 ] },
								"down": { "texture": "#fisch", "uv": [ 0.0, 0.0, 1.0, 2.0 ] }
							}
						}
					]
				},
				{
					"name": "Cube4",
					"from": [ 0.0, -0.5, 2.0 ], 
					"to": [ 4.0, 0.0, 4.0 ], 
					"rotationOrigin": [ 4.0, -0.5, 4.0 ],
					"faces": {
						"north": { "texture": "#fisch", "uv": [ 0.0, 0.0, 4.0, 0.5 ] },
						"east": { "texture": "#fisch", "uv": [ 0.0, 0.0, 2.0, 0.5 ] },
						"south": { "texture": "#fisch", "uv": [ 0.0, 0.0, 4.0, 0.5 ] },
						"west": { "texture": "#fisch", "uv": [ 0.0, 0.0, 2.0, 0.5 ] },
						"up": { "texture": "#fisch", "uv": [ 0.0, 0.0, 4.0, 2.0 ] },
						"down": { "texture": "#fisch", "uv": [ 0.0, 0.0, 4.0, 2.0 ] }
					}
				},
				{
					"name": "Cube6",
					"from": [ 0.0, 2.0, 5.5 ], 
					"to": [ 4.0, 3.0, 6.0 ], 
					"rotationOrigin": [ 4.0, 2.0, 6.0 ],
					"faces": {
						"north": { "texture": "#fisch", "uv": [ 0.0, 0.0, 4.0, 1.0 ] },
						"east": { "texture": "#fisch", "uv": [ 0.0, 0.0, 0.5, 1.0 ] },
						"south": { "texture": "#fisch", "uv": [ 0.0, 0.0, 4.0, 1.0 ] },
						"west": { "texture": "#fisch", "uv": [ 0.0, 0.0, 0.5, 1.0 ] },
						"up": { "texture": "#fisch", "uv": [ 0.0, 0.0, 4.0, 0.5 ] },
						"down": { "texture": "#fisch", "uv": [ 0.0, 0.0, 4.0, 0.5 ] }
					}
				},
				{
					"name": "Cube7",
					"from": [ 0.0, 2.0, 0.0 ], 
					"to": [ 4.0, 3.0, 0.5 ], 
					"rotationOrigin": [ 4.0, 2.0, 0.5 ],
					"faces": {
						"north": { "texture": "#fisch", "uv": [ 0.0, 0.0, 4.0, 1.0 ] },
						"east": { "texture": "#fisch", "uv": [ 0.0, 0.0, 0.5, 1.0 ] },
						"south": { "texture": "#fisch", "uv": [ 0.0, 0.0, 4.0, 1.0 ] },
						"west": { "texture": "#fisch", "uv": [ 0.0, 0.0, 0.5, 1.0 ] },
						"up": { "texture": "#fisch", "uv": [ 0.0, 0.0, 4.0, 0.5 ] },
						"down": { "texture": "#fisch", "uv": [ 0.0, 0.0, 4.0, 0.5 ] }
					},
					"children": [
						{
							"name": "Cube8",
							"from": [ 0.0, 0.0, 0.5 ], 
							"to": [ 0.5, 1.0, 1.0 ], 
							"rotationOrigin": [ 0.5, 0.0, 1.0 ],
							"faces": {
								"north": { "texture": "#fisch", "uv": [ 0.0, 0.0, 0.5, 1.0 ] },
								"east": { "texture": "#fisch", "uv": [ 0.0, 0.0, 0.5, 1.0 ] },
								"south": { "texture": "#fisch", "uv": [ 0.0, 0.0, 0.5, 1.0 ] },
								"west": { "texture": "#fisch", "uv": [ 0.0, 0.0, 0.5, 1.0 ] },
								"up": { "texture": "#fisch", "uv": [ 0.0, 0.0, 0.5, 0.5 ] },
								"down": { "texture": "#fisch", "uv": [ 0.0, 0.0, 0.5, 0.5 ] }
							}
						},
						{
							"name": "Cube9",
							"from": [ 0.0, 0.0, 5.0 ], 
							"to": [ 0.5, 1.0, 5.5 ], 
							"rotationOrigin": [ 0.5, 0.0, 5.5 ],
							"faces": {
								"north": { "texture": "#fisch", "uv": [ 0.0, 0.0, 0.5, 1.0 ] },
								"east": { "texture": "#fisch", "uv": [ 0.0, 0.0, 0.5, 1.0 ] },
								"south": { "texture": "#fisch", "uv": [ 0.0, 0.0, 0.5, 1.0 ] },
								"west": { "texture": "#fisch", "uv": [ 0.0, 0.0, 0.5, 1.0 ] },
								"up": { "texture": "#fisch", "uv": [ 0.0, 0.0, 0.5, 0.5 ] },
								"down": { "texture": "#fisch", "uv": [ 0.0, 0.0, 0.5, 0.5 ] }
							},
							"children": [
								{
									"name": "Cube10",
									"from": [ -1.0, 0.0, -0.5 ], 
									"to": [ 0.0, 1.0, 0.0 ], 
									"faces": {
										"north": { "texture": "#fisch", "uv": [ 0.0, 0.0, 1.0, 1.0 ] },
										"east": { "texture": "#fisch", "uv": [ 0.0, 0.0, 0.5, 1.0 ] },
										"south": { "texture": "#fisch", "uv": [ 0.0, 0.0, 1.0, 1.0 ] },
										"west": { "texture": "#fisch", "uv": [ 0.0, 0.0, 0.5, 1.0 ] },
										"up": { "texture": "#fisch", "uv": [ 0.0, 0.0, 1.0, 0.5 ] },
										"down": { "texture": "#fisch", "uv": [ 0.0, 0.0, 1.0, 0.5 ] }
									}
								},
								{
									"name": "Cube11",
									"from": [ -1.0, 0.0, -4.0 ], 
									"to": [ 0.0, 1.0, -3.5 ], 
									"rotationOrigin": [ 0.0, 0.0, -3.5 ],
									"faces": {
										"north": { "texture": "#fisch", "uv": [ 0.0, 0.0, 1.0, 1.0 ] },
										"east": { "texture": "#fisch", "uv": [ 0.0, 0.0, 0.5, 1.0 ] },
										"south": { "texture": "#fisch", "uv": [ 0.0, 0.0, 1.0, 1.0 ] },
										"west": { "texture": "#fisch", "uv": [ 0.0, 0.0, 0.5, 1.0 ] },
										"up": { "texture": "#fisch", "uv": [ 0.0, 0.0, 1.0, 0.5 ] },
										"down": { "texture": "#fisch", "uv": [ 0.0, 0.0, 1.0, 0.5 ] }
									}
								}
							]
						}
					]
				},
				{
					"name": "Cube12",
					"from": [ -1.0, 2.0, 1.5 ], 
					"to": [ -0.5, 3.0, 4.5 ], 
					"rotationOrigin": [ -0.5, 2.0, 4.5 ],
					"faces": {
						"north": { "texture": "#fisch", "uv": [ 0.0, 0.0, 0.5, 1.0 ] },
						"east": { "texture": "#fisch", "uv": [ 0.0, 0.0, 3.0, 1.0 ] },
						"south": { "texture": "#fisch", "uv": [ 0.0, 0.0, 0.5, 1.0 ] },
						"west": { "texture": "#fisch", "uv": [ 0.0, 0.0, 3.0, 1.0 ] },
						"up": { "texture": "#fisch", "uv": [ 0.0, 0.0, 0.5, 3.0 ] },
						"down": { "texture": "#fisch", "uv": [ 0.0, 0.0, 0.5, 3.0 ] }
					}
				},
				{
					"name": "Cube21",
					"from": [ 2.0, 3.0, 4.0 ], 
					"to": [ 3.0, 4.0, 5.0 ], 
					"rotationOrigin": [ 3.0, 3.0, 5.0 ],
					"faces": {
						"north": { "texture": "#auge", "uv": [ 0.0, 0.0, 1.0, 1.0 ], "glow": 255 },
						"east": { "texture": "#auge", "uv": [ 0.0, 0.0, 1.0, 1.0 ], "glow": 255 },
						"south": { "texture": "#auge", "uv": [ 0.0, 0.0, 1.0, 1.0 ], "glow": 255 },
						"west": { "texture": "#auge", "uv": [ 0.0, 0.0, 1.0, 1.0 ], "glow": 255 },
						"up": { "texture": "#auge", "uv": [ 0.0, 0.0, 1.0, 1.0 ], "glow": 255 },
						"down": { "texture": "#auge", "uv": [ 0.0, 0.0, 1.0, 1.0 ], "glow": 255 }
					},
					"children": [
						{
							"name": "Cube22",
							"from": [ 0.0, 0.0, -3.0 ], 
							"to": [ 1.0, 1.0, -2.0 ], 
							"rotationOrigin": [ 1.0, 0.0, -2.0 ],
							"faces": {
								"north": { "texture": "#auge", "uv": [ 0.0, 0.0, 1.0, 1.0 ], "glow": 255 },
								"east": { "texture": "#auge", "uv": [ 0.0, 0.0, 1.0, 1.0 ], "glow": 255 },
								"south": { "texture": "#auge", "uv": [ 0.0, 0.0, 1.0, 1.0 ], "glow": 255 },
								"west": { "texture": "#auge", "uv": [ 0.0, 0.0, 1.0, 1.0 ], "glow": 255 },
								"up": { "texture": "#auge", "uv": [ 0.0, 0.0, 1.0, 1.0 ], "glow": 255 },
								"down": { "texture": "#auge", "uv": [ 0.0, 0.0, 1.0, 2.0 ], "glow": 255, "autoUv": false }
							},
							"children": [
								{
									"name": "Cube23",
									"from": [ 2.0, -3.0, -1.0 ], 
									"to": [ 8.0, 2.0, 5.0 ], 
									"rotationOrigin": [ 8.0, -3.0, 5.0 ],
									"faces": {
										"north": { "texture": "#fisch", "uv": [ 0.0, 0.0, 6.0, 5.0 ] },
										"east": { "texture": "#fisch", "uv": [ 0.0, 0.0, 6.0, 5.0 ] },
										"south": { "texture": "#fisch", "uv": [ 0.0, 0.0, 6.0, 5.0 ] },
										"west": { "texture": "#fisch", "uv": [ 0.0, 0.0, 6.0, 5.0 ] },
										"up": { "texture": "#fisch", "uv": [ 0.0, 0.0, 6.0, 6.0 ] },
										"down": { "texture": "#fisch", "uv": [ 0.0, 0.0, 6.0, 6.0 ] }
									},
									"children": [
										{
											"name": "Cube13",
											"from": [ -4.0, 5.0, 0.0 ], 
											"to": [ 0.0, 5.0, 6.0 ], 
											"rotationOrigin": [ -4.0, 5.0, 6.0 ],
											"faces": {
												"north": { "texture": "#kopf", "uv": [ 0.0, 0.0, 4.0, 0.5 ] },
												"east": { "texture": "#kopf", "uv": [ 0.0, 0.0, 6.0, 0.5 ] },
												"south": { "texture": "#kopf", "uv": [ 0.0, 0.0, 4.0, 0.5 ] },
												"west": { "texture": "#kopf", "uv": [ 0.0, 0.0, 6.0, 0.5 ] },
												"up": { "texture": "#kopf", "uv": [ 0.0, 0.0, 4.0, 6.0 ] },
												"down": { "texture": "#kopf", "uv": [ 0.0, 0.0, 4.0, 6.0 ] }
											},
											"children": [
												{
													"name": "Cube14",
													"from": [ -2.3, 0.0, 1.0 ], 
													"to": [ 0.0, 0.0, 5.0 ], 
													"rotationOrigin": [ 0.0, 0.0, 5.0 ],
													"rotationX": 6.0E-6,
													"rotationY": -4.0E-6,
													"rotationZ": 65.0,
													"faces": {
														"north": { "texture": "#kopf", "uv": [ 0.0, 0.0, 2.0, 0.5 ] },
														"east": { "texture": "#kopf", "uv": [ 0.0, 0.0, 4.0, 0.5 ] },
														"south": { "texture": "#kopf", "uv": [ 0.0, 0.0, 2.0, 0.5 ] },
														"west": { "texture": "#kopf", "uv": [ 0.0, 0.0, 4.0, 0.5 ] },
														"up": { "texture": "#kopf", "uv": [ 0.0, 0.0, 2.0, 4.0 ] },
														"down": { "texture": "#kopf", "uv": [ 0.0, 0.0, 2.0, 4.0 ] }
													}
												},
												{
													"name": "Cube15",
													"from": [ 0.0, -2.0, 6.0 ], 
													"to": [ 4.0, 0.0, 6.0 ], 
													"rotationOrigin": [ 4.0, -2.0, 6.0 ],
													"faces": {
														"north": { "texture": "#kopf", "uv": [ 0.0, 0.0, 4.0, 2.0 ] },
														"east": { "texture": "#kopf", "uv": [ 0.0, 0.0, 0.5, 2.0 ] },
														"south": { "texture": "#kopf", "uv": [ 0.0, 0.0, 4.0, 2.0 ] },
														"west": { "texture": "#kopf", "uv": [ 0.0, 0.0, 0.5, 2.0 ] },
														"up": { "texture": "#kopf", "uv": [ 0.0, 0.0, 4.0, 0.5 ] },
														"down": { "texture": "#kopf", "uv": [ 0.0, 0.0, 4.0, 0.5 ] }
													}
												},
												{
													"name": "Cube16",
													"from": [ 0.0, -2.0, 0.0 ], 
													"to": [ 4.0, 0.0, 0.0 ], 
													"rotationOrigin": [ 4.0, -2.0, 0.0 ],
													"faces": {
														"north": { "texture": "#kopf", "uv": [ 0.0, 0.0, 4.0, 2.0 ] },
														"east": { "texture": "#kopf", "uv": [ 0.0, 0.0, 0.5, 2.0 ] },
														"south": { "texture": "#kopf", "uv": [ 0.0, 0.0, 4.0, 2.0 ] },
														"west": { "texture": "#kopf", "uv": [ 0.0, 0.0, 0.5, 2.0 ] },
														"up": { "texture": "#kopf", "uv": [ 0.0, 0.0, 4.0, 0.5 ] },
														"down": { "texture": "#kopf", "uv": [ 0.0, 0.0, 4.0, 0.5 ] }
													}
												},
												{
													"name": "Cube17",
													"from": [ 0.0, -2.0, 5.0 ], 
													"to": [ 0.0, 0.0, 6.0 ], 
													"rotationOrigin": [ 0.0, -2.0, 6.0 ],
													"faces": {
														"north": { "texture": "#kopf", "uv": [ 0.0, 0.0, 0.5, 2.0 ] },
														"east": { "texture": "#kopf", "uv": [ 0.0, 0.0, 1.0, 2.0 ] },
														"south": { "texture": "#kopf", "uv": [ 0.0, 0.0, 0.5, 2.0 ] },
														"west": { "texture": "#kopf", "uv": [ 0.0, 0.0, 1.0, 2.0 ] },
														"up": { "texture": "#kopf", "uv": [ 0.0, 0.0, 0.5, 1.0 ] },
														"down": { "texture": "#kopf", "uv": [ 0.0, 0.0, 0.5, 1.0 ] }
													}
												},
												{
													"name": "Cube18",
													"from": [ 0.0, -2.0, 0.0 ], 
													"to": [ 0.0, 0.0, 1.0 ], 
													"rotationOrigin": [ 0.0, -2.0, 1.0 ],
													"faces": {
														"north": { "texture": "#kopf", "uv": [ 0.0, 0.0, 0.5, 2.0 ] },
														"east": { "texture": "#kopf", "uv": [ 0.0, 0.0, 1.0, 2.0 ] },
														"south": { "texture": "#kopf", "uv": [ 0.0, 0.0, 0.5, 2.0 ] },
														"west": { "texture": "#kopf", "uv": [ 0.0, 0.0, 1.0, 2.0 ] },
														"up": { "texture": "#kopf", "uv": [ 0.0, 0.0, 0.5, 1.0 ] },
														"down": { "texture": "#kopf", "uv": [ 0.0, 0.0, 0.5, 1.0 ] }
													}
												},
												{
													"name": "Cube19",
													"from": [ -1.0, -2.4, 1.0 ], 
													"to": [ 0.0, -0.4, 1.0 ], 
													"rotationOrigin": [ 0.0, -2.4, 1.0 ],
													"rotationX": -2.0E-6,
													"rotationY": -1.0E-6,
													"rotationZ": -22.499996,
													"faces": {
														"north": { "texture": "#kopf", "uv": [ 0.0, 0.0, 1.0, 2.0 ] },
														"east": { "texture": "#kopf", "uv": [ 0.0, 0.0, 0.5, 2.0 ] },
														"south": { "texture": "#kopf", "uv": [ 0.0, 0.0, 1.0, 2.0 ] },
														"west": { "texture": "#kopf", "uv": [ 0.0, 0.0, 0.5, 2.0 ] },
														"up": { "texture": "#kopf", "uv": [ 0.0, 0.0, 1.0, 0.5 ] },
														"down": { "texture": "#kopf", "uv": [ 0.0, 0.0, 1.0, 0.5 ] }
													}
												},
												{
													"name": "Cube20",
													"from": [ -1.0, -2.4, 5.0 ], 
													"to": [ 0.0, -0.4, 5.0 ], 
													"rotationOrigin": [ 0.0, -2.4, 5.0 ],
													"rotationX": -2.0E-6,
													"rotationY": -1.0E-6,
													"rotationZ": -22.499996,
													"faces": {
														"north": { "texture": "#kopf", "uv": [ 0.0, 0.0, 1.0, 2.0 ] },
														"east": { "texture": "#kopf", "uv": [ 0.0, 0.0, 0.5, 2.0 ] },
														"south": { "texture": "#kopf", "uv": [ 0.0, 0.0, 1.0, 2.0 ] },
														"west": { "texture": "#kopf", "uv": [ 0.0, 0.0, 0.5, 2.0 ] },
														"up": { "texture": "#kopf", "uv": [ 0.0, 0.0, 1.0, 0.5 ] },
														"down": { "texture": "#kopf", "uv": [ 0.0, 0.0, 1.0, 0.5 ] }
													}
												}
											]
										},
										{
											"name": "Cube24",
											"from": [ 0.0, -0.5, 2.0 ], 
											"to": [ 6.0, 0.0, 4.0 ], 
											"rotationOrigin": [ 6.0, -0.5, 4.0 ],
											"faces": {
												"north": { "texture": "#fisch", "uv": [ 0.0, 0.0, 6.0, 0.5 ] },
												"east": { "texture": "#fisch", "uv": [ 0.0, 0.0, 2.0, 0.5 ] },
												"south": { "texture": "#fisch", "uv": [ 0.0, 0.0, 6.0, 0.5 ] },
												"west": { "texture": "#fisch", "uv": [ 0.0, 0.0, 2.0, 0.5 ] },
												"up": { "texture": "#fisch", "uv": [ 0.0, 0.0, 6.0, 2.0 ] },
												"down": { "texture": "#fisch", "uv": [ 0.0, 0.0, 6.0, 2.0 ] }
											}
										},
										{
											"name": "Cube25",
											"from": [ 0.0, 1.0, 6.0 ], 
											"to": [ 6.0, 4.0, 6.5 ], 
											"rotationOrigin": [ 6.0, 1.0, 6.5 ],
											"faces": {
												"north": { "texture": "#fisch", "uv": [ 0.0, 0.0, 6.0, 3.0 ] },
												"east": { "texture": "#fisch", "uv": [ 0.0, 0.0, 0.5, 3.0 ] },
												"south": { "texture": "#fisch", "uv": [ 0.0, 0.0, 6.0, 3.0 ] },
												"west": { "texture": "#fisch", "uv": [ 0.0, 0.0, 0.5, 3.0 ] },
												"up": { "texture": "#fisch", "uv": [ 0.0, 0.0, 6.0, 0.5 ] },
												"down": { "texture": "#fisch", "uv": [ 0.0, 0.0, 6.0, 0.5 ] }
											}
										},
										{
											"name": "Cube26",
											"from": [ 0.0, 1.0, -0.5 ], 
											"to": [ 6.0, 4.0, 0.0 ], 
											"rotationOrigin": [ 6.0, 1.0, -0.5 ],
											"faces": {
												"north": { "texture": "#fisch", "uv": [ 0.0, 0.0, 6.0, 3.0 ] },
												"east": { "texture": "#fisch", "uv": [ 0.0, 0.0, 0.5, 3.0 ] },
												"south": { "texture": "#fisch", "uv": [ 0.0, 0.0, 6.0, 3.0 ] },
												"west": { "texture": "#fisch", "uv": [ 0.0, 0.0, 0.5, 3.0 ] },
												"up": { "texture": "#fisch", "uv": [ 0.0, 0.0, 6.0, 0.5 ] },
												"down": { "texture": "#fisch", "uv": [ 0.0, 0.0, 6.0, 0.5 ] }
											},
											"children": [
												{
													"name": "Cube27",
													"from": [ 3.0, -1.5, 0.3 ], 
													"to": [ 6.0, 0.5, 0.3 ], 
													"rotationOrigin": [ 3.0, 0.5, 0.3 ],
													"rotationX": 22.499992,
													"rotationY": 22.499997,
													"rotationZ": -4.0E-6,
													"faces": {
														"north": { "texture": "#flosse", "uv": [ 1.0, 0.5, 16.0, 15.5 ], "autoUv": false },
														"east": { "texture": "#flosse", "uv": [ 0.0, 0.0, 0.5, 2.0 ] },
														"south": { "texture": "#flosse", "uv": [ 0.0, 0.0, 0.0, 0.0 ], "autoUv": false },
														"west": { "texture": "#flosse", "uv": [ 0.5, 0.5, 1.0, 2.5 ] },
														"up": { "texture": "#flosse", "uv": [ 0.0, 0.0, 3.0, 0.5 ] },
														"down": { "texture": "#flosse", "uv": [ 0.0, 0.0, 3.0, 0.5 ] }
													}
												},
												{
													"name": "Cube28",
													"from": [ 3.0, -1.5, 6.8 ], 
													"to": [ 6.0, 0.5, 6.8 ], 
													"rotationOrigin": [ 3.0, 0.5, 6.8 ],
													"rotationX": -22.499996,
													"rotationY": -22.499995,
													"rotationZ": 3.0E-6,
													"faces": {
														"north": { "texture": "#flosse", "uv": [ 0.0, 0.0, 16.0, 15.5 ], "autoUv": false },
														"east": { "texture": "#flosse", "uv": [ 0.0, 0.0, 0.5, 2.0 ] },
														"south": { "texture": "#flosse", "uv": [ 0.0, 0.0, 0.0, 0.0 ], "autoUv": false },
														"west": { "texture": "#flosse", "uv": [ 0.5, 0.5, 1.0, 2.5 ] },
														"up": { "texture": "#flosse", "uv": [ 0.0, 0.0, 3.0, 0.5 ] },
														"down": { "texture": "#flosse", "uv": [ 0.0, 0.0, 3.0, 0.5 ] }
													}
												}
											]
										},
										{
											"name": "Cube29",
											"from": [ 6.0, 0.0, 0.0 ], 
											"to": [ 10.0, 5.0, 6.0 ], 
											"rotationOrigin": [ 10.0, 0.0, 6.0 ],
											"faces": {
												"north": { "texture": "#fisch", "uv": [ 0.0, 0.0, 4.0, 5.0 ] },
												"east": { "texture": "#fisch", "uv": [ 0.0, 0.0, 6.0, 5.0 ] },
												"south": { "texture": "#fisch", "uv": [ 0.0, 0.0, 4.0, 5.0 ] },
												"west": { "texture": "#fisch", "uv": [ 0.0, 0.0, 6.0, 5.0 ] },
												"up": { "texture": "#fisch", "uv": [ 0.0, 0.0, 4.0, 6.0 ] },
												"down": { "texture": "#fisch", "uv": [ 0.0, 0.0, 4.0, 6.0 ] }
											},
											"children": [
												{
													"name": "Cube30",
													"from": [ 0.0, 1.0, 6.0 ], 
													"to": [ 4.0, 4.0, 6.5 ], 
													"rotationOrigin": [ 4.0, 1.0, 6.5 ],
													"faces": {
														"north": { "texture": "#fisch", "uv": [ 0.0, 0.0, 4.0, 3.0 ] },
														"east": { "texture": "#fisch", "uv": [ 0.0, 0.0, 0.5, 3.0 ] },
														"south": { "texture": "#fisch", "uv": [ 0.0, 0.0, 4.0, 3.0 ] },
														"west": { "texture": "#fisch", "uv": [ 0.0, 0.0, 0.5, 3.0 ] },
														"up": { "texture": "#fisch", "uv": [ 0.0, 0.0, 4.0, 0.5 ] },
														"down": { "texture": "#fisch", "uv": [ 0.0, 0.0, 4.0, 0.5 ] }
													}
												},
												{
													"name": "Cube31",
													"from": [ 0.0, 1.0, -0.5 ], 
													"to": [ 4.0, 4.0, 0.0 ], 
													"rotationOrigin": [ 4.0, 1.0, 0.0 ],
													"faces": {
														"north": { "texture": "#fisch", "uv": [ 0.0, 0.0, 4.0, 3.0 ] },
														"east": { "texture": "#fisch", "uv": [ 0.0, 0.0, 0.5, 3.0 ] },
														"south": { "texture": "#fisch", "uv": [ 0.0, 0.0, 4.0, 3.0 ] },
														"west": { "texture": "#fisch", "uv": [ 0.0, 0.0, 0.5, 3.0 ] },
														"up": { "texture": "#fisch", "uv": [ 0.0, 0.0, 4.0, 0.5 ] },
														"down": { "texture": "#fisch", "uv": [ 0.0, 0.0, 4.0, 0.5 ] }
													}
												},
												{
													"name": "Cube32",
													"from": [ 0.0, -0.5, 2.0 ], 
													"to": [ 4.0, 0.0, 4.0 ], 
													"rotationOrigin": [ 4.0, -0.5, 4.0 ],
													"faces": {
														"north": { "texture": "#fisch", "uv": [ 0.0, 0.0, 4.0, 0.5 ] },
														"east": { "texture": "#fisch", "uv": [ 0.0, 0.0, 2.0, 0.5 ] },
														"south": { "texture": "#fisch", "uv": [ 0.0, 0.0, 4.0, 0.5 ] },
														"west": { "texture": "#fisch", "uv": [ 0.0, 0.0, 2.0, 0.5 ] },
														"up": { "texture": "#fisch", "uv": [ 0.0, 0.0, 4.0, 2.0 ] },
														"down": { "texture": "#fisch", "uv": [ 0.0, 0.0, 4.0, 2.0 ] }
													}
												},
												{
													"name": "Cube33",
													"from": [ 4.5, 1.0, 1.0 ], 
													"to": [ 6.5, 4.0, 5.0 ], 
													"rotationOrigin": [ 6.5, 1.0, 5.0 ],
													"faces": {
														"north": { "texture": "#fisch", "uv": [ 0.0, 0.0, 2.0, 3.0 ] },
														"east": { "texture": "#fisch", "uv": [ 0.0, 0.0, 4.0, 3.0 ] },
														"south": { "texture": "#fisch", "uv": [ 0.0, 0.0, 2.0, 3.0 ] },
														"west": { "texture": "#fisch", "uv": [ 0.0, 0.0, 4.0, 3.0 ] },
														"up": { "texture": "#fisch", "uv": [ 0.0, 0.0, 2.0, 4.0 ] },
														"down": { "texture": "#fisch", "uv": [ 0.0, 0.0, 2.0, 4.0 ] }
													},
													"children": [
														{
															"name": "Cube34",
															"from": [ -0.5, -0.5, -0.5 ], 
															"to": [ 0.0, 3.5, 4.5 ], 
															"rotationOrigin": [ 0.0, -0.5, 4.5 ],
															"faces": {
																"north": { "texture": "#fisch", "uv": [ 0.0, 0.0, 0.5, 4.0 ] },
																"east": { "texture": "#fisch", "uv": [ 0.0, 0.0, 5.0, 4.0 ] },
																"south": { "texture": "#fisch", "uv": [ 0.0, 0.0, 0.5, 4.0 ] },
																"west": { "texture": "#fisch", "uv": [ 0.0, 0.0, 5.0, 4.0 ] },
																"up": { "texture": "#fisch", "uv": [ 0.0, 0.0, 0.5, 5.0 ] },
																"down": { "texture": "#fisch", "uv": [ 0.0, 0.0, 0.5, 5.0 ] }
															}
														},
														{
															"name": "Cube35",
															"from": [ 2.0, 0.5, 1.0 ], 
															"to": [ 3.5, 2.5, 3.0 ], 
															"rotationOrigin": [ 3.5, 0.5, 3.0 ],
															"faces": {
																"north": { "texture": "#fisch", "uv": [ 0.0, 0.0, 1.5, 2.0 ] },
																"east": { "texture": "#fisch", "uv": [ 0.0, 0.0, 2.0, 2.0 ] },
																"south": { "texture": "#fisch", "uv": [ 0.0, 0.0, 1.5, 2.0 ] },
																"west": { "texture": "#fisch", "uv": [ 0.0, 0.0, 2.0, 2.0 ] },
																"up": { "texture": "#fisch", "uv": [ 0.0, 0.0, 1.5, 2.0 ] },
																"down": { "texture": "#fisch", "uv": [ 0.0, 0.0, 1.5, 2.0 ] }
															},
															"children": [
																{
																	"name": "Cube36",
																	"from": [ 1.5, 1.0, 1.0 ], 
																	"to": [ 4.5, 3.5, 1.0 ], 
																	"rotationOrigin": [ 1.5, 1.0, 1.0 ],
																	"rotationX": 2.0E-6,
																	"rotationY": -1.0E-6,
																	"rotationZ": 22.499996,
																	"faces": {
																		"north": { "texture": "#flosse", "uv": [ 0.0, 16.0, 16.0, 0.0 ], "autoUv": false },
																		"east": { "texture": "#flosse", "uv": [ 0.0, 0.0, 0.5, 2.5 ] },
																		"south": { "texture": "#flosse", "uv": [ 0.0, 0.0, 0.0, 0.0 ], "autoUv": false },
																		"west": { "texture": "#flosse", "uv": [ 0.0, 0.0, 0.5, 2.5 ] },
																		"up": { "texture": "#flosse", "uv": [ 0.0, 0.0, 3.0, 0.5 ] },
																		"down": { "texture": "#flosse", "uv": [ 0.0, 0.0, 3.0, 0.5 ] }
																	}
																},
																{
																	"name": "Cube37",
																	"from": [ 1.5, -1.0, 1.0 ], 
																	"to": [ 4.5, 1.5, 1.0 ], 
																	"rotationOrigin": [ 1.5, 1.5, 1.0 ],
																	"rotationX": -2.0E-6,
																	"rotationY": -1.0E-6,
																	"rotationZ": -22.499996,
																	"faces": {
																		"north": { "texture": "#flosse", "uv": [ 0.0, 0.0, 16.0, 15.5 ], "autoUv": false },
																		"east": { "texture": "#flosse", "uv": [ 0.0, 0.0, 0.5, 2.5 ] },
																		"south": { "texture": "#flosse", "uv": [ 0.0, 0.0, 0.0, 0.0 ], "autoUv": false },
																		"west": { "texture": "#flosse", "uv": [ 0.0, 0.0, 0.5, 2.5 ] },
																		"up": { "texture": "#flosse", "uv": [ 0.0, 0.0, 3.0, 0.5 ] },
																		"down": { "texture": "#flosse", "uv": [ 0.0, 0.0, 3.0, 0.5 ] }
																	}
																}
															]
														}
													]
												}
											]
										}
									]
								}
							]
						}
					]
				}
			]
		}
	]}