{
	"editor": {
		"allAngles": false,
		"entityTextureMode": false
	},
	"textureWidth": 16,
	"textureHeight": 16,
	"textureSizes": {
	},
	"textures": {
	},
	"elements": [
		{
			"name": "Cube1",
			"from": [ 12.0, 3.0, 6.0 ], 
			"to": [ 25.0, 8.0, 12.0 ], 
			"rotationOrigin": [ 12.0, 3.0, 12.0 ],
			"faces": {
				"north": { "texture": "#hecht", "uv": [ 0.15, 3.2, 7.15, 8.2 ], "autoUv": false },
				"east": { "texture": "#hecht", "uv": [ 2.7, 3.2, 8.7, 8.2 ] },
				"south": { "texture": "#hecht", "uv": [ 1.8, 3.2, 9.8, 8.2 ], "autoUv": false },
				"west": { "texture": "#hecht", "uv": [ 0.0, 0.0, 6.0, 5.0 ] },
				"up": { "texture": "#hecht", "uv": [ 2.0, 0.3, 6.0, 5.3 ], "autoUv": false },
				"down": { "texture": "#hecht", "uv": [ 2.1, 7.7, 11.1, 10.7 ], "autoUv": false }
			},
			"children": [
				{
					"name": "Cube2",
					"from": [ -6.0, 1.0, -1.0 ], 
					"to": [ 12.0, 4.0, 7.0 ], 
					"rotationOrigin": [ -6.0, 1.0, 7.0 ],
					"faces": {
						"north": { "texture": "#hecht", "uv": [ 4.1, 4.1, 11.1, 7.1 ], "autoUv": false },
						"east": { "texture": "#hecht", "uv": [ 4.1, 4.2, 12.1, 7.2 ] },
						"south": { "texture": "#hecht", "uv": [ 2.3, 4.2, 9.3, 7.2 ], "autoUv": false },
						"west": { "texture": "#hecht", "uv": [ 6.55, 4.0, 14.55, 7.0 ] },
						"up": { "texture": "#hecht", "uv": [ 0.0, 0.0, 6.0, 6.0 ], "autoUv": false },
						"down": { "texture": "#hecht", "uv": [ 3.3, 7.2, 8.3, 13.2 ], "autoUv": false }
					}
				},
				{
					"name": "Cube3",
					"from": [ 13.0, 1.0, 1.0 ], 
					"to": [ 17.0, 4.0, 5.0 ], 
					"rotationOrigin": [ 13.0, 2.5, 3.0 ],
					"faces": {
						"north": { "texture": "#hecht", "uv": [ 6.45, 4.3, 10.45, 7.3 ] },
						"east": { "texture": "#hecht", "uv": [ 7.3, 4.5, 11.3, 7.5 ] },
						"south": { "texture": "#hecht", "uv": [ 6.5, 4.3, 10.5, 7.3 ] },
						"west": { "texture": "#hecht", "uv": [ 0.0, 0.0, 4.0, 3.0 ] },
						"up": { "texture": "#hecht", "uv": [ 0.0, 0.0, 3.0, 2.0 ], "autoUv": false },
						"down": { "texture": "#hecht", "uv": [ 6.7, 9.0, 10.7, 6.9 ], "autoUv": false }
					},
					"children": [
						{
							"name": "Cube4",
							"from": [ 3.0, 2.0, 1.25 ], 
							"to": [ 6.0, 7.0, 2.75 ], 
							"rotationOrigin": [ 3.0, 2.0, 2.0 ],
							"rotationX": 1.0E-6,
							"rotationZ": -22.499998,
							"faces": {
								"north": { "texture": "#hecht", "uv": [ 0.0, 0.0, 3.0, 5.0 ] },
								"east": { "texture": "#hecht", "uv": [ 0.0, 0.0, 1.5, 5.0 ] },
								"south": { "texture": "#hecht", "uv": [ 0.0, 0.0, 3.0, 5.0 ] },
								"west": { "texture": "#hecht", "uv": [ 0.0, 0.0, 1.5, 5.0 ] },
								"up": { "texture": "#hecht", "uv": [ 0.0, 0.0, 3.0, 1.5 ] },
								"down": { "texture": "#hecht", "uv": [ 0.0, 0.0, 3.0, 1.5 ] }
							}
						},
						{
							"name": "Cube5",
							"from": [ 3.0, 2.0, 1.5 ], 
							"to": [ 6.0, 6.0, 2.5 ], 
							"rotationOrigin": [ 3.0, 2.0, 2.0 ],
							"rotationX": -179.999989,
							"rotationY": -5.0E-6,
							"rotationZ": -22.499999,
							"faces": {
								"north": { "texture": "#hecht", "uv": [ 4.35, 7.1, 7.35, 11.1 ] },
								"east": { "texture": "#hecht", "uv": [ 4.9, 7.4, 5.9, 11.4 ] },
								"south": { "texture": "#hecht", "uv": [ 7.5, 9.8, 10.5, 13.8 ] },
								"west": { "texture": "#hecht", "uv": [ 2.6, 8.0, 3.6, 12.0 ] },
								"up": { "texture": "#hecht", "uv": [ 3.05, 8.6, 6.05, 9.6 ] },
								"down": { "texture": "#hecht", "uv": [ 5.25, 8.4, 8.25, 9.4 ] }
							}
						}
					]
				}
			]
		},
		{
			"name": "Cube6",
			"from": [ 4.0, 3.0, 6.0 ], 
			"to": [ 12.0, 8.0, 12.0 ], 
			"rotationOrigin": [ 4.0, 3.0, 12.0 ],
			"faces": {
				"north": { "texture": "#hecht", "uv": [ 4.1, 3.0, 12.1, 8.0 ] },
				"east": { "texture": "#hecht", "uv": [ 0.0, 0.0, 6.0, 5.0 ] },
				"south": { "texture": "#hecht", "uv": [ 5.0, 3.2, 13.0, 8.2 ] },
				"west": { "texture": "#hecht", "uv": [ 9.2, 3.0, 15.2, 8.0 ] },
				"up": { "texture": "#hecht", "uv": [ 0.0, 0.0, 2.0, 6.0 ], "autoUv": false },
				"down": { "texture": "#hecht", "uv": [ 6.1, 7.1, 14.1, 10.1 ], "autoUv": false }
			},
			"children": [
				{
					"name": "Cube7",
					"from": [ 5.0, 1.0, -1.0 ], 
					"to": [ 8.0, 5.0, 0.0 ], 
					"rotationOrigin": [ 5.0, 1.0, 0.0 ],
					"rotationX": 179.999968,
					"rotationY": -45.000001,
					"rotationZ": -89.999976,
					"faces": {
						"north": { "texture": "#hecht", "uv": [ 0.0, 0.0, 3.0, 4.0 ] },
						"east": { "texture": "#hecht", "uv": [ 0.0, 0.0, 1.0, 4.0 ] },
						"south": { "texture": "#hecht", "uv": [ 0.0, 0.0, 3.0, 4.0 ] },
						"west": { "texture": "#hecht", "uv": [ 0.0, 0.0, 1.0, 4.0 ] },
						"up": { "texture": "#hecht", "uv": [ 0.0, 0.0, 3.0, 1.0 ] },
						"down": { "texture": "#hecht", "uv": [ 0.0, 0.0, 3.0, 1.0 ] }
					}
				},
				{
					"name": "Cube8",
					"from": [ 5.0, 1.0, 6.0 ], 
					"to": [ 8.0, 5.0, 7.0 ], 
					"rotationOrigin": [ 5.0, 1.0, 6.0 ],
					"rotationX": -179.999986,
					"rotationY": 45.0,
					"rotationZ": -89.999968,
					"faces": {
						"north": { "texture": "#hecht", "uv": [ 0.0, 0.0, 3.0, 4.0 ] },
						"east": { "texture": "#hecht", "uv": [ 0.0, 0.0, 1.0, 4.0 ] },
						"south": { "texture": "#hecht", "uv": [ 0.0, 0.0, 3.0, 4.0 ] },
						"west": { "texture": "#hecht", "uv": [ 0.0, 0.0, 1.0, 4.0 ] },
						"up": { "texture": "#hecht", "uv": [ 0.0, 0.0, 3.0, 1.0 ] },
						"down": { "texture": "#hecht", "uv": [ 0.0, 0.0, 3.0, 1.0 ] }
					}
				}
			]
		},
		{
			"name": "Cube9",
			"from": [ 22.0, 3.0, 8.5 ], 
			"to": [ 25.0, 5.0, 9.5 ], 
			"rotationOrigin": [ 22.0, 3.0, 10.0 ],
			"rotationX": 2.0E-6,
			"rotationY": 1.0E-6,
			"rotationZ": -44.999996,
			"faces": {
				"north": { "texture": "#hecht", "uv": [ 2.5, 7.3, 5.5, 9.3 ] },
				"east": { "texture": "#hecht", "uv": [ 5.5, 6.8, 6.5, 8.8 ] },
				"south": { "texture": "#hecht", "uv": [ 2.8, 8.3, 5.8, 10.3 ] },
				"west": { "texture": "#hecht", "uv": [ 3.0, 6.3, 4.0, 8.3 ] },
				"up": { "texture": "#hecht", "uv": [ 3.3, 6.3, 6.3, 7.3 ] },
				"down": { "texture": "#hecht", "uv": [ 3.9, 7.9, 6.9, 8.9 ] }
			}
		},
		{
			"name": "Cube10",
			"from": [ 0.0, 5.0, 7.0 ], 
			"to": [ 4.0, 7.0, 11.0 ], 
			"rotationOrigin": [ 0.0, 5.0, 11.0 ],
			"faces": {
				"north": { "texture": "#hecht", "uv": [ 0.0, 0.0, 4.0, 2.0 ] },
				"east": { "texture": "#hecht", "uv": [ 0.0, 0.0, 4.0, 2.0 ] },
				"south": { "texture": "#hecht", "uv": [ 0.0, 0.0, 4.0, 2.0 ] },
				"west": { "texture": "#hecht", "uv": [ 0.0, 0.0, 4.0, 2.0 ] },
				"up": { "texture": "#hecht", "uv": [ 0.0, 0.0, 4.0, 4.0 ] },
				"down": { "texture": "#hecht", "uv": [ 0.0, 0.0, 4.0, 4.0 ] }
			},
			"children": [
				{
					"name": "Cube11",
					"from": [ 0.0, -1.0, 0.0 ], 
					"to": [ 4.0, 0.0, 4.0 ], 
					"rotationOrigin": [ 4.0, -1.0, 2.0 ],
					"faces": {
						"north": { "texture": "#hecht", "uv": [ 8.0, 6.2, 12.0, 7.2 ] },
						"east": { "texture": "#hecht", "uv": [ 0.0, 0.0, 4.0, 1.0 ] },
						"south": { "texture": "#hecht", "uv": [ 7.3, 6.2, 11.3, 7.2 ] },
						"west": { "texture": "#hecht", "uv": [ 3.5, 6.2, 7.5, 7.2 ] },
						"up": { "texture": "#hecht", "uv": [ 2.8, 11.5, 6.8, 15.5 ] },
						"down": { "texture": "#hecht", "uv": [ 0.8, 10.0, 4.8, 14.0 ] }
					}
				},
				{
					"name": "Cube13",
					"from": [ 3.0, 0.5, -0.25 ], 
					"to": [ 3.25, 0.75, 4.25 ], 
					"rotationOrigin": [ 3.0, 1.0, -1.0 ],
					"faces": {
						"north": { "texture": "#hecht", "uv": [ 5.05, 6.3, 5.3, 6.5 ] },
						"east": { "texture": "#hecht", "uv": [ 1.85, 6.3, 0.35, 6.5 ], "autoUv": false },
						"south": { "texture": "#hecht", "uv": [ 3.7, 6.2, 3.95, 6.4 ] },
						"west": { "texture": "#hecht", "uv": [ 5.5, 6.2, 10.0, 6.4 ] },
						"up": { "texture": "#hecht", "uv": [ 6.0, 5.9, 6.25, 6.4 ], "autoUv": false },
						"down": { "texture": "#hecht", "uv": [ 4.65, 6.4, 4.9, 6.9 ], "autoUv": false }
					}
				}
			]
		},
		{
			"name": "Cube12",
			"from": [ 21.0, 8.0, 8.5 ], 
			"to": [ 23.0, 11.0, 9.5 ], 
			"rotationOrigin": [ 21.0, 8.0, 9.0 ],
			"rotationX": 1.0E-6,
			"rotationZ": -22.499998,
			"faces": {
				"north": { "texture": "#hecht", "uv": [ 0.0, 0.0, 2.0, 3.0 ] },
				"east": { "texture": "#hecht", "uv": [ 0.0, 0.0, 1.0, 3.0 ] },
				"south": { "texture": "#hecht", "uv": [ 0.0, 0.0, 2.0, 3.0 ] },
				"west": { "texture": "#hecht", "uv": [ 0.0, 0.0, 1.0, 3.0 ] },
				"up": { "texture": "#hecht", "uv": [ 0.0, 0.0, 2.0, 1.0 ] },
				"down": { "texture": "#hecht", "uv": [ 0.0, 0.0, 2.0, 1.0 ] }
			}
		}
	],
	"animations": [
		{
			"name": "Run",
			"code": "run",
			"quantityframes": 30,
			"onActivityStopped": "Stop",
			"onAnimationEnd": "Repeat",
			"keyframes": [
				{
					"frame": 3,
					"elements": {
						"Cube6": {  },
						"Cube7": { "rotationX": 0.0, "rotationY": 22.5, "rotationZ": 0.0 },
						"Cube8": { "rotationX": 0.0, "rotationY": -22.5, "rotationZ": 0.0 },
						"Cube12": { "rotationX": -22.5, "rotationY": 0.0, "rotationZ": 0.0 }
					}
				},
				{
					"frame": 5,
					"elements": {
						"Cube1": {  },
						"Cube3": { "rotationX": 0.0, "rotationY": 22.5, "rotationZ": 0.0 },
						"Cube4": { "rotationX": 0.0, "rotationY": 22.5, "rotationZ": 0.0 },
						"Cube5": { "rotationX": 0.0, "rotationY": -22.5, "rotationZ": 0.0 }
					}
				},
				{
					"frame": 20,
					"elements": {
						"Cube1": {  },
						"Cube3": { "rotationX": 0.0, "rotationY": -22.5, "rotationZ": 0.0 },
						"Cube4": { "rotationX": 0.0, "rotationY": -22.5, "rotationZ": 0.0 },
						"Cube5": { "rotationX": 0.0, "rotationY": 22.5, "rotationZ": 0.0 },
						"Cube6": {  },
						"Cube7": { "rotationX": 0.0, "rotationY": -22.5, "rotationZ": 0.0 },
						"Cube8": { "rotationX": 0.0, "rotationY": 22.5, "rotationZ": 0.0 },
						"Cube12": { "rotationX": 22.5, "rotationY": 0.0, "rotationZ": 0.0 }
					}
				}
			]
		},

		{
			"name": "Attack",
			"code": "attack",
			"quantityframes": 30,
			"onActivityStopped": "PlayTillEnd",
			"onAnimationEnd": "Repeat",
			"keyframes": [
				{
					"frame": 0,
					"elements": {
						"Cube10": { "rotationX": 0.0, "rotationY": 0.0, "rotationZ": 0.0 },
						"Cube11": { "rotationX": 0.0, "rotationY": 0.0, "rotationZ": 0.0 },
						"Cube1": {  },
						"Cube3": { "rotationX": 0.0, "rotationY": 0.0, "rotationZ": 22.5 },
						"Cube6": {  },
						"Cube8": { "rotationX": 0.0, "rotationY": 22.5, "rotationZ": 0.0 },
						"Cube7": { "rotationX": 0.0, "rotationY": 0.0, "rotationZ": 0.0 },
						"Cube12": { "rotationX": -22.5, "rotationY": -22.5, "rotationZ": 0.0 }
					}
				},
				{
					"frame": 1,
					"elements": {
						"Cube10": { "rotationX": 0.0, "rotationY": 0.0, "rotationZ": 0.0 },
						"Cube11": { "rotationX": 0.0, "rotationY": 0.0, "rotationZ": 0.0 }
					}
				},
				{
					"frame": 2,
					"elements": {
						"Cube10": { "rotationX": 0.0, "rotationY": 0.0, "rotationZ": 0.0 },
						"Cube11": { "rotationX": 0.0, "rotationY": 0.0, "rotationZ": 0.0 }
					}
				},
				{
					"frame": 3,
					"elements": {
						"Cube10": { "rotationX": 0.0, "rotationY": 0.0, "rotationZ": 0.0 },
						"Cube11": { "rotationX": 0.0, "rotationY": 0.0, "rotationZ": 0.0 }
					}
				},
				{
					"frame": 4,
					"elements": {
						"Cube1": {  },
						"Cube3": { "rotationX": 0.0, "rotationY": 0.0, "rotationZ": 22.5 },
						"Cube10": { "rotationX": 0.0, "rotationY": 0.0, "rotationZ": 0.0 },
						"Cube11": { "rotationX": 0.0, "rotationY": 0.0, "rotationZ": 0.0 }
					}
				},
				{
					"frame": 5,
					"elements": {
						"Cube6": {  },
						"Cube8": { "rotationX": 0.0, "rotationY": -22.5, "rotationZ": 0.0 },
						"Cube10": { "rotationX": 0.0, "rotationY": 0.0, "rotationZ": 0.0 },
						"Cube11": { "rotationX": 0.0, "rotationY": 0.0, "rotationZ": 0.0 }
					}
				},
				{
					"frame": 6,
					"elements": {
						"Cube10": { "rotationX": 0.0, "rotationY": 0.0, "rotationZ": 0.0 },
						"Cube11": { "rotationX": 0.0, "rotationY": 0.0, "rotationZ": 0.0 }
					}
				},
				{
					"frame": 7,
					"elements": {
						"Cube1": {  },
						"Cube3": { "rotationX": 0.0, "rotationY": 0.0, "rotationZ": -22.5 },
						"Cube6": {  },
						"Cube7": { "rotationX": 0.0, "rotationY": 22.5, "rotationZ": 0.0 },
						"Cube10": { "rotationX": 0.0, "rotationY": 0.0, "rotationZ": 0.0 },
						"Cube11": { "rotationX": 0.0, "rotationY": 0.0, "rotationZ": 0.0 },
						"Cube12": { "rotationX": 22.5, "rotationY": 22.5, "rotationZ": 0.0 }
					}
				},
				{
					"frame": 8,
					"elements": {
						"Cube10": { "rotationX": 0.0, "rotationY": 0.0, "rotationZ": 0.0 },
						"Cube11": { "rotationX": 0.0, "rotationY": 0.0, "rotationZ": 0.0 }
					}
				},
				{
					"frame": 10,
					"elements": {
						"Cube10": { "rotationX": 0.0, "rotationY": 0.0, "rotationZ": 0.0 },
						"Cube11": { "rotationX": 0.0, "rotationY": 0.0, "rotationZ": 22.5 }
					}
				},
				{
					"frame": 20,
					"elements": {
						"Cube10": { "rotationX": 0.0, "rotationY": 0.0, "rotationZ": 0.0 },
						"Cube11": { "rotationX": 0.0, "rotationY": 0.0, "rotationZ": 0.0 }
					}
				}
			]
		}
	]
}