{
	"editor": {
		"allAngles": false,
		"entityTextureMode": false
	},
	"textureWidth": 16,
	"textureHeight": 16,
	"textureSizes": {
	},
	"textures": {
	},
	"elements": [
		{
			"name": "Cube1",
			"from": [ 0.0, 0.0, 0.0 ], 
			"to": [ 8.0, 4.0, 6.0 ], 
			"faces": {
				"north": { "texture": "#h1", "uv": [ 0.0, 0.0, 8.0, 4.0 ], "glow": 100 },
				"east": { "texture": "#h1", "uv": [ 0.0, 0.0, 6.0, 4.0 ], "glow": 100 },
				"south": { "texture": "#h1", "uv": [ 0.0, 0.0, 8.0, 4.0 ], "glow": 100 },
				"west": { "texture": "#h1", "uv": [ 0.0, 0.0, 6.0, 4.0 ], "glow": 100 },
				"up": { "texture": "#h1", "uv": [ 0.0, 0.0, 8.0, 6.0 ], "glow": 100 },
				"down": { "texture": "#h1", "uv": [ 0.0, 0.0, 8.0, 6.0 ], "glow": 100 }
			},
			"children": [
				{
					"name": "Cube2",
					"from": [ 6.0, 0.0, 0.0 ], 
					"to": [ 14.0, 4.0, 6.0 ], 
					"rotationOrigin": [ 6.0, 0.0, 4.0 ],
					"faces": {
						"north": { "texture": "#h1", "uv": [ 0.0, 0.0, 8.0, 4.0 ], "glow": 100 },
						"east": { "texture": "#h1", "uv": [ 0.0, 0.0, 6.0, 4.0 ], "glow": 100 },
						"south": { "texture": "#h1", "uv": [ 0.0, 0.0, 8.0, 4.0 ], "glow": 100 },
						"west": { "texture": "#h1", "uv": [ 0.0, 0.0, 6.0, 4.0 ], "glow": 100 },
						"up": { "texture": "#h1", "uv": [ 0.0, 0.0, 8.0, 6.0 ], "glow": 100 },
						"down": { "texture": "#h1", "uv": [ 0.0, 0.0, 8.0, 6.0 ], "glow": 100 }
					},
					"children": [
						{
							"name": "Cube3",
							"from": [ 8.0, 1.0, 2.0 ], 
							"to": [ 11.0, 3.0, 4.0 ], 
							"rotationOrigin": [ 8.0, 1.0, 2.0 ],
							"faces": {
								"north": { "texture": "#h1", "uv": [ 0.0, 0.0, 3.0, 2.0 ], "glow": 100 },
								"east": { "texture": "#h1", "uv": [ 0.0, 0.0, 2.0, 2.0 ], "glow": 100 },
								"south": { "texture": "#h1", "uv": [ 0.0, 0.0, 3.0, 2.0 ], "glow": 100 },
								"west": { "texture": "#h1", "uv": [ 0.0, 0.0, 2.0, 2.0 ], "glow": 100 },
								"up": { "texture": "#h1", "uv": [ 0.0, 0.0, 3.0, 2.0 ], "glow": 100 },
								"down": { "texture": "#h1", "uv": [ 0.0, 0.0, 3.0, 2.0 ], "glow": 100 }
							},
							"children": [
								{
									"name": "Cube4",
									"from": [ 1.0, -1.0, 0.0 ], 
									"to": [ 3.0, 3.0, 2.0 ], 
									"rotationOrigin": [ 1.0, -1.0, 0.0 ],
									"faces": {
										"north": { "texture": "#h1", "uv": [ 0.0, 0.0, 2.0, 4.0 ], "glow": 100 },
										"east": { "texture": "#h1", "uv": [ 0.0, 0.0, 2.0, 4.0 ], "glow": 100 },
										"south": { "texture": "#h1", "uv": [ 0.0, 0.0, 2.0, 4.0 ], "glow": 100 },
										"west": { "texture": "#h1", "uv": [ 0.0, 0.0, 2.0, 4.0 ], "glow": 100 },
										"up": { "texture": "#h1", "uv": [ 0.0, 0.0, 2.0, 2.0 ], "glow": 100 },
										"down": { "texture": "#h1", "uv": [ 0.0, 0.0, 2.0, 2.0 ], "glow": 100 }
									}
								}
							]
						}
					]
				}
			]
		}
	],
	"animations": [
		{
			"name": "Run",
			"code": "run",
			"quantityframes": 28,
			"onActivityStopped": "Stop",
			"onAnimationEnd": "Repeat",
			"keyframes": [
				{
					"frame": 11,
					"elements": {
						"Cube1": {  },
						"Cube2": { "rotationX": 0.0, "rotationY": -22.5, "rotationZ": 0.0 }
					}
				},
				{
					"frame": 23,
					"elements": {
						"Cube1": {  },
						"Cube2": { "rotationX": 0.0, "rotationY": 22.5, "rotationZ": 0.0 }
					}
				}
			]
		},

		{
			"name": "Hurt",
			"code": "hurt",
			"quantityframes": 20,
			"onActivityStopped": "EaseOut",
			"onAnimationEnd": "Stop",
			"keyframes": [
				{
					"frame": 8,
					"elements": {
						"Cube1": { "offsetX": 0.0, "offsetY": 2.0, "offsetZ": 0.0 }
					}
				},
				{
					"frame": 2,
					"elements": {
						"Cube1": { "offsetX": 0.0, "offsetY": -2.0, "offsetZ": 0.0 }
					}
				}
			]
		},

		{
			"name": "DIe",
			"code": "die",
			"quantityframes": 30,
			"onActivityStopped": "PlayTillEnd",
			"onAnimationEnd": "Hold",
			"keyframes": [
				{
					"frame": 0,
					"elements": {
						"Cube1": { "rotationX": 45.0, "rotationY": 0.0, "rotationZ": 0.0 }
					}
				},
				{
					"frame": 1,
					"elements": {
						"Cube1": { "rotationX": 22.5, "rotationY": 0.0, "rotationZ": 0.0 }
					}
				}
			]
		},

		{
			"name": "Think",
			"code": "think",
			"quantityframes": 40,
			"onActivityStopped": "Rewind",
			"onAnimationEnd": "Repeat",
			"keyframes": [

			]
		}
	]
}