{
	"editor": {
		"allAngles": false,
		"entityTextureMode": false
	},
	"textureWidth": 16,
	"textureHeight": 16,
	"textureSizes": {
	},
	"textures": {
		"lachs01": "omniummod:entity/lachs/lachs01"
	},
	"elements": [
		{
			"name": "Cube1",
			"from": [ 2.0, 0.0, 0.0 ], 
			"to": [ 8.0, 5.0, 5.0 ], 
			"rotationOrigin": [ 2.0, 0.0, 0.0 ],
			"faces": {
				"north": { "texture": "#lachs01", "uv": [ 0.0, 0.0, 6.0, 5.0 ] },
				"east": { "texture": "#lachs01", "uv": [ 0.0, 0.0, 5.0, 5.0 ] },
				"south": { "texture": "#lachs01", "uv": [ 0.0, 0.0, 6.0, 5.0 ] },
				"west": { "texture": "#lachs01", "uv": [ 0.0, 0.0, 5.0, 5.0 ] },
				"up": { "texture": "#lachs01", "uv": [ 0.0, 0.0, 6.0, 5.0 ] },
				"down": { "texture": "#lachs01", "uv": [ 0.0, 0.0, 6.0, 5.0 ] }
			},
			"children": [
				{
					"name": "Cube2",
					"from": [ 4.0, 0.0, 0.5 ], 
					"to": [ 12.0, 5.0, 4.5 ], 
					"rotationOrigin": [ 4.0, 0.0, 4.0 ],
					"faces": {
						"north": { "texture": "#lachs01", "uv": [ 0.0, 0.0, 8.0, 5.0 ] },
						"east": { "texture": "#lachs01", "uv": [ 0.0, 0.0, 4.0, 5.0 ] },
						"south": { "texture": "#lachs01", "uv": [ 0.0, 0.0, 8.0, 5.0 ] },
						"west": { "texture": "#lachs01", "uv": [ 0.0, 0.0, 4.0, 5.0 ] },
						"up": { "texture": "#lachs01", "uv": [ 0.0, 0.0, 8.0, 4.0 ] },
						"down": { "texture": "#lachs01", "uv": [ 0.0, 0.0, 8.0, 4.0 ] }
					},
					"children": [
						{
							"name": "Cube3",
							"from": [ 8.0, 1.0, 1.5 ], 
							"to": [ 11.0, 3.0, 2.5 ], 
							"rotationOrigin": [ 8.0, 1.0, 2.0 ],
							"faces": {
								"north": { "texture": "#lachs01", "uv": [ 0.0, 0.0, 3.0, 2.0 ] },
								"east": { "texture": "#lachs01", "uv": [ 0.0, 0.0, 1.0, 2.0 ] },
								"south": { "texture": "#lachs01", "uv": [ 0.0, 0.0, 3.0, 2.0 ] },
								"west": { "texture": "#lachs01", "uv": [ 0.0, 0.0, 1.0, 2.0 ] },
								"up": { "texture": "#lachs01", "uv": [ 0.0, 0.0, 3.0, 1.0 ] },
								"down": { "texture": "#lachs01", "uv": [ 0.0, 0.0, 3.0, 1.0 ] }
							},
							"children": [
								{
									"name": "Cube4",
									"from": [ 1.0, -1.0, 0.0 ], 
									"to": [ 3.0, 4.0, 1.0 ], 
									"rotationOrigin": [ 1.0, -1.0, 0.0 ],
									"faces": {
										"north": { "texture": "#lachs01", "uv": [ 0.0, 0.0, 2.0, 5.0 ] },
										"east": { "texture": "#lachs01", "uv": [ 0.0, 0.0, 1.0, 5.0 ] },
										"south": { "texture": "#lachs01", "uv": [ 0.0, 0.0, 2.0, 5.0 ] },
										"west": { "texture": "#lachs01", "uv": [ 0.0, 0.0, 1.0, 5.0 ] },
										"up": { "texture": "#lachs01", "uv": [ 0.0, 0.0, 2.0, 1.0 ] },
										"down": { "texture": "#lachs01", "uv": [ 0.0, 0.0, 2.0, 1.0 ] }
									}
								}
							]
						},
						{
							"name": "Cube7",
							"from": [ 6.0, 5.0, 1.75 ], 
							"to": [ 7.0, 6.0, 2.25 ], 
							"rotationOrigin": [ 6.0, 5.0, 0.0 ],
							"faces": {
								"north": { "texture": "#lachs01", "uv": [ 0.0, 0.0, 1.0, 1.0 ] },
								"east": { "texture": "#lachs01", "uv": [ 0.0, 0.0, 0.5, 1.0 ] },
								"south": { "texture": "#lachs01", "uv": [ 0.0, 0.0, 1.0, 1.0 ] },
								"west": { "texture": "#lachs01", "uv": [ 0.0, 0.0, 0.5, 1.0 ] },
								"up": { "texture": "#lachs01", "uv": [ 0.0, 0.0, 1.0, 0.5 ] },
								"down": { "texture": "#lachs01", "uv": [ 0.0, 0.0, 1.0, 0.5 ] }
							}
						}
					]
				},
				{
					"name": "Cube5",
					"from": [ -2.0, 0.5, 0.5 ], 
					"to": [ 0.0, 4.5, 4.5 ], 
					"rotationOrigin": [ -2.0, 0.0, 1.0 ],
					"faces": {
						"north": { "texture": "#lachs01", "uv": [ 0.0, 0.0, 2.0, 4.0 ] },
						"east": { "texture": "#lachs01", "uv": [ 0.0, 0.0, 4.0, 4.0 ] },
						"south": { "texture": "#lachs01", "uv": [ 0.0, 0.0, 2.0, 4.0 ] },
						"west": { "texture": "#lachs01", "uv": [ 0.0, 0.0, 4.0, 4.0 ] },
						"up": { "texture": "#lachs01", "uv": [ 0.0, 0.0, 2.0, 4.0 ] },
						"down": { "texture": "#lachs01", "uv": [ 0.0, 0.0, 2.0, 4.0 ] }
					},
					"children": [
						{
							"name": "Cube8",
							"from": [ 0.5, 2.0, -0.2 ], 
							"to": [ 1.0, 2.5, 0.0 ], 
							"rotationOrigin": [ 1.0, 2.0, 0.0 ],
							"faces": {
								"north": { "texture": "#lachs01", "uv": [ 15.0, 15.0, 15.5, 15.5 ], "rotation": 90 },
								"east": { "texture": "#lachs01", "uv": [ 14.5, 14.5, 15.0, 15.0 ] },
								"south": { "texture": "#lachs01", "uv": [ 14.5, 14.5, 15.0, 15.0 ] },
								"west": { "texture": "#lachs01", "uv": [ 14.5, 14.5, 15.0, 15.0 ] },
								"up": { "texture": "#lachs01", "uv": [ 14.5, 14.5, 15.0, 15.0 ] },
								"down": { "texture": "#lachs01", "uv": [ 14.5, 15.0, 15.0, 15.5 ] }
							}
						},
						{
							"name": "Cube9",
							"from": [ 0.5, 2.0, 4.0 ], 
							"to": [ 1.0, 2.5, 4.2 ], 
							"rotationOrigin": [ 1.0, 2.0, 5.0 ],
							"faces": {
								"north": { "texture": "#lachs01", "uv": [ 15.0, 14.5, 15.5, 15.0 ] },
								"east": { "texture": "#lachs01", "uv": [ 15.0, 14.5, 15.5, 15.0 ] },
								"south": { "texture": "#lachs01", "uv": [ 15.0, 14.5, 15.5, 15.0 ] },
								"west": { "texture": "#lachs01", "uv": [ 14.5, 14.5, 15.0, 15.0 ] },
								"up": { "texture": "#lachs01", "uv": [ 14.0, 15.0, 14.5, 15.5 ] },
								"down": { "texture": "#lachs01", "uv": [ 14.5, 14.5, 15.0, 15.0 ] }
							}
						}
					]
				},
				{
					"name": "Cube6",
					"from": [ 3.0, 5.0, 2.25 ], 
					"to": [ 5.0, 6.0, 2.75 ], 
					"rotationOrigin": [ 3.0, 5.0, 2.0 ],
					"faces": {
						"north": { "texture": "#lachs01", "uv": [ 0.0, 0.0, 2.0, 1.0 ] },
						"east": { "texture": "#lachs01", "uv": [ 0.0, 0.0, 0.5, 1.0 ] },
						"south": { "texture": "#lachs01", "uv": [ 0.0, 0.0, 2.0, 1.0 ] },
						"west": { "texture": "#lachs01", "uv": [ 0.0, 0.0, 0.5, 1.0 ] },
						"up": { "texture": "#lachs01", "uv": [ 0.0, 0.0, 2.0, 0.5 ] },
						"down": { "texture": "#lachs01", "uv": [ 0.0, 0.0, 2.0, 0.5 ] }
					}
				}
			]
		}
	],
	"animations": [
		{
			"name": "Run",
			"code": "run",
			"quantityframes": 28,
			"onActivityStopped": "Stop",
			"onAnimationEnd": "Repeat",
			"keyframes": [
				{
					"frame": 11,
					"elements": {
						"Cube1": {  },
						"Cube2": { "rotationX": 0.0, "rotationY": -22.5, "rotationZ": 0.0 }
					}
				},
				{
					"frame": 16,
					"elements": {
						"Cube1": {  },
						"Cube2": {  },
						"Cube3": { "rotationX": 0.0, "rotationY": -45.0, "rotationZ": 0.0 }
					}
				},
				{
					"frame": 23,
					"elements": {
						"Cube1": {  },
						"Cube2": { "rotationX": 0.0, "rotationY": 22.5, "rotationZ": 0.0 }
					}
				},
				{
					"frame": 25,
					"elements": {
						"Cube1": {  },
						"Cube2": {  },
						"Cube3": { "rotationX": 0.0, "rotationY": 45.0, "rotationZ": 0.0 }
					}
				}
			]
		},

		{
			"name": "Hurt",
			"code": "hurt",
			"quantityframes": 20,
			"onActivityStopped": "EaseOut",
			"onAnimationEnd": "Stop",
			"keyframes": [
				{
					"frame": 6,
					"elements": {

					}
				},
				{
					"frame": 8,
					"elements": {
						"Cube1": { "offsetX": 0.0, "offsetY": -1.0, "offsetZ": 0.0 }
					}
				},
				{
					"frame": 2,
					"elements": {
						"Cube1": { "offsetX": 0.0, "offsetY": 0.0, "offsetZ": 0.0 }
					}
				},
				{
					"frame": 18,
					"elements": {

					}
				}
			]
		},

		{
			"name": "DIe",
			"code": "die",
			"quantityframes": 30,
			"onActivityStopped": "PlayTillEnd",
			"onAnimationEnd": "Hold",
			"keyframes": [
				{
					"frame": 0,
					"elements": {
						"Cube1": { "rotationX": 45.0, "rotationY": 0.0, "rotationZ": 0.0 }
					}
				},
				{
					"frame": 1,
					"elements": {
						"Cube1": { "rotationX": 22.5, "rotationY": 0.0, "rotationZ": 0.0 }
					}
				}
			]
		},

		{
			"name": "Think",
			"code": "think",
			"quantityframes": 40,
			"onActivityStopped": "Rewind",
			"onAnimationEnd": "Repeat",
			"keyframes": [

			]
		}
	]
}